design_id,binder_chain,target_chains,binder_has_side_chains,target_has_side_chains,n_binder_residues,n_target_residues,n_atom_contacts,n_epitope_residues,n_paratope_residues,min_interface_distance,n_clashes,bsa_total,bsa_binder,bsa_hydrophobic_fraction,n_hbonds,n_salt_bridges,interface_hydrophobic_fraction,interface_charged_fraction,binder_sasa_alone,binder_exposed_hydrophobic_sasa,radius_of_gyration,contact_density,notes,full_name,n_atoms,error
mythos_preview_multi_target_bbf14_rank01,Axp,Bxp,False,True,80,110,117,19,14,3.3554138343876447,0,991.6064317667295,523.692923211184,0.7897273479817255,,,0.45132743362831856,0.2831858407079646,3998.3827451305524,1563.691259872242,11.180740081370029,1.4625,"hbonds/salt bridges NOT COMPUTABLE: binder_side_chains=False, target_side_chains=True",mythos_preview_multi_target_bbf14_rank01,1241,
mythos_preview_multi_target_bbf14_rank02,Axp,Bxp,False,True,80,110,104,16,16,3.369175270003031,0,1046.2869173121426,539.0941304451577,0.7088126442822913,,,0.4187192118226601,0.270935960591133,3824.507734692919,1782.953009626371,12.732111793646382,1.3,"hbonds/salt bridges NOT COMPUTABLE: binder_side_chains=False, target_side_chains=True",mythos_preview_multi_target_bbf14_rank02,1244,
mythos_preview_multi_target_bbf14_rank03,Axp,Bxp,False,True,80,110,117,16,15,3.4646643416065572,0,1001.7393656889137,513.067851970266,0.84991908520316,,,0.5097087378640777,0.2669902912621359,4005.2169931073695,1641.5939065854445,11.136069458085728,1.4625,"hbonds/salt bridges NOT COMPUTABLE: binder_side_chains=False, target_side_chains=True",mythos_preview_multi_target_bbf14_rank03,1241,
mythos_preview_multi_target_bbf14_rank04,Axp,Bxp,False,True,90,110,130,16,16,3.3932415180767785,0,995.4269225927602,499.1358037111944,0.4543941706240822,,,0.3786407766990291,0.28640776699029125,5133.231801325021,2397.0015386703226,12.202728960360192,1.4444444444444444,"hbonds/salt bridges NOT COMPUTABLE: binder_side_chains=False, target_side_chains=True",mythos_preview_multi_target_bbf14_rank04,1297,
mythos_preview_multi_target_bbf14_rank05,Axp,Bxp,False,True,80,110,108,14,15,3.4509714574305015,0,1031.929251544002,523.5468664709892,0.684685931341767,,,0.4419889502762431,0.20994475138121546,3840.458269891021,1656.380030955141,12.751792412176284,1.35,"hbonds/salt bridges NOT COMPUTABLE: binder_side_chains=False, target_side_chains=True",mythos_preview_multi_target_bbf14_rank05,1244,
mythos_preview_multi_target_bbf14_rank06,Axp,Bxp,False,True,90,110,108,12,17,3.339724090400283,0,1024.2694749724133,482.35370259678604,0.7209217695474756,,,0.5449101796407185,0.11976047904191617,5020.388443073183,2480.1668448058344,14.413884079983104,1.2,"hbonds/salt bridges NOT COMPUTABLE: binder_side_chains=False, target_side_chains=True",mythos_preview_multi_target_bbf14_rank06,1297,
mythos_preview_multi_target_bbf14_rank07,Axp,Bxp,False,True,80,110,89,17,17,3.008479516300552,0,1079.8836145362761,564.6540326610749,0.6680788506922548,,,0.41545893719806765,0.22705314009661837,4833.375606317502,2483.8225249494376,12.115188763331899,1.1125,"hbonds/salt bridges NOT COMPUTABLE: binder_side_chains=False, target_side_chains=True",mythos_preview_multi_target_bbf14_rank07,1248,
mythos_preview_multi_target_bbf14_rank08,Axp,Bxp,False,True,105,110,145,14,14,2.7204334213503554,0,928.7061466114797,466.31049041540365,0.8582905538020315,,,0.6666666666666666,0.21264367816091953,5449.769730391215,3054.978315811791,12.72425040024936,1.380952380952381,"hbonds/salt bridges NOT COMPUTABLE: binder_side_chains=False, target_side_chains=True",mythos_preview_multi_target_bbf14_rank08,1365,
mythos_preview_multi_target_bbf14_rank09,Axp,Bxp,False,True,80,110,89,17,17,3.008479516300552,0,1079.8836145362761,564.6540326610749,0.6680788506922548,,,0.41545893719806765,0.2028985507246377,4833.375606317502,2300.8468123219,12.115188763331899,1.1125,"hbonds/salt bridges NOT COMPUTABLE: binder_side_chains=False, target_side_chains=True",mythos_preview_multi_target_bbf14_rank09,1248,
mythos_preview_multi_target_bbf14_rank10,Axp,Bxp,False,True,117,110,204,16,19,2.675657676161134,0,1181.5983315630222,610.4647640539183,0.604200358164248,,,0.4608294930875576,0.15207373271889402,6443.391603118011,2625.141442922595,13.321269125401706,1.7435897435897436,"hbonds/salt bridges NOT COMPUTABLE: binder_side_chains=False, target_side_chains=True",mythos_preview_multi_target_bbf14_rank10,1421,
mythos_preview_multi_target_bbf14_rank11,Axp,Bxp,False,True,72,110,150,16,18,2.995080466364801,0,1021.0929696630732,511.9632816523624,0.6943068476157455,,,0.38497652582159625,0.2676056338028169,4116.243322463863,2674.196538026096,10.637855953084145,2.0833333333333335,"hbonds/salt bridges NOT COMPUTABLE: binder_side_chains=False, target_side_chains=True",mythos_preview_multi_target_bbf14_rank11,1203,
mythos_preview_multi_target_bbf14_rank12,Axp,Bxp,False,True,70,110,128,17,20,2.9591441330222485,0,1017.2634911502337,499.3688689087953,0.7307088559447219,,,0.4497816593886463,0.26200873362445415,4340.6063084143,2265.671997494179,16.119058232483304,1.8285714285714285,"hbonds/salt bridges NOT COMPUTABLE: binder_side_chains=False, target_side_chains=True",mythos_preview_multi_target_bbf14_rank12,1199,
mythos_preview_multi_target_bbf14_rank13,Axp,Bxp,False,True,72,110,149,15,17,2.8148920050332302,0,1046.5215669651689,534.378968667779,0.7501398745199861,,,0.43283582089552236,0.23383084577114427,4087.164535975758,2730.331116560772,10.633715495117352,2.0694444444444446,"hbonds/salt bridges NOT COMPUTABLE: binder_side_chains=False, target_side_chains=True",mythos_preview_multi_target_bbf14_rank13,1202,
mythos_preview_multi_target_bbf14_rank14,Axp,Bxp,False,True,66,110,63,16,14,3.013172912396499,0,849.5333813066275,430.6111935237149,0.6257017076347555,,,0.3736842105263158,0.21578947368421053,4074.649632844524,1910.817073605439,10.95516508609707,0.9545454545454546,"hbonds/salt bridges NOT COMPUTABLE: binder_side_chains=False, target_side_chains=True",mythos_preview_multi_target_bbf14_rank14,1174,
mythos_preview_multi_target_bbf14_rank15,Axp,Bxp,False,True,89,110,137,18,19,3.1665056450289173,0,1152.633257069879,581.1770889725469,0.6774025960595991,,,0.4872881355932203,0.17372881355932204,5235.56553503641,2690.3813540815645,12.685619897141287,1.5393258426966292,"hbonds/salt bridges NOT COMPUTABLE: binder_side_chains=False, target_side_chains=True",mythos_preview_multi_target_bbf14_rank15,1289,
mythos_preview_multi_target_bbf14_rank16,Axp,Bxp,False,True,66,110,60,15,14,3.0414379822708857,0,814.230007043882,414.3341239170189,0.6955908679024073,,,0.4175824175824176,0.22527472527472528,4068.332518336685,2012.4665547777781,10.933657101696436,0.9090909090909091,"hbonds/salt bridges NOT COMPUTABLE: binder_side_chains=False, target_side_chains=True",mythos_preview_multi_target_bbf14_rank16,1174,
mythos_preview_multi_target_bbf14_rank17,Axp,Bxp,False,True,90,110,98,14,14,3.314398587979424,0,827.0955938698478,405.0411425976169,0.09765883901092813,,,0.2542372881355932,0.3559322033898305,5113.503309733598,1782.0862305541473,12.173721715196749,1.0888888888888888,"hbonds/salt bridges NOT COMPUTABLE: binder_side_chains=False, target_side_chains=True",mythos_preview_multi_target_bbf14_rank17,1295,
mythos_preview_multi_target_bbf14_rank18,Axp,Bxp,False,True,70,110,157,19,21,2.9261879638874877,0,1153.5136132860057,579.4444733058951,0.7312499062983272,,,0.46122448979591835,0.24489795918367346,4356.810301844054,2801.613498734164,16.133371157227405,2.242857142857143,"hbonds/salt bridges NOT COMPUTABLE: binder_side_chains=False, target_side_chains=True",mythos_preview_multi_target_bbf14_rank18,1199,
mythos_preview_multi_target_bbf14_rank19,Axp,Bxp,False,True,90,110,139,13,17,3.3227908450578107,0,1029.578711920586,508.1911167168031,0.44380009213198796,,,0.43243243243243246,0.23243243243243245,5046.05010557288,2489.2766029780396,14.429744090197708,1.5444444444444445,"hbonds/salt bridges NOT COMPUTABLE: binder_side_chains=False, target_side_chains=True",mythos_preview_multi_target_bbf14_rank19,1296,
mythos_preview_multi_target_bbf14_rank20,Axp,Bxp,False,True,117,110,121,15,17,2.6947836647864705,0,1005.9316708350457,524.008270818112,0.5118611367063111,,,0.38,0.19,6416.944433182129,2917.681278412858,13.281608776669504,1.0341880341880343,"hbonds/salt bridges NOT COMPUTABLE: binder_side_chains=False, target_side_chains=True",mythos_preview_multi_target_bbf14_rank20,1420,
mythos_preview_multi_target_bbf14_rank21,Axp,Bxp,False,True,90,110,55,8,6,3.1593053033855405,0,548.0475192578052,275.5902738283197,0.8017059111140958,,,0.5161290322580645,0.17204301075268819,5389.225953885421,2893.3399043735785,12.443116587038265,0.6111111111111112,"hbonds/salt bridges NOT COMPUTABLE: binder_side_chains=False, target_side_chains=True",mythos_preview_multi_target_bbf14_rank21,1297,
mythos_preview_multi_target_bbf14_rank22,Axp,Bxp,False,True,89,110,102,16,17,3.1331650132094864,0,967.6680557694137,494.1229145639446,0.5602786404273759,,,0.40865384615384615,0.23557692307692307,5287.5455894913885,2853.8032886465153,12.736557596549593,1.146067415730337,"hbonds/salt bridges NOT COMPUTABLE: binder_side_chains=False, target_side_chains=True",mythos_preview_multi_target_bbf14_rank22,1288,
mythos_preview_multi_target_bbf14_rank23,Axp,Bxp,False,True,105,110,140,14,17,2.8204260316484104,0,984.7870039117794,501.75175327744466,0.8353268651001657,,,0.6368421052631579,0.22105263157894736,5556.246104766613,2731.6371722405593,12.862931087165478,1.3333333333333333,"hbonds/salt bridges NOT COMPUTABLE: binder_side_chains=False, target_side_chains=True",mythos_preview_multi_target_bbf14_rank23,1364,
mythos_preview_multi_target_bbf14_rank24,Axp,Bxp,False,True,80,110,152,15,18,3.179103489979526,0,972.5754693580939,474.86525209760606,0.2621912994754281,,,0.305,0.185,3973.023017003063,1565.681786636655,10.922599967274536,1.9,"hbonds/salt bridges NOT COMPUTABLE: binder_side_chains=False, target_side_chains=True",mythos_preview_multi_target_bbf14_rank24,1231,
mythos_preview_multi_target_bbf14_rank25,Axp,Bxp,False,True,80,110,152,15,18,3.179103489979526,0,972.575469358094,474.8652520976061,0.262191299475428,,,0.305,0.185,3992.8652205894473,1604.0248976555215,10.92884653868384,1.9,"hbonds/salt bridges NOT COMPUTABLE: binder_side_chains=False, target_side_chains=True",mythos_preview_multi_target_bbf14_rank25,1230,
mythos_preview_multi_target_bbf14_rank26,Axp,Bxp,False,True,90,110,33,8,7,3.730345426364695,0,506.9060687305,257.78130900733936,0.7726371463915375,,,0.45454545454545453,0.16161616161616163,5417.532345671896,2292.604557154139,12.46348732505344,0.36666666666666664,"hbonds/salt bridges NOT COMPUTABLE: binder_side_chains=False, target_side_chains=True",mythos_preview_multi_target_bbf14_rank26,1297,
mythos_preview_multi_target_bbf14_rank27,Axp,Bxp,False,True,69,110,185,14,18,2.7657921107704384,0,1133.7513290849097,567.8046130014736,0.6025599319350375,,,0.6119402985074627,0.25870646766169153,4582.505159170431,2058.725441192205,14.72799609957382,2.681159420289855,"hbonds/salt bridges NOT COMPUTABLE: binder_side_chains=False, target_side_chains=True",mythos_preview_multi_target_bbf14_rank27,1192,
mythos_preview_multi_target_bbf14_rank28,Axp,Bxp,False,True,93,110,178,19,13,2.770019675020378,0,1099.7553764118006,583.0789955059317,0.5074477915972364,,,0.42452830188679247,0.2169811320754717,5224.354611401992,2174.5714927250483,12.912184281889026,1.913978494623656,"hbonds/salt bridges NOT COMPUTABLE: binder_side_chains=False, target_side_chains=True",mythos_preview_multi_target_bbf14_rank28,1303,
mythos_preview_multi_target_bbf14_rank29,Axp,Bxp,False,True,93,110,178,19,13,2.770019675020378,0,1099.7553764118006,583.0789955059317,0.5610106513415632,,,0.4481132075471698,0.2169811320754717,5231.609750839798,2690.3876372668715,12.90130540524358,1.913978494623656,"hbonds/salt bridges NOT COMPUTABLE: binder_side_chains=False, target_side_chains=True",mythos_preview_multi_target_bbf14_rank29,1304,
mythos_preview_multi_target_bbf14_rank30,Axp,Bxp,False,True,80,110,52,7,12,3.4753747999316555,0,607.8073591237392,290.9322142339285,0.5593343473781894,,,0.6756756756756757,0.27927927927927926,5004.296058137223,2953.3714920040484,13.043795509242377,0.65,"hbonds/salt bridges NOT COMPUTABLE: binder_side_chains=False, target_side_chains=True",mythos_preview_multi_target_bbf14_rank30,1246,
mythos_preview_multi_target_bhrf1_rank01,Axp,Bxp,False,True,115,157,215,18,22,2.832461297176009,0,1379.2263093950162,687.190010136048,0.7236602956673314,,,0.45627376425855515,0.3612167300380228,4778.60741570066,1726.251264344934,14.850821475175433,1.8695652173913044,"hbonds/salt bridges NOT COMPUTABLE: binder_side_chains=False, target_side_chains=True",mythos_preview_multi_target_bhrf1_rank01,1821,
mythos_preview_multi_target_bhrf1_rank02,Axp,Bxp,False,True,115,157,242,18,24,2.736824071802936,0,1406.2163738596355,705.0470823019239,0.7262928902165636,,,0.47619047619047616,0.34798534798534797,4859.28057833867,1658.288302628424,14.78369700994391,2.1043478260869564,"hbonds/salt bridges NOT COMPUTABLE: binder_side_chains=False, target_side_chains=True",mythos_preview_multi_target_bhrf1_rank02,1821,
mythos_preview_multi_target_bhrf1_rank03,Axp,Bxp,False,True,88,157,237,16,24,2.933469788492802,0,1451.213979119139,719.7329898659707,0.5853863948064478,,,0.45634920634920634,0.30158730158730157,4089.628391480279,1705.8994261346456,14.366388687432528,2.6931818181818183,"hbonds/salt bridges NOT COMPUTABLE: binder_side_chains=False, target_side_chains=True",mythos_preview_multi_target_bhrf1_rank03,1693,
mythos_preview_multi_target_bhrf1_rank04,Axp,Bxp,False,True,88,157,224,15,24,2.8871898101787488,0,1413.7182922299303,698.5458021690927,0.5888343594942245,,,0.4315352697095436,0.3360995850622407,4109.638970773797,1477.2430577092218,14.406453610495877,2.5454545454545454,"hbonds/salt bridges NOT COMPUTABLE: binder_side_chains=False, target_side_chains=True",mythos_preview_multi_target_bhrf1_rank04,1693,
mythos_preview_multi_target_bhrf1_rank05,Axp,Bxp,False,True,90,157,208,18,23,2.146417480361171,1,1411.5667110351762,699.0092826991865,0.6157845689800716,,,0.3269230769230769,0.4346153846153846,5003.414581875019,2155.4619905000727,12.875140311074226,2.311111111111111,"hbonds/salt bridges NOT COMPUTABLE: binder_side_chains=False, target_side_chains=True",mythos_preview_multi_target_bhrf1_rank05,1713,
mythos_preview_multi_target_bhrf1_rank06,Axp,Bxp,False,True,105,157,159,21,22,3.4149325029932873,0,1457.7516744085547,744.3681301365573,0.728247059851341,,,0.3819444444444444,0.4131944444444444,5627.390967136367,2484.1973852485035,13.496671677217908,1.5142857142857142,"hbonds/salt bridges NOT COMPUTABLE: binder_side_chains=False, target_side_chains=True",mythos_preview_multi_target_bhrf1_rank06,1789,
mythos_preview_multi_target_bhrf1_rank07,Axp,Bxp,False,True,82,157,219,21,25,3.0425228018866184,0,1506.9676736923132,761.9300018657834,0.6025207188300228,,,0.3779264214046823,0.34782608695652173,4790.878189764513,2030.045568675614,12.252464964181582,2.6707317073170733,"hbonds/salt bridges NOT COMPUTABLE: binder_side_chains=False, target_side_chains=True",mythos_preview_multi_target_bhrf1_rank07,1671,
mythos_preview_multi_target_bhrf1_rank08,Axp,Bxp,False,True,111,157,230,18,24,2.814062188367557,0,1534.8180564755687,761.1770577204074,0.6705296893186399,,,0.3694029850746269,0.3619402985074627,6388.677010803658,2658.2842346446787,14.438728218194681,2.0720720720720722,"hbonds/salt bridges NOT COMPUTABLE: binder_side_chains=False, target_side_chains=True",mythos_preview_multi_target_bhrf1_rank08,1819,
mythos_preview_multi_target_bhrf1_rank09,Axp,Bxp,False,True,86,157,275,16,26,2.5331920574642566,0,1548.148735605251,765.3008488284945,0.546379111401042,,,0.3590733590733591,0.47104247104247104,4374.695907866683,1453.9589798479592,13.626454761696792,3.197674418604651,"hbonds/salt bridges NOT COMPUTABLE: binder_side_chains=False, target_side_chains=True",mythos_preview_multi_target_bhrf1_rank09,1690,
mythos_preview_multi_target_bhrf1_rank10,Axp,Bxp,False,True,90,157,208,18,23,2.146417480361171,1,1411.5667110351762,699.0092826991865,0.5717058951808058,,,0.3076923076923077,0.4346153846153846,5003.414581875019,1993.048165699462,12.875140311074226,2.311111111111111,"hbonds/salt bridges NOT COMPUTABLE: binder_side_chains=False, target_side_chains=True",mythos_preview_multi_target_bhrf1_rank10,1713,
mythos_preview_multi_target_bhrf1_rank11,Axp,Bxp,False,True,111,157,231,21,25,3.5127991687541704,0,1589.8905581477557,808.9565569337631,0.6323955157928933,,,0.32441471571906355,0.45819397993311034,6384.378287621161,2557.5367183822837,14.619013593434142,2.081081081081081,"hbonds/salt bridges NOT COMPUTABLE: binder_side_chains=False, target_side_chains=True",mythos_preview_multi_target_bhrf1_rank11,1818,
mythos_preview_multi_target_bhrf1_rank12,Axp,Bxp,False,True,86,157,275,16,26,2.5331920574642566,0,1548.148735605251,765.3008488284945,0.5284535679513962,,,0.33976833976833976,0.47104247104247104,4391.316189641235,1448.4410591929968,13.635513159399794,3.197674418604651,"hbonds/salt bridges NOT COMPUTABLE: binder_side_chains=False, target_side_chains=True",mythos_preview_multi_target_bhrf1_rank12,1689,
mythos_preview_multi_target_bhrf1_rank13,Axp,Bxp,False,True,72,157,246,17,25,2.68080827363689,0,1482.5372559899527,753.2679616240102,0.6287394143150866,,,0.3888888888888889,0.3925925925925926,3278.00777763537,1082.5560581338968,11.481249234109804,3.4166666666666665,"hbonds/salt bridges NOT COMPUTABLE: binder_side_chains=False, target_side_chains=True",mythos_preview_multi_target_bhrf1_rank13,1617,
mythos_preview_multi_target_bhrf1_rank14,Axp,Bxp,False,True,90,157,241,15,25,2.884337185559275,0,1239.5749214841874,613.5729738707889,0.5381221282712183,,,0.3904382470119522,0.47808764940239046,4093.688189711923,1564.5265820406346,12.011970198918364,2.6777777777777776,"hbonds/salt bridges NOT COMPUTABLE: binder_side_chains=False, target_side_chains=True",mythos_preview_multi_target_bhrf1_rank14,1705,
mythos_preview_multi_target_bhrf1_rank15,Axp,Bxp,False,True,72,157,225,20,25,2.449848362654309,0,1499.261005435595,759.1789091790349,0.642950961808427,,,0.38380281690140844,0.397887323943662,3926.683528248424,1455.7729627643387,12.335483296347283,3.125,"hbonds/salt bridges NOT COMPUTABLE: binder_side_chains=False, target_side_chains=True",mythos_preview_multi_target_bhrf1_rank15,1622,
mythos_preview_multi_target_bhrf1_rank16,Axp,Bxp,False,True,72,157,230,19,26,3.0694406656588114,0,1413.0487368808595,692.385084339009,0.6905320956866108,,,0.44285714285714284,0.31785714285714284,3852.994453897708,2278.1637894307614,12.359338199778636,3.1944444444444446,"hbonds/salt bridges NOT COMPUTABLE: binder_side_chains=False, target_side_chains=True",mythos_preview_multi_target_bhrf1_rank16,1622,
mythos_preview_multi_target_bhrf1_rank17,Axp,Bxp,False,True,82,157,223,22,27,2.3704820184932847,0,1549.3271743278092,777.0951525595862,0.57511830371746,,,0.3867924528301887,0.3553459119496855,4819.081810493919,2078.841687271671,12.33356735512476,2.7195121951219514,"hbonds/salt bridges NOT COMPUTABLE: binder_side_chains=False, target_side_chains=True",mythos_preview_multi_target_bhrf1_rank17,1670,
mythos_preview_multi_target_bhrf1_rank18,Axp,Bxp,False,True,84,157,162,17,20,3.4413269243127718,0,1234.1376031694376,597.2118871492572,0.44886716935204485,,,0.29310344827586204,0.4870689655172414,4957.527810280861,1465.8948601349398,13.815149135524253,1.9285714285714286,"hbonds/salt bridges NOT COMPUTABLE: binder_side_chains=False, target_side_chains=True",mythos_preview_multi_target_bhrf1_rank18,1682,
mythos_preview_multi_target_bhrf1_rank19,Axp,Bxp,False,True,90,157,241,15,25,2.884337185559275,0,1239.5749214841874,613.5729738707889,0.5274646458977635,,,0.3904382470119522,0.4581673306772908,4096.313468442444,2087.405559572569,12.023231973324203,2.6777777777777776,"hbonds/salt bridges NOT COMPUTABLE: binder_side_chains=False, target_side_chains=True",mythos_preview_multi_target_bhrf1_rank19,1704,
mythos_preview_multi_target_bhrf1_rank20,Axp,Bxp,False,True,60,157,214,23,22,3.008433811803078,0,1459.2529869013113,745.9518206523305,0.5643785094225392,,,0.40390879478827363,0.3485342019543974,3537.450552065307,1336.31631977202,10.934763315673134,3.566666666666667,"hbonds/salt bridges NOT COMPUTABLE: binder_side_chains=False, target_side_chains=True",mythos_preview_multi_target_bhrf1_rank20,1562,
mythos_preview_multi_target_bhrf1_rank21,Axp,Bxp,False,True,60,157,214,23,22,3.008433811803078,0,1459.2529869013113,745.9518206523305,0.5643785094225392,,,0.40390879478827363,0.3485342019543974,3537.450552065307,1336.31631977202,10.934763315673134,3.566666666666667,"hbonds/salt bridges NOT COMPUTABLE: binder_side_chains=False, target_side_chains=True",mythos_preview_multi_target_bhrf1_rank21,1562,
mythos_preview_multi_target_bhrf1_rank22,Axp,Bxp,False,True,105,157,250,20,27,1.952458450262131,1,1523.0782388883692,737.6919179293152,0.6519199372159704,,,0.4006514657980456,0.43322475570032576,5845.780993224618,2236.9798317889436,13.638994195706665,2.380952380952381,"hbonds/salt bridges NOT COMPUTABLE: binder_side_chains=False, target_side_chains=True",mythos_preview_multi_target_bhrf1_rank22,1788,
mythos_preview_multi_target_bhrf1_rank23,Axp,Bxp,False,True,84,157,162,17,20,3.4413269243127718,0,1234.1376031694376,597.2118871492572,0.49502403136974127,,,0.3146551724137931,0.4870689655172414,4957.527810280861,1844.465694283826,13.815149135524253,1.9285714285714286,"hbonds/salt bridges NOT COMPUTABLE: binder_side_chains=False, target_side_chains=True",mythos_preview_multi_target_bhrf1_rank23,1682,
mythos_preview_multi_target_bhrf1_rank24,Axp,Bxp,False,True,75,157,133,17,18,3.4026674830197563,0,1190.0177179200516,609.3975103930998,0.6784278694444853,,,0.44017094017094016,0.38461538461538464,4593.201626519176,1730.8053990101687,12.495128567464118,1.7733333333333334,"hbonds/salt bridges NOT COMPUTABLE: binder_side_chains=False, target_side_chains=True",mythos_preview_multi_target_bhrf1_rank24,1639,
mythos_preview_multi_target_bhrf1_rank25,Axp,Bxp,False,True,105,157,250,20,27,1.952458450262131,1,1523.0782388883692,737.6919179293152,0.5504171884704984,,,0.3517915309446254,0.4364820846905538,5845.780993224618,2317.116437719917,13.638994195706665,2.380952380952381,"hbonds/salt bridges NOT COMPUTABLE: binder_side_chains=False, target_side_chains=True",mythos_preview_multi_target_bhrf1_rank25,1788,
mythos_preview_multi_target_bhrf1_rank26,Axp,Bxp,False,True,75,157,132,15,15,3.4154333546418387,0,1120.5653544446716,563.827001565468,0.6488819492513936,,,0.45588235294117646,0.3480392156862745,4443.729114586582,1458.2150183476635,12.384993976433687,1.76,"hbonds/salt bridges NOT COMPUTABLE: binder_side_chains=False, target_side_chains=True",mythos_preview_multi_target_bhrf1_rank26,1638,
mythos_preview_multi_target_bhrf1_rank27,Axp,Bxp,False,True,75,157,174,17,20,2.615305909449217,0,1358.800548143679,673.6576680762025,0.6205799283266912,,,0.43209876543209874,0.35390946502057613,4244.281253107659,1482.69997683031,12.52709243459599,2.32,"hbonds/salt bridges NOT COMPUTABLE: binder_side_chains=False, target_side_chains=True",mythos_preview_multi_target_bhrf1_rank27,1638,
mythos_preview_multi_target_bhrf1_rank28,Axp,Bxp,False,False,82,157,38,5,9,3.542619652178314,0,398.69799384804924,205.31555066901785,0.4998556689248043,,,0.42857142857142855,0.42857142857142855,4449.886595210322,1775.5520183348472,12.024639692153816,0.4634146341463415,"hbonds/salt bridges NOT COMPUTABLE: binder_side_chains=False, target_side_chains=False",mythos_preview_multi_target_bhrf1_rank28,956,
mythos_preview_multi_target_bhrf1_rank29,Axp,Bxp,False,False,84,157,47,7,7,3.029521579391703,0,324.6453416136237,165.0806545087506,0.33823833245144186,,,0.35714285714285715,0.35714285714285715,3784.6296141853118,1525.4735393775493,14.943013460088881,0.5595238095238095,"hbonds/salt bridges NOT COMPUTABLE: binder_side_chains=False, target_side_chains=False",mythos_preview_multi_target_bhrf1_rank29,964,
mythos_preview_multi_target_bhrf1_rank30,Axp,Bxp,False,False,78,157,30,4,6,3.7142862032966706,0,294.1929142263848,144.0368736869598,0.4173517938102761,,,0.2,0.4,4052.112816943664,2007.6587433353152,11.78551903876306,0.38461538461538464,"hbonds/salt bridges NOT COMPUTABLE: binder_side_chains=False, target_side_chains=False",mythos_preview_multi_target_bhrf1_rank30,940,
mythos_preview_multi_target_cas9_rank01,Axp,Bxp,False,True,80,1368,179,26,30,2.687675761694479,0,2141.2798851248735,819.8748753602459,0.5824521037255647,,,0.38375350140056025,0.35294117647058826,4601.851564799685,1886.3719587130986,11.487514607820431,2.2375,"hbonds/salt bridges NOT COMPUTABLE: binder_side_chains=False, target_side_chains=True",mythos_preview_multi_target_cas9_rank01,13684,
mythos_preview_multi_target_cas9_rank02,Axp,Bxp,False,True,80,1368,197,27,31,2.6445305821638745,0,2296.881685301918,858.4141037152874,0.44801659114028525,,,0.34417344173441733,0.3821138211382114,4487.715017738841,1746.832698341806,11.479150511168605,2.4625,"hbonds/salt bridges NOT COMPUTABLE: binder_side_chains=False, target_side_chains=True",mythos_preview_multi_target_cas9_rank02,13684,
mythos_preview_multi_target_cas9_rank03,Axp,Bxp,False,True,80,1368,192,31,33,0.775452126181881,3,2402.1913814385603,937.39333325358,0.4524670628911683,,,0.3196125907990315,0.36319612590799033,4636.905196105568,1750.9232295450602,11.470126294601686,2.4,"hbonds/salt bridges NOT COMPUTABLE: binder_side_chains=False, target_side_chains=True",mythos_preview_multi_target_cas9_rank03,13684,
mythos_preview_multi_target_cas9_rank04,Axp,Bxp,False,True,80,1368,213,29,35,2.6770741491411845,0,2462.1659286737195,939.5627259127702,0.5418964401546673,,,0.35148514851485146,0.33663366336633666,4518.8039044795005,1962.828803509824,11.485455192206578,2.6625,"hbonds/salt bridges NOT COMPUTABLE: binder_side_chains=False, target_side_chains=True",mythos_preview_multi_target_cas9_rank04,13683,
mythos_preview_multi_target_cas9_rank05,Axp,Bxp,False,True,71,1368,123,22,22,2.5091221572494247,0,1758.191823194883,722.1733107437867,0.319578883244399,,,0.3310104529616725,0.445993031358885,3719.5805752686956,1435.3404266001485,11.13248362293859,1.732394366197183,"hbonds/salt bridges NOT COMPUTABLE: binder_side_chains=False, target_side_chains=True",mythos_preview_multi_target_cas9_rank05,13635,
mythos_preview_multi_target_cas9_rank06,Axp,Bxp,False,False,71,1368,28,6,6,3.245685289734666,0,486.09696487993233,162.18340946811762,0.24700972421800402,,,0.4166666666666667,0.08333333333333333,3324.5021878851276,1344.4034485581867,11.144942268244595,0.39436619718309857,"hbonds/salt bridges NOT COMPUTABLE: binder_side_chains=False, target_side_chains=False",mythos_preview_multi_target_cas9_rank06,7861,
mythos_preview_multi_target_cas9_rank07,Axp,Bxp,False,True,80,1368,185,25,29,2.661747170562974,0,2211.6193933883324,852.8388694830451,0.5978969983064644,,,0.36231884057971014,0.37971014492753624,4584.370964706497,2010.3372515726671,11.48385242094634,2.3125,"hbonds/salt bridges NOT COMPUTABLE: binder_side_chains=False, target_side_chains=True",mythos_preview_multi_target_cas9_rank07,13683,
mythos_preview_multi_target_cas9_rank08,Axp,Bxp,False,True,80,1368,187,24,30,2.6567773711773444,0,2195.8539116566253,826.4575227428052,0.5594935630193948,,,0.3294460641399417,0.3673469387755102,4568.592588785812,1940.0467658137034,11.466242234828183,2.3375,"hbonds/salt bridges NOT COMPUTABLE: binder_side_chains=False, target_side_chains=True",mythos_preview_multi_target_cas9_rank08,13684,
mythos_preview_multi_target_cas9_rank09,Axp,Bxp,False,True,80,1368,213,29,35,2.6770741491411845,0,2462.1659286737195,939.5627259127701,0.5299272893097875,,,0.36386138613861385,0.33663366336633666,4525.214488198333,1972.9091225846096,11.484943814243456,2.6625,"hbonds/salt bridges NOT COMPUTABLE: binder_side_chains=False, target_side_chains=True",mythos_preview_multi_target_cas9_rank09,13684,
mythos_preview_multi_target_cas9_rank10,Axp,Bxp,False,True,80,1368,126,27,31,3.0343650077075455,0,2142.10202626322,831.4053809221258,0.265187183721588,,,0.248,0.45066666666666666,4771.936817382899,2056.905940000034,11.74992369471212,1.575,"hbonds/salt bridges NOT COMPUTABLE: binder_side_chains=False, target_side_chains=True",mythos_preview_multi_target_cas9_rank10,13683,
mythos_preview_multi_target_cas9_rank11,Axp,Bxp,False,True,80,1368,185,25,29,2.661747170562974,0,2211.6193933883324,852.8388694830451,0.49322460793543355,,,0.36231884057971014,0.3652173913043478,4589.344952741236,1806.7191990280733,11.483253788616887,2.3125,"hbonds/salt bridges NOT COMPUTABLE: binder_side_chains=False, target_side_chains=True",mythos_preview_multi_target_cas9_rank11,13684,
mythos_preview_multi_target_cas9_rank12,Axp,Bxp,False,True,80,1368,139,30,31,2.6384518187755512,0,2185.207340994678,854.1846458212519,0.2630188403962098,,,0.2481012658227848,0.4860759493670886,4773.78970141179,1794.6224418790318,11.733283130175977,1.7375,"hbonds/salt bridges NOT COMPUTABLE: binder_side_chains=False, target_side_chains=True",mythos_preview_multi_target_cas9_rank12,13683,
mythos_preview_multi_target_cas9_rank13,Axp,Bxp,False,True,72,1368,139,20,23,2.4621108829620173,0,1461.008194716872,599.244087823175,0.30971135812029627,,,0.23529411764705882,0.5294117647058824,4611.47924866858,1520.4704984403133,11.046749567939663,1.9305555555555556,"hbonds/salt bridges NOT COMPUTABLE: binder_side_chains=False, target_side_chains=True",mythos_preview_multi_target_cas9_rank13,13644,
mythos_preview_multi_target_cas9_rank14,Axp,Bxp,False,True,72,1368,154,27,24,1.6182712998752709,1,1889.9218354797686,743.3706198326485,0.2937389281869412,,,0.283987915407855,0.459214501510574,4600.1271172739325,1443.2996106107228,11.070244649871237,2.138888888888889,"hbonds/salt bridges NOT COMPUTABLE: binder_side_chains=False, target_side_chains=True",mythos_preview_multi_target_cas9_rank14,13644,
mythos_preview_multi_target_cas9_rank15,Axp,Bxp,False,False,71,1343,38,7,7,2.916186208046392,0,625.6297644976376,198.12970383787092,0.4188501631952066,,,0.42857142857142855,0.07142857142857142,3327.2402634510113,1232.354681043033,11.06483544975098,0.5352112676056338,"hbonds/salt bridges NOT COMPUTABLE: binder_side_chains=False, target_side_chains=False",mythos_preview_multi_target_cas9_rank15,7761,
mythos_preview_multi_target_cas9_rank16,Axp,Bxp,False,True,72,1368,210,22,27,1.9911471567917818,1,1731.7032388723678,705.5179114270074,0.3417243501275318,,,0.25483870967741934,0.46774193548387094,4507.259248091581,1439.3247446535147,11.06262002453456,2.9166666666666665,"hbonds/salt bridges NOT COMPUTABLE: binder_side_chains=False, target_side_chains=True",mythos_preview_multi_target_cas9_rank16,13644,
mythos_preview_multi_target_cas9_rank17,Axp,Bxp,False,True,72,1368,154,27,24,1.6182712998752709,1,1889.9218354797686,743.3706198326485,0.28725309891331097,,,0.2990936555891239,0.42900302114803623,4600.1271172739325,1497.217727232799,11.070244649871237,2.138888888888889,"hbonds/salt bridges NOT COMPUTABLE: binder_side_chains=False, target_side_chains=True",mythos_preview_multi_target_cas9_rank17,13644,
mythos_preview_multi_target_cas9_rank18,Axp,Bxp,False,True,72,1368,143,19,22,2.096042461401964,1,1648.6037832506954,636.0137526501387,0.2796120865546328,,,0.2692307692307692,0.4653846153846154,4602.678404667912,1505.0575307225367,11.078391767115853,1.9861111111111112,"hbonds/salt bridges NOT COMPUTABLE: binder_side_chains=False, target_side_chains=True",mythos_preview_multi_target_cas9_rank18,13644,
mythos_preview_multi_target_cas9_rank19,Axp,Bxp,False,True,72,1368,191,22,29,2.1495062223682915,1,1912.082206626138,711.5640021025305,0.17411511351859035,,,0.178125,0.515625,4493.857200172268,1271.5400940296222,11.093746306720915,2.6527777777777777,"hbonds/salt bridges NOT COMPUTABLE: binder_side_chains=False, target_side_chains=True",mythos_preview_multi_target_cas9_rank19,13644,
mythos_preview_multi_target_cas9_rank20,Axp,Bxp,False,True,77,1368,133,10,14,2.287063838199537,0,711.2409507640521,336.2019770309222,0.38357208514338004,,,0.19230769230769232,0.6217948717948718,4866.443983270991,1754.035946864434,11.256083726975056,1.7272727272727273,"hbonds/salt bridges NOT COMPUTABLE: binder_side_chains=False, target_side_chains=True",mythos_preview_multi_target_cas9_rank20,13669,
mythos_preview_multi_target_cas9_rank21,Axp,Bxp,False,True,80,1368,359,26,32,0.9206628047227716,6,2936.0067757024826,1401.280084936739,0.31750028024310484,,,0.35945945945945945,0.3972972972972973,4580.462618558953,1775.0558652411562,11.371195645644512,4.4875,"hbonds/salt bridges NOT COMPUTABLE: binder_side_chains=False, target_side_chains=True",mythos_preview_multi_target_cas9_rank21,13682,
mythos_preview_multi_target_cas9_rank22,Axp,Bxp,False,True,80,1368,283,20,30,1.1271672457980677,4,2677.4205496799977,1402.4808426262366,0.2934328913578254,,,0.3685897435897436,0.47435897435897434,4584.878864624892,1670.7626655553286,11.395189132654624,3.5375,"hbonds/salt bridges NOT COMPUTABLE: binder_side_chains=False, target_side_chains=True",mythos_preview_multi_target_cas9_rank22,13682,
mythos_preview_multi_target_cas9_rank23,Axp,Bxp,False,True,72,1368,154,27,24,1.6182712998752709,1,1889.9218354797686,743.3706198326485,0.23606504663184447,,,0.2688821752265861,0.459214501510574,4600.1271172739325,1366.245207573088,11.070244649871237,2.138888888888889,"hbonds/salt bridges NOT COMPUTABLE: binder_side_chains=False, target_side_chains=True",mythos_preview_multi_target_cas9_rank23,13644,
mythos_preview_multi_target_cas9_rank24,Axp,Bxp,False,True,72,1368,337,28,26,1.5007098320461552,7,2379.0076979512282,924.0133857556307,0.274801381624406,,,0.17464788732394365,0.5154929577464789,4634.73315358127,1448.4576413385685,11.293177917706714,4.680555555555555,"hbonds/salt bridges NOT COMPUTABLE: binder_side_chains=False, target_side_chains=True",mythos_preview_multi_target_cas9_rank24,13644,
mythos_preview_multi_target_cas9_rank25,Axp,Bxp,False,True,90,1368,262,33,37,1.2141820291867278,1,3126.1348430516605,1143.7984565503552,0.4149321948681893,,,0.2444933920704846,0.5088105726872246,5001.991454062042,2018.2028161221644,11.443594225203805,2.911111111111111,"hbonds/salt bridges NOT COMPUTABLE: binder_side_chains=False, target_side_chains=True",mythos_preview_multi_target_cas9_rank25,13731,
mythos_preview_multi_target_cas9_rank26,Axp,Bxp,False,False,80,1343,30,7,8,3.677955274333826,0,908.1912051060758,244.025804596301,0.2889395391325375,,,0.4666666666666667,0.2,4314.800528766395,1940.5587498025493,11.779167729414324,0.375,"hbonds/salt bridges NOT COMPUTABLE: binder_side_chains=False, target_side_chains=False",mythos_preview_multi_target_cas9_rank26,7797,
mythos_preview_multi_target_cas9_rank27,Axp,Bxp,False,False,80,1343,30,7,8,3.677955274333826,0,908.1912051060758,244.025804596301,0.3522756786286819,,,0.5333333333333333,0.26666666666666666,4314.800528766395,1978.6142275253317,11.779167729414324,0.375,"hbonds/salt bridges NOT COMPUTABLE: binder_side_chains=False, target_side_chains=False",mythos_preview_multi_target_cas9_rank27,7797,
mythos_preview_multi_target_cas9_rank28,Axp,Bxp,False,False,77,1343,3,2,3,4.692850413128465,0,357.20524496658015,87.57496851597656,0.13348332481995168,,,0.2,0.2,4418.1343543513085,2074.104862164081,11.208570015533397,0.03896103896103896,"hbonds/salt bridges NOT COMPUTABLE: binder_side_chains=False, target_side_chains=False",mythos_preview_multi_target_cas9_rank28,7785,
mythos_preview_multi_target_cas9_rank29,Axp,Bxp,False,False,79,275,12,5,4,3.9215059607247826,0,479.9472836014319,227.86336214416554,0.17775963997962616,,,0.3333333333333333,0.2222222222222222,4578.300793040329,1832.1599939051239,13.127585701722259,0.1518987341772152,"hbonds/salt bridges NOT COMPUTABLE: binder_side_chains=False, target_side_chains=False",mythos_preview_multi_target_cas9_rank29,3521,
mythos_preview_multi_target_cas9_rank30,Axp,Bxp,False,False,82,275,36,6,4,3.3428534218538517,0,364.05129440449514,106.2200750512591,0.4467766826417053,,,0.3,0.3,4580.600684726529,2088.5028769091728,13.160417978045226,0.43902439024390244,"hbonds/salt bridges NOT COMPUTABLE: binder_side_chains=False, target_side_chains=False",mythos_preview_multi_target_cas9_rank30,3533,
mythos_preview_multi_target_egfr_rank01,Axp,Bxp,False,True,75,621,228,19,29,2.740238493270248,0,1270.10240561765,607.883112483986,0.639560261430589,,,0.45454545454545453,0.3434343434343434,4432.589737310074,1399.949156038595,12.876615013510667,3.04,"hbonds/salt bridges NOT COMPUTABLE: binder_side_chains=False, target_side_chains=True",mythos_preview_multi_target_egfr_rank01,5146,
mythos_preview_multi_target_egfr_rank02,Axp,Bxp,False,True,75,621,198,18,25,2.967476031916685,0,1171.272339942726,563.9831796976471,0.6017809379997208,,,0.4646840148698885,0.27137546468401486,4306.293328065149,1433.3626984110242,12.740328432081524,2.64,"hbonds/salt bridges NOT COMPUTABLE: binder_side_chains=False, target_side_chains=True",mythos_preview_multi_target_egfr_rank02,5143,
mythos_preview_multi_target_egfr_rank03,Axp,Bxp,False,True,75,621,149,20,21,3.019419480628685,0,1083.6568585406164,531.3125556922994,0.5788019708639006,,,0.4734848484848485,0.2765151515151515,4636.895074713584,1906.9977164845832,11.572980236133931,1.9866666666666666,"hbonds/salt bridges NOT COMPUTABLE: binder_side_chains=False, target_side_chains=True",mythos_preview_multi_target_egfr_rank03,5145,
mythos_preview_multi_target_egfr_rank04,Axp,Bxp,False,True,90,621,903,37,36,1.3464338082505194,11,2150.7872050178416,1131.8097701885972,0.37063095909685634,,,0.39462809917355374,0.2603305785123967,5188.804266979379,2745.758959036809,11.770732584097154,10.033333333333333,"hbonds/salt bridges NOT COMPUTABLE: binder_side_chains=False, target_side_chains=True",mythos_preview_multi_target_egfr_rank04,5215,
mythos_preview_multi_target_egfr_rank05,Axp,Bxp,False,True,75,621,124,13,21,2.7613563696125856,0,920.9829508455839,434.2659858259164,0.4487597114423898,,,0.3701923076923077,0.40865384615384615,4687.139890954999,1697.183637340299,12.509572553214403,1.6533333333333333,"hbonds/salt bridges NOT COMPUTABLE: binder_side_chains=False, target_side_chains=True",mythos_preview_multi_target_egfr_rank05,5147,
mythos_preview_multi_target_egfr_rank06,Axp,Bxp,False,True,90,621,789,35,34,1.2786590632377346,8,2012.1331361835428,1052.178195765336,0.4078818162579251,,,0.39956331877729256,0.2554585152838428,5155.035533409715,2167.1349877774405,11.775090400077058,8.766666666666667,"hbonds/salt bridges NOT COMPUTABLE: binder_side_chains=False, target_side_chains=True",mythos_preview_multi_target_egfr_rank06,5215,
mythos_preview_multi_target_egfr_rank07,Axp,Bxp,False,True,74,621,122,13,15,2.6751435475502987,0,931.5414749586398,452.0360495343861,0.4013676743628441,,,0.44385026737967914,0.29411764705882354,4531.934928566498,1531.8013216413112,11.29656638531419,1.6486486486486487,"hbonds/salt bridges NOT COMPUTABLE: binder_side_chains=False, target_side_chains=True",mythos_preview_multi_target_egfr_rank07,5139,
mythos_preview_multi_target_egfr_rank08,Axp,Bxp,False,True,75,621,149,20,21,2.9901260842981188,0,1074.1769661174242,527.679863811461,0.4547443752432399,,,0.45454545454545453,0.29545454545454547,4668.439055297862,1906.8533944498968,11.5694333194187,1.9866666666666666,"hbonds/salt bridges NOT COMPUTABLE: binder_side_chains=False, target_side_chains=True",mythos_preview_multi_target_egfr_rank08,5145,
mythos_preview_multi_target_egfr_rank09,Axp,Bxp,False,False,88,201,5,2,1,4.042617716282361,0,51.62303293854529,26.36189618398459,0.0,,,0.6666666666666666,0.3333333333333333,4908.817989869088,2286.2692760453037,12.244568806466612,0.056818181818181816,"hbonds/salt bridges NOT COMPUTABLE: binder_side_chains=False, target_side_chains=False",mythos_preview_multi_target_egfr_rank09,1156,
mythos_preview_multi_target_egfr_rank10,Axp,Bxp,False,True,74,621,125,14,18,2.728543384298661,0,999.2362539353214,476.1075880829189,0.518043938103495,,,0.5047619047619047,0.2857142857142857,4451.638238001176,1548.0007119548727,11.285216979103946,1.6891891891891893,"hbonds/salt bridges NOT COMPUTABLE: binder_side_chains=False, target_side_chains=True",mythos_preview_multi_target_egfr_rank10,5139,
mythos_preview_multi_target_egfr_rank11,Axp,Bxp,False,True,74,621,117,16,16,2.7729502339566054,0,873.1914726028492,427.40308106046,0.5640156808132659,,,0.44711538461538464,0.28846153846153844,4583.517107141448,1649.4966648601412,12.275989744362812,1.5810810810810811,"hbonds/salt bridges NOT COMPUTABLE: binder_side_chains=False, target_side_chains=True",mythos_preview_multi_target_egfr_rank11,5140,
mythos_preview_multi_target_egfr_rank12,Axp,Bxp,False,False,74,201,1,1,1,4.845552496877938,0,69.92782303485309,32.744738273775454,0.48104438189217463,,,0.5,0.5,4225.5512006388435,1722.4183710574712,12.363000511333755,0.013513513513513514,"hbonds/salt bridges NOT COMPUTABLE: binder_side_chains=False, target_side_chains=False",mythos_preview_multi_target_egfr_rank12,1100,
mythos_preview_multi_target_egfr_rank13,Axp,Bxp,False,False,74,201,1,1,1,4.738815674828471,0,55.4360795558967,27.86604976922791,0.6079209493218255,,,0.5,0.5,4239.779268880474,1729.0388814610553,12.355432563509199,0.013513513513513514,"hbonds/salt bridges NOT COMPUTABLE: binder_side_chains=False, target_side_chains=False",mythos_preview_multi_target_egfr_rank13,1100,
mythos_preview_multi_target_egfr_rank14,Axp,Bxp,False,False,80,201,0,0,0,,0,0.0,0.0,,,,,,4457.794721510727,2152.81495282565,12.11557015598481,0.0,"hbonds/salt bridges NOT COMPUTABLE: binder_side_chains=False, target_side_chains=False",mythos_preview_multi_target_egfr_rank14,1124,
mythos_preview_multi_target_egfr_rank15,Axp,Bxp,False,False,100,609,1,1,1,4.975972266803751,0,96.75319974893162,49.60832956979816,0.7643581618270822,,,0.5,0.0,5191.923294802256,2835.6837295848827,13.207131973289329,0.01,"hbonds/salt bridges NOT COMPUTABLE: binder_side_chains=False, target_side_chains=False",mythos_preview_multi_target_egfr_rank15,2836,
mythos_preview_multi_target_egfr_rank16,Axp,Bxp,False,False,80,201,0,0,0,,0,2.625278730521572,1.312639365260786,0.0,,,,,4480.673793442548,1750.512036044001,12.2302340671807,0.0,"hbonds/salt bridges NOT COMPUTABLE: binder_side_chains=False, target_side_chains=False",mythos_preview_multi_target_egfr_rank16,1124,
mythos_preview_multi_target_egfr_rank17,Axp,Bxp,False,False,61,201,32,6,6,3.670845815340115,0,264.0298275225415,123.56833213913976,0.405911284853583,,,0.25,0.4166666666666667,3490.5744109899415,1558.3811077644702,10.569673135748813,0.5245901639344263,"hbonds/salt bridges NOT COMPUTABLE: binder_side_chains=False, target_side_chains=False",mythos_preview_multi_target_egfr_rank17,1048,
mythos_preview_multi_target_egfr_rank18,Axp,Bxp,False,False,80,201,0,0,0,,0,28.41458550564319,14.123562479054186,0.34031976665467484,,,,,4515.067034654449,1688.76161477726,11.663948340981035,0.0,"hbonds/salt bridges NOT COMPUTABLE: binder_side_chains=False, target_side_chains=False",mythos_preview_multi_target_egfr_rank18,1124,
mythos_preview_multi_target_egfr_rank19,Axp,Bxp,False,False,80,201,0,0,0,,0,35.6983817320896,15.436201844314947,0.4718645363612551,,,,,4457.189814674827,2133.640569882829,11.604100526202236,0.0,"hbonds/salt bridges NOT COMPUTABLE: binder_side_chains=False, target_side_chains=False",mythos_preview_multi_target_egfr_rank19,1124,
mythos_preview_multi_target_egfr_rank20,Axp,Bxp,False,False,72,201,0,0,0,,0,1.3126393652607788,1.3126393652607788,0.0,,,,,3831.547128670015,1902.7428663264477,13.234713253350575,0.0,"hbonds/salt bridges NOT COMPUTABLE: binder_side_chains=False, target_side_chains=False",mythos_preview_multi_target_egfr_rank20,1092,
mythos_preview_multi_target_egfr_rank21,Axp,Bxp,False,False,62,201,0,0,0,,0,0.0,0.0,,,,,,3670.1533926631228,1195.6444059763203,11.553157912082424,0.0,"hbonds/salt bridges NOT COMPUTABLE: binder_side_chains=False, target_side_chains=False",mythos_preview_multi_target_egfr_rank21,1052,
mythos_preview_multi_target_egfr_rank22,Axp,Bxp,False,False,75,609,13,4,4,4.15033034829759,0,175.92129364209893,89.79316513408537,0.4173424733551246,,,0.25,0.375,4119.972310989083,1467.4575702754264,12.307322607567595,0.17333333333333334,"hbonds/salt bridges NOT COMPUTABLE: binder_side_chains=False, target_side_chains=False",mythos_preview_multi_target_egfr_rank22,2736,
mythos_preview_multi_target_egfr_rank23,Axp,Bxp,False,False,70,609,13,6,4,4.267378352103312,0,187.05231155032843,94.58024206503455,0.3850590814431411,,,0.1,0.4,3699.565324563493,1421.8130427930564,12.162098654172057,0.18571428571428572,"hbonds/salt bridges NOT COMPUTABLE: binder_side_chains=False, target_side_chains=False",mythos_preview_multi_target_egfr_rank23,2716,
mythos_preview_multi_target_egfr_rank24,Axp,Bxp,False,False,100,609,17,2,2,3.5984234047704824,0,163.16308098939336,87.21230579186589,0.7168721193862292,,,0.5,0.0,5393.103799266029,2471.5511362261523,13.219663911926336,0.17,"hbonds/salt bridges NOT COMPUTABLE: binder_side_chains=False, target_side_chains=False",mythos_preview_multi_target_egfr_rank24,2836,
mythos_preview_multi_target_egfr_rank25,Axp,Bxp,False,False,100,609,3,2,1,4.581625366613905,0,154.02731589365575,76.26624573634189,0.2029692942606933,,,0.0,0.6666666666666666,5344.557328013144,1820.314127077218,13.703015896164292,0.03,"hbonds/salt bridges NOT COMPUTABLE: binder_side_chains=False, target_side_chains=False",mythos_preview_multi_target_egfr_rank25,2836,
mythos_preview_multi_target_egfr_rank26,Axp,Bxp,False,False,70,609,13,6,4,4.267378352103312,0,187.05231155032843,94.58024206503455,0.5961619446763158,,,0.2,0.4,3699.565324563493,1420.1461273901602,12.162098654172057,0.18571428571428572,"hbonds/salt bridges NOT COMPUTABLE: binder_side_chains=False, target_side_chains=False",mythos_preview_multi_target_egfr_rank26,2716,
mythos_preview_multi_target_egfr_rank27,Axp,Bxp,False,False,100,609,17,2,2,3.5984234047704824,0,163.16308098939336,87.21230579186589,0.7319231990858466,,,0.5,0.0,5393.103799266029,2205.569314256049,13.219663911926336,0.17,"hbonds/salt bridges NOT COMPUTABLE: binder_side_chains=False, target_side_chains=False",mythos_preview_multi_target_egfr_rank27,2836,
mythos_preview_multi_target_egfr_rank28,Axp,Bxp,True,True,95,609,417,12,13,0.6766904757716043,40,773.9091268585959,367.1290171135275,0.185921689138653,27.0,6.0,0.2935323383084577,0.527363184079602,5924.079180112008,1113.8450370083929,13.163637416450603,4.389473684210526,,mythos_preview_multi_target_egfr_rank28,5418,
mythos_preview_multi_target_egfr_rank29,Axp,Bxp,True,True,95,609,202,14,11,0.9749969230720676,13,665.7564805978333,341.4062028298741,0.10729138956717488,14.0,7.0,0.2268041237113402,0.5618556701030928,5700.047236072667,1097.6437480801408,13.059376675332608,2.126315789473684,,mythos_preview_multi_target_egfr_rank29,5427,
mythos_preview_multi_target_egfr_rank30,Axp,Bxp,True,True,95,609,399,15,12,0.6672540745473183,28,963.1091540788047,514.7780393971909,0.1268828363399314,33.0,7.0,0.22274881516587677,0.6066350710900474,6223.601437479548,1248.9007256172702,13.276414043250293,4.2,,mythos_preview_multi_target_egfr_rank30,5452,
mythos_preview_multi_target_mature_gdf8_rank01,Axp,"Bxp,Cxp",False,True,65,218,194,16,19,2.8342499889741557,0,1174.900578957455,598.4200207519414,0.5821730944300589,,,0.5958333333333333,0.29583333333333334,3178.5024471082047,964.452813256745,10.607601279244397,2.9846153846153847,"hbonds/salt bridges NOT COMPUTABLE: binder_side_chains=False, target_side_chains=True",mythos_preview_multi_target_mature_gdf8_rank01,2046,
mythos_preview_multi_target_mature_gdf8_rank02,Axp,"Bxp,Cxp",False,False,95,218,28,3,5,3.7312885173891344,0,184.0597669795037,91.43048127054541,0.1864242750915706,,,0.25,0.375,5245.37891434933,2114.9231111028244,12.694385926427437,0.29473684210526313,"hbonds/salt bridges NOT COMPUTABLE: binder_side_chains=False, target_side_chains=False",mythos_preview_multi_target_mature_gdf8_rank02,1252,
mythos_preview_multi_target_mature_gdf8_rank03,Axp,"Bxp,Cxp",False,True,67,218,84,10,12,3.171391650364237,0,728.1314504841076,366.0716936173141,0.6099779575624776,,,0.6405228758169934,0.30718954248366015,4055.03433420232,1385.5027471075398,11.228761703598053,1.2537313432835822,"hbonds/salt bridges NOT COMPUTABLE: binder_side_chains=False, target_side_chains=True",mythos_preview_multi_target_mature_gdf8_rank03,2063,
mythos_preview_multi_target_mature_gdf8_rank04,Axp,"Bxp,Cxp",False,True,65,218,138,9,15,3.403669196617087,0,778.309719597661,368.9310756369221,0.48149942276750674,,,0.6556291390728477,0.25165562913907286,3665.0965485369197,1151.3987887252988,11.257759576994586,2.123076923076923,"hbonds/salt bridges NOT COMPUTABLE: binder_side_chains=False, target_side_chains=True",mythos_preview_multi_target_mature_gdf8_rank04,2053,
mythos_preview_multi_target_mature_gdf8_rank05,Axp,"Bxp,Cxp",False,True,66,218,48,10,12,3.4298925639150872,0,651.4037730824459,310.0446121877847,0.4534217528436904,,,0.5675675675675675,0.43243243243243246,4058.106538635561,1199.4344916491036,12.679304415724348,0.7272727272727273,"hbonds/salt bridges NOT COMPUTABLE: binder_side_chains=False, target_side_chains=True",mythos_preview_multi_target_mature_gdf8_rank05,2061,
mythos_preview_multi_target_mature_gdf8_rank06,Axp,"Bxp,Cxp",False,False,65,218,8,4,3,4.344852701761017,0,187.9458897737973,93.68849416076384,0.5145732924686115,,,0.5714285714285714,0.2857142857142857,3541.811888555301,1475.1973208686964,10.835719257418573,0.12307692307692308,"hbonds/salt bridges NOT COMPUTABLE: binder_side_chains=False, target_side_chains=False",mythos_preview_multi_target_mature_gdf8_rank06,1132,
mythos_preview_multi_target_mature_gdf8_rank07,Axp,"Bxp,Cxp",False,True,95,218,176,12,20,2.5165027319675226,0,1157.9729947849885,544.1558235513262,0.4665344623662918,,,0.5024630541871922,0.2955665024630542,5771.841137825555,1968.7259690344683,12.74389378782878,1.8526315789473684,"hbonds/salt bridges NOT COMPUTABLE: binder_side_chains=False, target_side_chains=True",mythos_preview_multi_target_mature_gdf8_rank07,2205,
mythos_preview_multi_target_mature_gdf8_rank08,Axp,"Bxp,Cxp",False,True,95,218,146,9,14,3.540954814735709,0,778.6122959474972,383.2092044745329,0.5955197522145066,,,0.6291390728476821,0.25165562913907286,5854.95244954472,1834.6536262443615,13.216535076801266,1.5368421052631578,"hbonds/salt bridges NOT COMPUTABLE: binder_side_chains=False, target_side_chains=True",mythos_preview_multi_target_mature_gdf8_rank08,2202,
mythos_preview_multi_target_mature_gdf8_rank09,Axp,"Bxp,Cxp",False,True,95,218,3187,49,66,0.4864329229959149,260,3054.6443508536163,1860.2576063711185,0.5881042687223181,,,0.4161290322580645,0.2870967741935484,5337.264462145298,2479.620194025011,14.945709274544669,33.54736842105263,"hbonds/salt bridges NOT COMPUTABLE: binder_side_chains=False, target_side_chains=True",mythos_preview_multi_target_mature_gdf8_rank09,1683,
mythos_preview_multi_target_mature_gdf8_rank10,Axp,"Bxp,Cxp",False,True,65,218,184,17,19,2.8549035009961363,0,1171.8312702530948,609.6898424190655,0.5377382960948487,,,0.5542168674698795,0.321285140562249,3197.6527080830856,1026.0598276483986,10.610961482366326,2.830769230769231,"hbonds/salt bridges NOT COMPUTABLE: binder_side_chains=False, target_side_chains=True",mythos_preview_multi_target_mature_gdf8_rank10,2045,
mythos_preview_multi_target_mature_gdf8_rank11,Axp,"Bxp,Cxp",False,True,65,218,1,1,1,4.877134609583789,0,88.18910890245792,47.531586575691875,0.917151553746026,,,1.0,0.0,3589.459072081546,1327.0237618846716,12.266213346813933,0.015384615384615385,"hbonds/salt bridges NOT COMPUTABLE: binder_side_chains=False, target_side_chains=True",mythos_preview_multi_target_mature_gdf8_rank11,1563,
mythos_preview_multi_target_mature_gdf8_rank12,Axp,"Bxp,Cxp",False,True,85,218,186,14,17,2.5742917472578735,0,1006.664180969075,518.0990306503991,0.4040334093579632,,,0.4329896907216495,0.28865979381443296,5065.019055674353,1887.9591869353817,13.671987845419173,2.1882352941176473,"hbonds/salt bridges NOT COMPUTABLE: binder_side_chains=False, target_side_chains=True",mythos_preview_multi_target_mature_gdf8_rank12,2147,
mythos_preview_multi_target_mature_gdf8_rank13,Axp,"Bxp,Cxp",False,True,65,218,129,12,15,2.7104012618060818,0,909.4430205057434,471.0059557727544,0.6294388826291117,,,0.6222222222222222,0.3,4094.0219224654234,1511.1847427840146,11.703424565102422,1.9846153846153847,"hbonds/salt bridges NOT COMPUTABLE: binder_side_chains=False, target_side_chains=True",mythos_preview_multi_target_mature_gdf8_rank13,2054,
mythos_preview_multi_target_mature_gdf8_rank14,Axp,"Bxp,Cxp",False,True,95,218,136,8,12,3.4783182718089503,0,756.3455340829594,373.4286889525892,0.7110732249199776,,,0.7633587786259542,0.10687022900763359,5886.482620780422,2153.9431124066527,13.265945488784215,1.431578947368421,"hbonds/salt bridges NOT COMPUTABLE: binder_side_chains=False, target_side_chains=True",mythos_preview_multi_target_mature_gdf8_rank14,2202,
mythos_preview_multi_target_mature_gdf8_rank15,Axp,"Bxp,Cxp",False,True,65,218,137,12,17,2.6654035341763924,0,964.7274021137673,503.3696188576494,0.5244902418791364,,,0.5631578947368421,0.3894736842105263,4069.9902001889996,1120.4430372176591,11.81725021951443,2.1076923076923078,"hbonds/salt bridges NOT COMPUTABLE: binder_side_chains=False, target_side_chains=True",mythos_preview_multi_target_mature_gdf8_rank15,2054,
mythos_preview_multi_target_mature_gdf8_rank16,Axp,"Bxp,Cxp",False,True,75,218,124,10,12,2.7869564043953035,0,496.3223026034274,235.70408079350247,0.35399928234472994,,,0.5,0.2727272727272727,4296.942295577147,1619.7041358393378,12.233336732627594,1.6533333333333333,"hbonds/salt bridges NOT COMPUTABLE: binder_side_chains=False, target_side_chains=True",mythos_preview_multi_target_mature_gdf8_rank16,1603,
mythos_preview_multi_target_mature_gdf8_rank17,Axp,"Bxp,Cxp",False,True,85,218,2840,43,64,0.5123632650690826,252,3009.3820869016954,1637.4392049374662,0.6010228896618349,,,0.4838709677419355,0.2974910394265233,4899.054821402231,2053.421558610642,15.233028450941065,33.411764705882355,"hbonds/salt bridges NOT COMPUTABLE: binder_side_chains=False, target_side_chains=True",mythos_preview_multi_target_mature_gdf8_rank17,1643,
mythos_preview_multi_target_mature_gdf8_rank18,Axp,"Bxp,Cxp",False,True,75,218,65,9,14,3.5936500942634906,0,737.6725629867493,356.5558914241816,0.6209439650633195,,,0.6554054054054054,0.25675675675675674,4312.248913554051,1438.8778189507952,13.20538564719794,0.8666666666666667,"hbonds/salt bridges NOT COMPUTABLE: binder_side_chains=False, target_side_chains=True",mythos_preview_multi_target_mature_gdf8_rank18,2108,
mythos_preview_multi_target_mature_gdf8_rank19,Axp,"Bxp,Cxp",False,True,75,218,82,9,15,3.4620379836160087,0,712.2347594522689,340.0355122960143,0.620664949468823,,,0.6339869281045751,0.28104575163398693,4371.59333925749,1565.1251783730297,13.314941836327687,1.0933333333333333,"hbonds/salt bridges NOT COMPUTABLE: binder_side_chains=False, target_side_chains=True",mythos_preview_multi_target_mature_gdf8_rank19,2108,
mythos_preview_multi_target_mature_gdf8_rank20,Axp,"Bxp,Cxp",False,True,65,218,102,11,17,2.66993501793583,0,859.3556663517653,404.5582115112677,0.4174336325792953,,,0.5251396648044693,0.31843575418994413,3726.6656042938594,1016.6947126298506,10.741806429159444,1.5692307692307692,"hbonds/salt bridges NOT COMPUTABLE: binder_side_chains=False, target_side_chains=True",mythos_preview_multi_target_mature_gdf8_rank20,2054,
mythos_preview_multi_target_mature_gdf8_rank21,Axp,"Bxp,Cxp",False,True,85,218,179,12,15,2.611510291000211,0,871.3737061161867,457.9276694650421,0.4648054130072099,,,0.5491329479768786,0.1907514450867052,5195.388375885477,2228.183222108808,13.843685745117071,2.1058823529411765,"hbonds/salt bridges NOT COMPUTABLE: binder_side_chains=False, target_side_chains=True",mythos_preview_multi_target_mature_gdf8_rank21,2148,
mythos_preview_multi_target_mature_gdf8_rank22,Axp,"Bxp,Cxp",False,True,107,218,118,8,14,2.944476354124788,0,838.9796788553398,420.58380345559306,0.5051477883034903,,,0.5774647887323944,0.323943661971831,6198.108273618871,2326.866343202136,12.922389446644601,1.102803738317757,"hbonds/salt bridges NOT COMPUTABLE: binder_side_chains=False, target_side_chains=True",mythos_preview_multi_target_mature_gdf8_rank22,2264,
mythos_preview_multi_target_mature_gdf8_rank23,Axp,"Bxp,Cxp",False,True,67,218,84,10,12,3.171391650364237,0,728.1314504841076,366.0716936173141,0.6099779575624776,,,0.6405228758169934,0.27450980392156865,4051.8124123904877,1328.7697907860443,11.227684009973645,1.2537313432835822,"hbonds/salt bridges NOT COMPUTABLE: binder_side_chains=False, target_side_chains=True",mythos_preview_multi_target_mature_gdf8_rank23,2064,
mythos_preview_multi_target_mature_gdf8_rank24,Axp,"Bxp,Cxp",False,True,85,218,40,5,6,2.728619797626632,0,289.8958984311987,150.0976888706592,0.4571981781885501,,,0.45454545454545453,0.2727272727272727,4764.418330526131,1746.5528370727652,12.621346488701038,0.47058823529411764,"hbonds/salt bridges NOT COMPUTABLE: binder_side_chains=False, target_side_chains=True",mythos_preview_multi_target_mature_gdf8_rank24,1643,
mythos_preview_multi_target_mature_gdf8_rank25,Axp,"Bxp,Cxp",False,True,75,218,124,10,12,2.7869564043953035,0,496.3223026034274,235.70408079350247,0.35399928234472994,,,0.5,0.3181818181818182,4296.942295577147,1764.9352108485182,12.233336732627594,1.6533333333333333,"hbonds/salt bridges NOT COMPUTABLE: binder_side_chains=False, target_side_chains=True",mythos_preview_multi_target_mature_gdf8_rank25,1603,
mythos_preview_multi_target_mature_gdf8_rank26,Axp,"Bxp,Cxp",False,True,95,218,126,8,13,3.573969921529839,0,658.4674256184667,312.86600825448124,0.5683954456168019,,,0.656934306569343,0.24817518248175183,6147.495276377553,2158.2419585210373,13.247686000656724,1.3263157894736841,"hbonds/salt bridges NOT COMPUTABLE: binder_side_chains=False, target_side_chains=True",mythos_preview_multi_target_mature_gdf8_rank26,2203,
mythos_preview_multi_target_mature_gdf8_rank27,Axp,"Bxp,Cxp",False,True,85,218,94,13,11,2.3739894692268533,0,483.30318751039044,249.5556769624452,0.7241979040397225,,,0.5833333333333334,0.20833333333333334,4673.208935423807,2141.809530328072,12.62934831090357,1.1058823529411765,"hbonds/salt bridges NOT COMPUTABLE: binder_side_chains=False, target_side_chains=True",mythos_preview_multi_target_mature_gdf8_rank27,1643,
mythos_preview_multi_target_mature_gdf8_rank28,Axp,"Bxp,Cxp",False,True,95,218,163,9,17,3.390041445174381,0,913.8889341336112,448.1029531003722,0.4474950884266103,,,0.5421686746987951,0.3192771084337349,6099.27345457767,2175.669725221251,13.133871437440831,1.7157894736842105,"hbonds/salt bridges NOT COMPUTABLE: binder_side_chains=False, target_side_chains=True",mythos_preview_multi_target_mature_gdf8_rank28,2202,
mythos_preview_multi_target_mature_gdf8_rank29,Axp,"Bxp,Cxp",False,True,89,218,98,10,13,3.3772813030601974,0,760.0492532759657,371.4370011648042,0.6053036224704135,,,0.5909090909090909,0.37662337662337664,5382.195684186121,2022.5711050932919,12.75386200965894,1.101123595505618,"hbonds/salt bridges NOT COMPUTABLE: binder_side_chains=False, target_side_chains=True",mythos_preview_multi_target_mature_gdf8_rank29,2176,
mythos_preview_multi_target_mature_gdf8_rank30,Axp,"Bxp,Cxp",False,True,85,218,165,11,14,2.706805127821358,0,864.5932066919438,442.73386198259925,0.4991288710031218,,,0.4879518072289157,0.3493975903614458,5090.325472340422,1753.4782048956336,12.13546986197431,1.9411764705882353,"hbonds/salt bridges NOT COMPUTABLE: binder_side_chains=False, target_side_chains=True",mythos_preview_multi_target_mature_gdf8_rank30,2155,
mythos_preview_multi_target_il7ra_rank01,Axp,Bxp,False,True,85,193,109,17,18,3.558531719684398,0,1052.4615401044928,541.3215332956514,0.5812906459033078,,,0.5991379310344828,0.2629310344827586,4776.186763924676,1717.7836067338271,12.510111741759422,1.2823529411764707,"hbonds/salt bridges NOT COMPUTABLE: binder_side_chains=False, target_side_chains=True",mythos_preview_multi_target_il7ra_rank01,2007,
mythos_preview_multi_target_il7ra_rank02,Axp,Bxp,False,True,85,193,146,15,19,3.3832779962633874,0,1089.0442938276665,545.7321381539126,0.4171458019767608,,,0.5069124423963134,0.3271889400921659,4810.686218286466,1535.765246660626,12.514607283554101,1.7176470588235293,"hbonds/salt bridges NOT COMPUTABLE: binder_side_chains=False, target_side_chains=True",mythos_preview_multi_target_il7ra_rank02,2006,
mythos_preview_multi_target_il7ra_rank03,Axp,Bxp,False,True,75,193,159,14,16,3.124785592644718,0,1061.3604564323468,520.6542245465486,0.4809858313024122,,,0.6326530612244898,0.23979591836734693,4127.921537516855,1171.673166188028,10.951906765934524,2.12,"hbonds/salt bridges NOT COMPUTABLE: binder_side_chains=False, target_side_chains=True",mythos_preview_multi_target_il7ra_rank03,1954,
mythos_preview_multi_target_il7ra_rank04,Axp,Bxp,False,True,75,193,175,14,15,3.058356094374885,0,1058.6139941799877,523.3553522510067,0.665673970375236,,,0.7253886010362695,0.17098445595854922,4087.0040279093564,1502.5645949973223,10.894550803501515,2.3333333333333335,"hbonds/salt bridges NOT COMPUTABLE: binder_side_chains=False, target_side_chains=True",mythos_preview_multi_target_il7ra_rank04,1954,
mythos_preview_multi_target_il7ra_rank05,Axp,Bxp,False,True,85,193,104,14,18,3.1835569729470836,0,973.0372425008761,478.1687870229391,0.7111221741859552,,,0.6009389671361502,0.3333333333333333,5094.091449704363,2141.8759272058505,14.331311217098909,1.223529411764706,"hbonds/salt bridges NOT COMPUTABLE: binder_side_chains=False, target_side_chains=True",mythos_preview_multi_target_il7ra_rank05,2007,
mythos_preview_multi_target_il7ra_rank06,Axp,Bxp,False,True,85,193,104,14,18,3.1835569729470836,0,973.0372425008761,478.1687870229391,0.7111221741859552,,,0.6009389671361502,0.30985915492957744,5094.091449704363,1824.1480311379692,14.331311217098909,1.223529411764706,"hbonds/salt bridges NOT COMPUTABLE: binder_side_chains=False, target_side_chains=True",mythos_preview_multi_target_il7ra_rank06,2007,
mythos_preview_multi_target_il7ra_rank07,Axp,Bxp,False,True,88,193,167,11,22,2.8424978452058673,0,1054.6668425336234,505.01626415838075,0.6652141066409643,,,0.5970873786407767,0.30097087378640774,5062.29448895688,2170.5900977187603,11.781828296469683,1.8977272727272727,"hbonds/salt bridges NOT COMPUTABLE: binder_side_chains=False, target_side_chains=True",mythos_preview_multi_target_il7ra_rank07,2018,
mythos_preview_multi_target_il7ra_rank08,Axp,Bxp,False,True,88,193,156,10,20,2.779501034358505,0,957.6916414568709,460.4300299682172,0.5768959017634308,,,0.6310160427807486,0.25668449197860965,5027.321309741124,1950.1990546784532,11.757794690443607,1.7727272727272727,"hbonds/salt bridges NOT COMPUTABLE: binder_side_chains=False, target_side_chains=True",mythos_preview_multi_target_il7ra_rank08,2018,
mythos_preview_multi_target_il7ra_rank09,Axp,Bxp,False,True,85,193,153,12,15,3.2367670598917067,0,902.9752461415177,436.43998160129894,0.5156887321539994,,,0.7283236994219653,0.1676300578034682,5005.1667710298125,1604.288791438423,13.829471333418777,1.8,"hbonds/salt bridges NOT COMPUTABLE: binder_side_chains=False, target_side_chains=True",mythos_preview_multi_target_il7ra_rank09,2005,
mythos_preview_multi_target_il7ra_rank10,Axp,Bxp,False,True,91,193,134,15,18,3.116132538901387,0,1145.9695839150543,574.7905589261627,0.5786083455088168,,,0.5656108597285068,0.3438914027149321,5099.88456021668,1943.092840391526,12.13564921184689,1.4725274725274726,"hbonds/salt bridges NOT COMPUTABLE: binder_side_chains=False, target_side_chains=True",mythos_preview_multi_target_il7ra_rank10,2034,
mythos_preview_multi_target_il7ra_rank11,Axp,Bxp,False,True,85,193,147,10,14,3.230920921347349,0,874.2637254937163,426.48279929943556,0.674076025605069,,,0.7612903225806451,0.12258064516129032,4955.700018015904,1631.977259268132,13.824189502671999,1.7294117647058824,"hbonds/salt bridges NOT COMPUTABLE: binder_side_chains=False, target_side_chains=True",mythos_preview_multi_target_il7ra_rank11,2006,
mythos_preview_multi_target_il7ra_rank12,Axp,Bxp,False,True,85,193,110,16,16,3.1164117186276923,0,1200.457735694575,611.2735329348386,0.5612239010653218,,,0.6172248803827751,0.18181818181818182,5194.508743601569,1853.099146032452,14.700987686459783,1.2941176470588236,"hbonds/salt bridges NOT COMPUTABLE: binder_side_chains=False, target_side_chains=True",mythos_preview_multi_target_il7ra_rank12,2008,
mythos_preview_multi_target_il7ra_rank13,Axp,Bxp,False,True,85,193,85,9,14,3.6258412816889822,0,774.4819484721331,384.3738338485141,0.5368876201124799,,,0.5838926174496645,0.3221476510067114,5110.178958342161,1576.501486372012,13.739832363449132,1.0,"hbonds/salt bridges NOT COMPUTABLE: binder_side_chains=False, target_side_chains=True",mythos_preview_multi_target_il7ra_rank13,2007,
mythos_preview_multi_target_il7ra_rank14,Axp,Bxp,False,True,91,193,145,11,18,3.206190730446334,0,1106.8447490302851,551.7817938541425,0.64296760463888,,,0.5513513513513514,0.2702702702702703,4639.506325549952,1775.65619627906,12.027973809569051,1.5934065934065933,"hbonds/salt bridges NOT COMPUTABLE: binder_side_chains=False, target_side_chains=True",mythos_preview_multi_target_il7ra_rank14,2033,
mythos_preview_multi_target_il7ra_rank15,Axp,Bxp,False,True,85,193,89,9,16,3.2786140364489382,0,842.9195502022067,404.87932325776,0.5231490360667533,,,0.5786163522012578,0.3333333333333333,5048.3221736754485,1675.6293067350043,13.701527954039708,1.0470588235294118,"hbonds/salt bridges NOT COMPUTABLE: binder_side_chains=False, target_side_chains=True",mythos_preview_multi_target_il7ra_rank15,2007,
mythos_preview_multi_target_il7ra_rank16,Axp,Bxp,False,True,95,193,59,6,10,2.9812510796643754,0,474.63587485659855,236.55061708175847,0.6757952860151752,,,0.638095238095238,0.3238095238095238,5575.152509856083,2592.2128122057966,12.832117833046423,0.6210526315789474,"hbonds/salt bridges NOT COMPUTABLE: binder_side_chains=False, target_side_chains=True",mythos_preview_multi_target_il7ra_rank16,2057,
mythos_preview_multi_target_il7ra_rank17,Axp,Bxp,False,True,85,193,124,11,15,3.294972230535487,0,877.1331059734218,433.7036407409238,0.41061248558988234,,,0.5117647058823529,0.34705882352941175,5154.099953458377,1828.6169876649963,12.085292718321652,1.4588235294117646,"hbonds/salt bridges NOT COMPUTABLE: binder_side_chains=False, target_side_chains=True",mythos_preview_multi_target_il7ra_rank17,2008,
mythos_preview_multi_target_il7ra_rank18,Axp,Bxp,False,True,91,193,166,15,20,3.1707659957808305,0,1268.2827131981,628.8372349832632,0.6697970751319969,,,0.6060606060606061,0.35064935064935066,5121.927463116003,2058.6374492797077,12.113975579942114,1.8241758241758241,"hbonds/salt bridges NOT COMPUTABLE: binder_side_chains=False, target_side_chains=True",mythos_preview_multi_target_il7ra_rank18,2034,
mythos_preview_multi_target_il7ra_rank19,Axp,Bxp,False,True,85,193,94,15,17,3.2748283924505106,0,1174.7016888242858,597.308101839048,0.48867367836408254,,,0.49261083743842365,0.3251231527093596,5008.995580246827,1613.24880491384,14.609135644637808,1.1058823529411765,"hbonds/salt bridges NOT COMPUTABLE: binder_side_chains=False, target_side_chains=True",mythos_preview_multi_target_il7ra_rank19,2008,
mythos_preview_multi_target_il7ra_rank20,Axp,Bxp,False,True,85,193,116,11,15,3.1950913914941457,0,882.4271676631679,432.4872160654538,0.514498590465699,,,0.5411764705882353,0.34705882352941175,5119.666103746653,1855.681985943953,12.065138285382536,1.3647058823529412,"hbonds/salt bridges NOT COMPUTABLE: binder_side_chains=False, target_side_chains=True",mythos_preview_multi_target_il7ra_rank20,2008,
mythos_preview_multi_target_il7ra_rank21,Axp,Bxp,False,True,95,193,145,10,15,2.942628246992813,0,732.3385620930071,362.89419119378397,0.5003277633882574,,,0.5246913580246914,0.345679012345679,5579.870171248486,2231.598829937284,12.744275268954704,1.5263157894736843,"hbonds/salt bridges NOT COMPUTABLE: binder_side_chains=False, target_side_chains=True",mythos_preview_multi_target_il7ra_rank21,2056,
mythos_preview_multi_target_il7ra_rank22,Axp,Bxp,False,True,67,193,54,8,10,3.885062032966787,0,647.3502170588145,321.39119798844445,0.6480415040566805,,,0.7642276422764228,0.2032520325203252,3480.586987444013,1049.844579764954,10.655629807039375,0.8059701492537313,"hbonds/salt bridges NOT COMPUTABLE: binder_side_chains=False, target_side_chains=True",mythos_preview_multi_target_il7ra_rank22,1917,
mythos_preview_multi_target_il7ra_rank23,Axp,Bxp,False,True,88,193,97,11,19,3.523757369626917,0,812.8888065036705,390.9610843472657,0.6730432590373275,,,0.5916230366492147,0.36649214659685864,5548.722263543235,2293.7804416252793,14.253917743669641,1.1022727272727273,"hbonds/salt bridges NOT COMPUTABLE: binder_side_chains=False, target_side_chains=True",mythos_preview_multi_target_il7ra_rank23,2020,
mythos_preview_multi_target_il7ra_rank24,Axp,Bxp,False,True,88,193,74,10,17,3.4873508570260032,0,870.9187352044544,417.7864610613442,0.5305897054073768,,,0.5202312138728323,0.43352601156069365,5483.362261590308,2000.681703142844,14.259905313489293,0.8409090909090909,"hbonds/salt bridges NOT COMPUTABLE: binder_side_chains=False, target_side_chains=True",mythos_preview_multi_target_il7ra_rank24,2019,
mythos_preview_multi_target_il7ra_rank25,Axp,Bxp,False,True,91,193,144,13,18,3.33655525954539,0,1113.5291293784267,548.4405188396709,0.6085464572662069,,,0.5665024630541872,0.2955665024630542,4579.368224269428,1570.3498518424271,11.984176871455665,1.5824175824175823,"hbonds/salt bridges NOT COMPUTABLE: binder_side_chains=False, target_side_chains=True",mythos_preview_multi_target_il7ra_rank25,2032,
mythos_preview_multi_target_il7ra_rank26,Axp,Bxp,False,True,88,193,77,11,18,3.7115900905137686,0,782.6694443140325,368.37424882772103,0.4422145260206217,,,0.46195652173913043,0.43478260869565216,5494.743145387285,2068.267373240756,14.231626386948424,0.875,"hbonds/salt bridges NOT COMPUTABLE: binder_side_chains=False, target_side_chains=True",mythos_preview_multi_target_il7ra_rank26,2020,
mythos_preview_multi_target_il7ra_rank27,Axp,Bxp,False,True,67,193,60,7,10,3.7369391217947343,0,679.746224888943,335.43430837736975,0.5095611443362095,,,0.7478991596638656,0.21008403361344538,3486.0178996415693,1056.3207681338522,10.627729281699297,0.8955223880597015,"hbonds/salt bridges NOT COMPUTABLE: binder_side_chains=False, target_side_chains=True",mythos_preview_multi_target_il7ra_rank27,1914,
mythos_preview_multi_target_il7ra_rank28,Axp,Bxp,False,True,95,193,129,10,13,2.94161877203692,0,769.9036372025644,372.5395909134263,0.681264912958808,,,0.47058823529411764,0.42483660130718953,5666.076006367832,2397.293747764402,12.905950141270818,1.3578947368421053,"hbonds/salt bridges NOT COMPUTABLE: binder_side_chains=False, target_side_chains=True",mythos_preview_multi_target_il7ra_rank28,2057,
mythos_preview_multi_target_il7ra_rank29,Axp,Bxp,False,True,76,193,128,13,18,3.1770102297600493,0,919.8859066909504,449.32675368902886,0.36320219636656165,,,0.46733668341708545,0.3768844221105528,4780.34186168651,1618.6213654426303,12.79768813325815,1.6842105263157894,"hbonds/salt bridges NOT COMPUTABLE: binder_side_chains=False, target_side_chains=True",mythos_preview_multi_target_il7ra_rank29,1961,
mythos_preview_multi_target_il7ra_rank30,Axp,Bxp,False,True,80,193,149,7,17,2.6555743258285953,0,798.7032317174542,369.08368874439407,0.31206294550622626,,,0.5133333333333333,0.3933333333333333,4108.661156889916,987.2357661124646,11.725309827382699,1.8625,"hbonds/salt bridges NOT COMPUTABLE: binder_side_chains=False, target_side_chains=True",mythos_preview_multi_target_il7ra_rank30,1978,
mythos_preview_multi_target_mbp_rank01,Axp,Bxp,False,True,90,370,174,13,17,2.843819438712662,0,842.0849656251328,417.92514188835247,0.4366020965830711,,,0.27472527472527475,0.47802197802197804,5060.015768873345,1741.1454595019138,12.652142654877352,1.9333333333333333,"hbonds/salt bridges NOT COMPUTABLE: binder_side_chains=False, target_side_chains=True",mythos_preview_multi_target_mbp_rank01,3320,
mythos_preview_multi_target_mbp_rank02,Axp,Bxp,False,True,90,370,176,13,17,2.8584971575987272,0,860.6154450058548,422.9323898279243,0.5006518821451856,,,0.358695652173913,0.3967391304347826,5008.690586236557,1893.667706650727,12.593439192208807,1.9555555555555555,"hbonds/salt bridges NOT COMPUTABLE: binder_side_chains=False, target_side_chains=True",mythos_preview_multi_target_mbp_rank02,3320,
mythos_preview_multi_target_mbp_rank03,Axp,Bxp,False,True,100,370,135,15,16,2.9056732438455635,0,862.8717231905646,419.519076727996,0.5658989788407882,,,0.33663366336633666,0.45544554455445546,5762.220761574354,1510.6373953891684,14.365556911015009,1.35,"hbonds/salt bridges NOT COMPUTABLE: binder_side_chains=False, target_side_chains=True",mythos_preview_multi_target_mbp_rank03,3375,
mythos_preview_multi_target_mbp_rank04,Axp,Bxp,False,True,100,370,129,14,16,3.01898426627235,0,794.7837943819341,391.48096329504085,0.37921845920668,,,0.30687830687830686,0.4126984126984127,5765.601852860935,1459.740480126557,14.336376174428626,1.29,"hbonds/salt bridges NOT COMPUTABLE: binder_side_chains=False, target_side_chains=True",mythos_preview_multi_target_mbp_rank04,3375,
mythos_preview_multi_target_mbp_rank05,Axp,Bxp,False,True,100,370,284,14,20,2.480951027328029,0,1247.9538769096753,620.4173432395892,0.35618736342384133,,,0.3275862068965517,0.46120689655172414,5083.861959614926,1692.7702596850436,12.217632393913847,2.84,"hbonds/salt bridges NOT COMPUTABLE: binder_side_chains=False, target_side_chains=True",mythos_preview_multi_target_mbp_rank05,3372,
mythos_preview_multi_target_mbp_rank06,Axp,Bxp,False,True,118,370,181,12,12,2.8931220160926494,0,790.786363594014,403.3305044204418,0.5229167640307582,,,0.3696969696969697,0.2606060606060606,7093.074698585888,2979.62223044449,12.941147286794079,1.5338983050847457,"hbonds/salt bridges NOT COMPUTABLE: binder_side_chains=False, target_side_chains=True",mythos_preview_multi_target_mbp_rank06,3458,
mythos_preview_multi_target_mbp_rank07,Axp,Bxp,False,True,100,370,285,14,21,2.490093572538992,0,1204.0632732876074,602.8803447287203,0.3216878302368604,,,0.29957805907172996,0.45147679324894513,5108.189701873908,1471.1729133612507,12.228452318753392,2.85,"hbonds/salt bridges NOT COMPUTABLE: binder_side_chains=False, target_side_chains=True",mythos_preview_multi_target_mbp_rank07,3373,
mythos_preview_multi_target_mbp_rank08,Axp,Bxp,False,True,110,370,154,13,17,3.3656335213448303,0,958.9829453102843,473.82287165514487,0.27949931702038705,,,0.2894736842105263,0.47368421052631576,5888.702101353789,1769.9301109630514,14.44290779564194,1.4,"hbonds/salt bridges NOT COMPUTABLE: binder_side_chains=False, target_side_chains=True",mythos_preview_multi_target_mbp_rank08,3422,
mythos_preview_multi_target_mbp_rank09,Axp,Bxp,False,True,110,370,168,12,18,3.2387437379329667,0,979.9333798529681,490.3191971108646,0.41441645102822683,,,0.3783783783783784,0.4,5923.426452772281,2078.0154757219743,14.451688542349766,1.5272727272727273,"hbonds/salt bridges NOT COMPUTABLE: binder_side_chains=False, target_side_chains=True",mythos_preview_multi_target_mbp_rank09,3423,
mythos_preview_multi_target_mbp_rank10,Axp,Bxp,False,True,118,370,173,12,12,2.937414509394274,0,821.8789382912665,428.12724548530946,0.5299469517694139,,,0.33532934131736525,0.3413173652694611,7038.635910788324,2807.761896057406,12.945761207314217,1.4661016949152543,"hbonds/salt bridges NOT COMPUTABLE: binder_side_chains=False, target_side_chains=True",mythos_preview_multi_target_mbp_rank10,3458,
mythos_preview_multi_target_mbp_rank11,Axp,Bxp,False,True,85,370,255,18,26,2.70616573771822,0,1437.6796564900114,700.7437286850366,0.23547375742561139,,,0.29692832764505117,0.49829351535836175,4661.947077011104,1537.6938567315665,11.799742694568387,3.0,"hbonds/salt bridges NOT COMPUTABLE: binder_side_chains=False, target_side_chains=True",mythos_preview_multi_target_mbp_rank11,3291,
mythos_preview_multi_target_mbp_rank12,Axp,Bxp,False,True,65,370,45,7,8,3.7384849872642274,0,504.38532308075196,244.60876126092077,0.5277484475058493,,,0.4659090909090909,0.3068181818181818,3787.8039886752863,1244.3713822158018,14.923409143000097,0.6923076923076923,"hbonds/salt bridges NOT COMPUTABLE: binder_side_chains=False, target_side_chains=True",mythos_preview_multi_target_mbp_rank12,3201,
mythos_preview_multi_target_mbp_rank13,Axp,Bxp,False,True,88,370,218,17,19,2.162135518416919,1,1191.300498496005,586.961430343632,0.553846820108836,,,0.47035573122529645,0.3675889328063241,4984.314381496119,1981.8866333651974,12.338592341550019,2.477272727272727,"hbonds/salt bridges NOT COMPUTABLE: binder_side_chains=False, target_side_chains=True",mythos_preview_multi_target_mbp_rank13,3313,
mythos_preview_multi_target_mbp_rank14,Axp,Bxp,False,True,85,370,248,17,26,2.5777986732869578,0,1440.7388438023877,699.7937520438865,0.4020677420820634,,,0.4181184668989547,0.43205574912891986,4693.239457001126,1940.5527124810146,11.827892909498049,2.9176470588235293,"hbonds/salt bridges NOT COMPUTABLE: binder_side_chains=False, target_side_chains=True",mythos_preview_multi_target_mbp_rank14,3292,
mythos_preview_multi_target_mbp_rank15,Axp,Bxp,False,True,88,370,223,20,22,2.1319477010470966,1,1223.928670023234,603.5817121181835,0.5548001712462919,,,0.45918367346938777,0.40476190476190477,4991.1643920725965,2211.505995552636,12.387367202707676,2.534090909090909,"hbonds/salt bridges NOT COMPUTABLE: binder_side_chains=False, target_side_chains=True",mythos_preview_multi_target_mbp_rank15,3313,
mythos_preview_multi_target_mbp_rank16,Axp,Bxp,False,True,65,370,45,7,8,3.7384849872642274,0,504.38532308075196,244.60876126092077,0.45027967482235287,,,0.4090909090909091,0.25,3800.9590391165343,1208.1059293506405,14.909990087374998,0.6923076923076923,"hbonds/salt bridges NOT COMPUTABLE: binder_side_chains=False, target_side_chains=True",mythos_preview_multi_target_mbp_rank16,3200,
mythos_preview_multi_target_mbp_rank17,Axp,Bxp,False,True,110,370,79,9,14,3.6138263655023604,0,778.2466418808164,380.8364414978675,0.3604270369611471,,,0.2773722627737226,0.3284671532846715,6439.281498426615,2057.302709493084,14.5912639742695,0.7181818181818181,"hbonds/salt bridges NOT COMPUTABLE: binder_side_chains=False, target_side_chains=True",mythos_preview_multi_target_mbp_rank17,3425,
mythos_preview_multi_target_mbp_rank18,Axp,Bxp,False,True,90,370,59,6,8,3.4905430809545948,0,395.5111895784447,202.11676737003424,0.6983990783137325,,,0.42857142857142855,0.38095238095238093,4835.05620813709,1565.3943035906545,12.855678336034742,0.6555555555555556,"hbonds/salt bridges NOT COMPUTABLE: binder_side_chains=False, target_side_chains=True",mythos_preview_multi_target_mbp_rank18,3324,
mythos_preview_multi_target_mbp_rank19,Axp,Bxp,False,True,90,370,56,6,8,3.5501811221401085,0,400.6618443931037,200.80412800477342,0.7269008509960394,,,0.42857142857142855,0.38095238095238093,4877.826506159789,1627.277914726809,12.829952523696486,0.6222222222222222,"hbonds/salt bridges NOT COMPUTABLE: binder_side_chains=False, target_side_chains=True",mythos_preview_multi_target_mbp_rank19,3323,
mythos_preview_multi_target_mbp_rank20,Axp,Bxp,False,True,96,370,167,11,13,3.111477623252333,0,765.1904833126639,372.8069541073453,0.5020358565164849,,,0.3918918918918919,0.3108108108108108,5544.871012427397,2364.621990053879,13.56245113287005,1.7395833333333333,"hbonds/salt bridges NOT COMPUTABLE: binder_side_chains=False, target_side_chains=True",mythos_preview_multi_target_mbp_rank20,3352,
mythos_preview_multi_target_mbp_rank21,Axp,Bxp,False,True,95,370,108,9,15,2.4749549490849314,0,777.9202030859115,388.5892365301994,0.4141013113484417,,,0.3525641025641026,0.41025641025641024,5659.4360454079915,2214.294104396303,12.823140912471409,1.1368421052631579,"hbonds/salt bridges NOT COMPUTABLE: binder_side_chains=False, target_side_chains=True",mythos_preview_multi_target_mbp_rank21,3346,
mythos_preview_multi_target_mbp_rank22,Axp,Bxp,False,False,110,370,28,5,7,2.9122899924286387,0,249.0506727729299,121.79785345146301,0.286715922527996,,,0.16666666666666666,0.4166666666666667,5918.226734475831,2182.2895526699103,14.56495029040728,0.2545454545454545,"hbonds/salt bridges NOT COMPUTABLE: binder_side_chains=False, target_side_chains=False",mythos_preview_multi_target_mbp_rank22,1920,
mythos_preview_multi_target_mbp_rank23,Axp,Bxp,False,True,95,370,108,9,15,2.4749549490849314,0,777.9202030859115,388.5892365301994,0.4170983819425231,,,0.3525641025641026,0.41025641025641024,5635.655923725825,2284.598399503844,12.811608989097,1.1368421052631579,"hbonds/salt bridges NOT COMPUTABLE: binder_side_chains=False, target_side_chains=True",mythos_preview_multi_target_mbp_rank23,3347,
mythos_preview_multi_target_mbp_rank24,Axp,Bxp,False,True,96,370,147,10,12,3.159381901575055,0,644.0373802874071,308.25456001196625,0.3129771391504561,,,0.3925925925925926,0.34074074074074073,5452.124108221307,2123.095554618183,13.533297558986588,1.53125,"hbonds/salt bridges NOT COMPUTABLE: binder_side_chains=False, target_side_chains=True",mythos_preview_multi_target_mbp_rank24,3349,
mythos_preview_multi_target_mbp_rank25,Axp,Bxp,False,False,65,370,3,2,2,4.829424499875737,0,89.07716885013527,44.33832155249978,0.9737331199467664,,,0.5,0.0,3611.5963593514607,1134.4517266783798,11.329297558572009,0.046153846153846156,"hbonds/salt bridges NOT COMPUTABLE: binder_side_chains=False, target_side_chains=False",mythos_preview_multi_target_mbp_rank25,1740,
mythos_preview_multi_target_mbp_rank26,Axp,Bxp,False,False,65,370,10,2,4,3.303520697679978,0,135.97781434819836,61.5311927359142,0.9360012715390794,,,0.6666666666666666,0.16666666666666666,3569.6576272450684,1322.9452370289935,11.837995378752556,0.15384615384615385,"hbonds/salt bridges NOT COMPUTABLE: binder_side_chains=False, target_side_chains=False",mythos_preview_multi_target_mbp_rank26,1740,
mythos_preview_multi_target_mbp_rank27,Axp,Bxp,False,False,65,370,3,2,2,4.829424499875737,0,89.07716885013527,44.33832155249978,0.7368925144752184,,,0.25,0.25,3611.5963593514607,1133.8161824845586,11.329297558572009,0.046153846153846156,"hbonds/salt bridges NOT COMPUTABLE: binder_side_chains=False, target_side_chains=False",mythos_preview_multi_target_mbp_rank27,1740,
mythos_preview_multi_target_mbp_rank28,Axp,Bxp,False,False,85,370,6,1,1,4.137988521008728,0,82.64253145885566,41.98961224828207,0.09083107875344859,,,0.0,0.5,4538.60506247491,1702.5113823669312,18.621203423569227,0.07058823529411765,"hbonds/salt bridges NOT COMPUTABLE: binder_side_chains=False, target_side_chains=False",mythos_preview_multi_target_mbp_rank28,1820,
mythos_preview_multi_target_mbp_rank29,Axp,Bxp,False,False,60,370,0,0,0,,0,0.0,0.0,,,,,,3450.383838604287,1406.5764959914263,11.555377545125875,0.0,"no atoms within the BSA zone: chains are not in contact; hbonds/salt bridges NOT COMPUTABLE: binder_side_chains=False, target_side_chains=False",mythos_preview_multi_target_mbp_rank29,1720,
mythos_preview_multi_target_mbp_rank30,Axp,Bxp,False,False,60,370,0,0,0,,0,0.0,0.0,,,,,,3450.383838604287,1569.1937867232016,11.555377545125875,0.0,"no atoms within the BSA zone: chains are not in contact; hbonds/salt bridges NOT COMPUTABLE: binder_side_chains=False, target_side_chains=False",mythos_preview_multi_target_mbp_rank30,1720,
mythos_preview_multi_target_nipahg_rank01,Axp,Bxp,False,True,90,416,354,21,36,2.130112673076238,1,1889.570482489211,899.396999427276,0.5398168757403639,,,0.49577464788732395,0.17183098591549295,5254.429077874807,2225.2537825730255,12.17580527120434,3.933333333333333,"hbonds/salt bridges NOT COMPUTABLE: binder_side_chains=False, target_side_chains=True",mythos_preview_multi_target_nipahg_rank01,3736,
mythos_preview_multi_target_nipahg_rank02,Axp,Bxp,False,True,63,416,161,18,17,3.0929760749155495,0,977.8806222358171,492.12028583826606,0.6987289290861664,,,0.5659574468085107,0.16170212765957448,3748.306151128847,1770.5018808260047,10.40977960061892,2.5555555555555554,"hbonds/salt bridges NOT COMPUTABLE: binder_side_chains=False, target_side_chains=True",mythos_preview_multi_target_nipahg_rank02,3604,
mythos_preview_multi_target_nipahg_rank03,Axp,Bxp,False,True,90,416,380,26,36,2.6412048387052445,0,2098.970103607896,995.1280615177145,0.38824286617042797,,,0.3611111111111111,0.2676767676767677,5254.809237904088,2097.6465916002335,12.163066070691668,4.222222222222222,"hbonds/salt bridges NOT COMPUTABLE: binder_side_chains=False, target_side_chains=True",mythos_preview_multi_target_nipahg_rank03,3736,
mythos_preview_multi_target_nipahg_rank04,Axp,Bxp,False,True,85,416,333,23,28,2.660041728995994,0,1684.0671601931979,839.5844900775498,0.41676917958483445,,,0.2912621359223301,0.21035598705501618,5064.076946673936,1906.182514168272,12.599047152453432,3.9176470588235293,"hbonds/salt bridges NOT COMPUTABLE: binder_side_chains=False, target_side_chains=True",mythos_preview_multi_target_nipahg_rank04,3710,
mythos_preview_multi_target_nipahg_rank05,Axp,Bxp,False,True,85,416,326,26,32,3.160574947695433,0,1828.470616765536,926.3519736678643,0.3281702635918025,,,0.39528795811518325,0.2801047120418848,4793.556206274319,1778.331439991872,13.851155395259198,3.835294117647059,"hbonds/salt bridges NOT COMPUTABLE: binder_side_chains=False, target_side_chains=True",mythos_preview_multi_target_nipahg_rank05,3715,
mythos_preview_multi_target_nipahg_rank06,Axp,Bxp,False,True,85,416,416,29,32,3.030565128816736,0,2051.970907714199,1034.9827976487004,0.33603905875554246,,,0.3765281173594132,0.293398533007335,4853.50843454254,1569.6173007311024,13.886985798644286,4.894117647058824,"hbonds/salt bridges NOT COMPUTABLE: binder_side_chains=False, target_side_chains=True",mythos_preview_multi_target_nipahg_rank06,3715,
mythos_preview_multi_target_nipahg_rank07,Axp,Bxp,False,True,85,416,343,22,30,2.4793511247905156,0,1650.2263065834866,821.3749995114338,0.4363722232597215,,,0.35,0.28125,4913.153114549072,2045.2843965466927,12.536192786238859,4.035294117647059,"hbonds/salt bridges NOT COMPUTABLE: binder_side_chains=False, target_side_chains=True",mythos_preview_multi_target_nipahg_rank07,3710,
mythos_preview_multi_target_nipahg_rank08,Axp,Bxp,False,True,63,416,152,17,16,3.0790040597569868,0,1023.2605320030652,523.4275132683498,0.6003887967355582,,,0.48148148148148145,0.17592592592592593,3712.9482087676183,1614.556868481105,10.397762096933013,2.4126984126984126,"hbonds/salt bridges NOT COMPUTABLE: binder_side_chains=False, target_side_chains=True",mythos_preview_multi_target_nipahg_rank08,3604,
mythos_preview_multi_target_nipahg_rank09,Axp,Bxp,False,True,86,416,295,21,28,2.9972048645362896,0,1685.8536746625066,830.8994342548144,0.3657776076311885,,,0.3610223642172524,0.19808306709265175,4609.643069717148,1705.3277518853818,12.056102337063964,3.4302325581395348,"hbonds/salt bridges NOT COMPUTABLE: binder_side_chains=False, target_side_chains=True",mythos_preview_multi_target_nipahg_rank09,3713,
mythos_preview_multi_target_nipahg_rank10,Axp,Bxp,False,True,86,416,330,23,30,2.590875141723352,0,1679.5532242548304,834.1490976956875,0.17537004546225804,,,0.31378299120234604,0.2844574780058651,4581.4495703797265,1695.1134233952728,12.050367848747218,3.8372093023255816,"hbonds/salt bridges NOT COMPUTABLE: binder_side_chains=False, target_side_chains=True",mythos_preview_multi_target_nipahg_rank10,3713,
mythos_preview_multi_target_nipahg_rank11,Axp,Bxp,False,True,85,416,323,21,31,2.3427609779915666,0,1533.5810338795702,733.471789199551,0.4011356650376424,,,0.3668639053254438,0.26627218934911245,4779.4871845755515,1545.8852863938318,13.994437830557988,3.8,"hbonds/salt bridges NOT COMPUTABLE: binder_side_chains=False, target_side_chains=True",mythos_preview_multi_target_nipahg_rank11,3712,
mythos_preview_multi_target_nipahg_rank12,Axp,Bxp,False,True,85,416,200,18,28,2.1502874226484243,1,1382.7523920121098,652.490627549603,0.41807680480103804,,,0.3664383561643836,0.2671232876712329,4786.091017219875,1589.8840837350695,14.011555771910231,2.3529411764705883,"hbonds/salt bridges NOT COMPUTABLE: binder_side_chains=False, target_side_chains=True",mythos_preview_multi_target_nipahg_rank12,3712,
mythos_preview_multi_target_nipahg_rank13,Axp,Bxp,False,True,84,416,277,27,28,2.4186990304707194,0,1747.3738035286406,874.4079245965161,0.6148646978893793,,,0.4720670391061452,0.19553072625698323,4366.341525159386,1762.9191688881185,12.645151674177187,3.2976190476190474,"hbonds/salt bridges NOT COMPUTABLE: binder_side_chains=False, target_side_chains=True",mythos_preview_multi_target_nipahg_rank13,3706,
mythos_preview_multi_target_nipahg_rank14,Axp,Bxp,False,True,90,416,240,17,27,2.4408826272477757,0,1173.3461872079513,573.3483220343921,0.3749335238187764,,,0.32608695652173914,0.32608695652173914,4824.703103206282,1916.7068632168964,13.101682118778971,2.6666666666666665,"hbonds/salt bridges NOT COMPUTABLE: binder_side_chains=False, target_side_chains=True",mythos_preview_multi_target_nipahg_rank14,3735,
mythos_preview_multi_target_nipahg_rank15,Axp,Bxp,False,True,90,416,232,17,24,2.3729003350330586,0,1072.3045086003922,525.940691777532,0.4016608012489253,,,0.32432432432432434,0.33976833976833976,4826.5319335627255,1867.7535283971747,13.084066989178902,2.577777777777778,"hbonds/salt bridges NOT COMPUTABLE: binder_side_chains=False, target_side_chains=True",mythos_preview_multi_target_nipahg_rank15,3735,
mythos_preview_multi_target_nipahg_rank16,Axp,Bxp,False,False,70,413,55,8,11,2.355776305169911,0,460.9700287680739,228.6931933549635,0.5523612368690767,,,0.3157894736842105,0.10526315789473684,3834.6792009319543,1463.0348361377025,12.612726750658359,0.7857142857142857,"hbonds/salt bridges NOT COMPUTABLE: binder_side_chains=False, target_side_chains=False",mythos_preview_multi_target_nipahg_rank16,1932,
mythos_preview_multi_target_nipahg_rank17,Axp,Bxp,False,True,99,416,411,30,34,2.6165203993089756,0,1963.9167916821561,943.5300930249055,0.5871215240259281,,,0.48687350835322196,0.21957040572792363,5633.130670573575,2492.4327698897223,13.572353260625265,4.151515151515151,"hbonds/salt bridges NOT COMPUTABLE: binder_side_chains=False, target_side_chains=True",mythos_preview_multi_target_nipahg_rank17,3781,
mythos_preview_multi_target_nipahg_rank18,Axp,Bxp,False,True,99,416,415,31,35,2.57777229405547,0,2024.6247368927466,999.538761989665,0.5767734144970723,,,0.45990566037735847,0.25235849056603776,5634.69765601189,2343.50419057735,13.523781721610366,4.191919191919192,"hbonds/salt bridges NOT COMPUTABLE: binder_side_chains=False, target_side_chains=True",mythos_preview_multi_target_nipahg_rank18,3782,
mythos_preview_multi_target_nipahg_rank19,Axp,Bxp,False,False,104,413,45,10,8,2.4919075022961827,0,443.14621650703066,216.55198949942297,0.6146202922193935,,,0.5,0.05555555555555555,5498.112667417443,2356.321752013012,12.520216164668978,0.4326923076923077,"hbonds/salt bridges NOT COMPUTABLE: binder_side_chains=False, target_side_chains=False",mythos_preview_multi_target_nipahg_rank19,2068,
mythos_preview_multi_target_nipahg_rank20,Axp,Bxp,False,False,104,413,45,10,8,2.4919075022961827,0,443.14621650703066,216.55198949942297,0.6146202922193936,,,0.5,0.05555555555555555,5498.112667417443,2330.0449110353484,12.520216164668978,0.4326923076923077,"hbonds/salt bridges NOT COMPUTABLE: binder_side_chains=False, target_side_chains=False",mythos_preview_multi_target_nipahg_rank20,2068,
mythos_preview_multi_target_nipahg_rank21,Axp,Bxp,False,True,85,416,236,21,26,1.6878924728785312,5,1445.3973612983127,721.0178876021903,0.32317259909600604,,,0.3550488599348534,0.250814332247557,4977.778830685166,2154.8440665433086,12.162707174151182,2.776470588235294,"hbonds/salt bridges NOT COMPUTABLE: binder_side_chains=False, target_side_chains=True",mythos_preview_multi_target_nipahg_rank21,3712,
mythos_preview_multi_target_nipahg_rank22,Axp,Bxp,False,False,96,413,40,4,3,2.671610188631567,0,205.5763301774628,101.62911545648494,0.1318448464510697,,,0.2857142857142857,0.2857142857142857,4818.787593512361,1798.5976766318995,12.246906277837677,0.4166666666666667,"hbonds/salt bridges NOT COMPUTABLE: binder_side_chains=False, target_side_chains=False",mythos_preview_multi_target_nipahg_rank22,2036,
mythos_preview_multi_target_nipahg_rank23,Axp,Bxp,False,False,85,413,57,10,10,2.8579560878362007,0,496.33440456469293,248.8850425445932,0.4378928358744497,,,0.35,0.3,4588.97444969459,1891.436028502405,12.629196697669476,0.6705882352941176,"hbonds/salt bridges NOT COMPUTABLE: binder_side_chains=False, target_side_chains=False",mythos_preview_multi_target_nipahg_rank23,1992,
mythos_preview_multi_target_nipahg_rank24,Axp,Bxp,False,False,84,413,75,12,11,2.7694320717432306,0,529.0283583102682,268.1797211678502,0.1988342132199818,,,0.21739130434782608,0.13043478260869565,4558.407176607214,1518.9132382801263,12.46624398128025,0.8928571428571429,"hbonds/salt bridges NOT COMPUTABLE: binder_side_chains=False, target_side_chains=False",mythos_preview_multi_target_nipahg_rank24,1988,
mythos_preview_multi_target_nipahg_rank25,Axp,Bxp,False,False,85,413,39,7,8,2.8797619693301035,0,353.70455461358654,172.38481645105142,0.5371739276504788,,,0.4666666666666667,0.2,4657.266841548575,1750.4342884553737,12.427880991762295,0.4588235294117647,"hbonds/salt bridges NOT COMPUTABLE: binder_side_chains=False, target_side_chains=False",mythos_preview_multi_target_nipahg_rank25,1992,
mythos_preview_multi_target_nipahg_rank26,Axp,Bxp,False,False,77,413,70,9,10,2.6829705551869183,0,429.47680539379917,216.75639790838375,0.23921552268030294,,,0.3684210526315789,0.10526315789473684,4362.612222474901,1708.664724283828,12.29751173917314,0.9090909090909091,"hbonds/salt bridges NOT COMPUTABLE: binder_side_chains=False, target_side_chains=False",mythos_preview_multi_target_nipahg_rank26,1960,
mythos_preview_multi_target_nipahg_rank27,Axp,Bxp,False,False,85,413,3,2,2,4.308974471959656,0,211.29396051150374,107.16730621361191,0.4214291495318228,,,0.25,0.25,4668.491301349602,1830.825336073091,13.695809905528856,0.03529411764705882,"hbonds/salt bridges NOT COMPUTABLE: binder_side_chains=False, target_side_chains=False",mythos_preview_multi_target_nipahg_rank27,1992,
mythos_preview_multi_target_nipahg_rank28,Axp,Bxp,False,False,85,413,16,4,4,4.383667870630713,0,170.9954129522551,90.2899055690119,0.6979284712701008,,,0.375,0.125,4557.477715932002,1632.713156858588,14.108579677416333,0.18823529411764706,"hbonds/salt bridges NOT COMPUTABLE: binder_side_chains=False, target_side_chains=False",mythos_preview_multi_target_nipahg_rank28,1992,
mythos_preview_multi_target_nipahg_rank29,Axp,Bxp,False,False,104,413,59,9,8,2.4391986388976195,0,397.34633043839153,198.41834790724337,0.3203788121813574,,,0.4117647058823529,0.23529411764705882,5332.065235576394,2351.9747985537324,12.226090013639809,0.5673076923076923,"hbonds/salt bridges NOT COMPUTABLE: binder_side_chains=False, target_side_chains=False",mythos_preview_multi_target_nipahg_rank29,2068,
mythos_preview_multi_target_nipahg_rank30,Axp,Bxp,False,False,90,413,58,15,11,3.5431519865791814,0,605.6321750067875,313.42164672211334,0.49593894325276244,,,0.3076923076923077,0.19230769230769232,5141.845515676323,2558.0296479287304,12.071578759534587,0.6444444444444445,"hbonds/salt bridges NOT COMPUTABLE: binder_side_chains=False, target_side_chains=False",mythos_preview_multi_target_nipahg_rank30,2012,
mythos_preview_multi_target_pdl1_rank01,Axp,Bxp,False,True,75,115,166,16,18,3.071500284877082,0,1159.8385407981827,571.5900409216704,0.4297650706439329,,,0.3782608695652174,0.391304347826087,4480.604323267608,1697.1319649706966,12.608698256273327,2.2133333333333334,"hbonds/salt bridges NOT COMPUTABLE: binder_side_chains=False, target_side_chains=True",mythos_preview_multi_target_pdl1_rank01,1295,
mythos_preview_multi_target_pdl1_rank02,Axp,Bxp,False,True,75,115,161,16,18,3.2030880412501923,0,1164.1483688277563,571.318074611559,0.45502588237184255,,,0.3782608695652174,0.391304347826087,4494.742733186725,1450.5723702855862,12.651660119777196,2.1466666666666665,"hbonds/salt bridges NOT COMPUTABLE: binder_side_chains=False, target_side_chains=True",mythos_preview_multi_target_pdl1_rank02,1295,
mythos_preview_multi_target_pdl1_rank03,Axp,Bxp,False,True,75,115,157,16,18,3.0473826474533845,0,1135.3479820851537,551.84865514127,0.45788045768449986,,,0.41228070175438597,0.35526315789473684,4485.50246232841,1641.0002548467044,12.599071582245394,2.0933333333333333,"hbonds/salt bridges NOT COMPUTABLE: binder_side_chains=False, target_side_chains=True",mythos_preview_multi_target_pdl1_rank03,1295,
mythos_preview_multi_target_pdl1_rank04,Axp,Bxp,False,True,64,115,382,24,23,2.551533068568777,0,1500.373402416936,780.7673192350719,0.5279847070474836,,,0.5114754098360655,0.2983606557377049,4085.9673433109674,2096.456843144122,12.368828234427422,5.96875,"hbonds/salt bridges NOT COMPUTABLE: binder_side_chains=False, target_side_chains=True",mythos_preview_multi_target_pdl1_rank04,1236,
mythos_preview_multi_target_pdl1_rank05,Axp,Bxp,False,True,87,115,203,15,19,2.854005956545992,0,1071.9680440271927,537.0477789452002,0.7640001696934776,,,0.6135265700483091,0.21739130434782608,4521.636364415977,2429.158867413369,11.92086665826695,2.3333333333333335,"hbonds/salt bridges NOT COMPUTABLE: binder_side_chains=False, target_side_chains=True",mythos_preview_multi_target_pdl1_rank05,1351,
mythos_preview_multi_target_pdl1_rank06,Axp,Bxp,False,True,87,115,198,15,19,2.9205547418256,0,1061.9451751206725,520.1277892314964,0.7304245060914855,,,0.5893719806763285,0.24154589371980675,4423.476140931192,2035.1877411901085,11.873959998522455,2.2758620689655173,"hbonds/salt bridges NOT COMPUTABLE: binder_side_chains=False, target_side_chains=True",mythos_preview_multi_target_pdl1_rank06,1350,
mythos_preview_multi_target_pdl1_rank07,Axp,Bxp,False,True,87,115,220,15,19,2.9373544219245997,0,1107.8579399792648,545.0438834990035,0.7189362288491167,,,0.5893719806763285,0.24154589371980675,4447.015725888882,2127.6339266837563,11.898254605070195,2.528735632183908,"hbonds/salt bridges NOT COMPUTABLE: binder_side_chains=False, target_side_chains=True",mythos_preview_multi_target_pdl1_rank07,1351,
mythos_preview_multi_target_pdl1_rank08,Axp,Bxp,False,True,64,115,395,24,22,2.224978426861708,0,1488.7085732804676,770.2421506405378,0.4748539596511882,,,0.4866666666666667,0.30333333333333334,4065.3804866519936,2059.4254563309173,12.370402882119121,6.171875,"hbonds/salt bridges NOT COMPUTABLE: binder_side_chains=False, target_side_chains=True",mythos_preview_multi_target_pdl1_rank08,1236,
mythos_preview_multi_target_pdl1_rank09,Axp,Bxp,False,True,75,115,132,15,18,3.5549433188167714,0,989.9831162062259,492.64016478604117,0.3635040511202348,,,0.46859903381642515,0.391304347826087,4433.0339585112915,1235.8814329559527,12.664253457228906,1.76,"hbonds/salt bridges NOT COMPUTABLE: binder_side_chains=False, target_side_chains=True",mythos_preview_multi_target_pdl1_rank09,1294,
mythos_preview_multi_target_pdl1_rank10,Axp,Bxp,False,True,64,115,391,24,24,2.496717444966491,0,1486.1591435238824,774.8248191625263,0.47546472236532744,,,0.4870967741935484,0.29354838709677417,4101.520125560928,2003.5934541460774,12.385979463858856,6.109375,"hbonds/salt bridges NOT COMPUTABLE: binder_side_chains=False, target_side_chains=True",mythos_preview_multi_target_pdl1_rank10,1236,
mythos_preview_multi_target_pdl1_rank11,Axp,Bxp,False,True,75,115,142,15,17,3.3341343704176043,0,986.6688725476736,469.7481030515525,0.5495095687787019,,,0.5118483412322274,0.35071090047393366,4442.890200075285,1989.1602125859702,12.436634567726742,1.8933333333333333,"hbonds/salt bridges NOT COMPUTABLE: binder_side_chains=False, target_side_chains=True",mythos_preview_multi_target_pdl1_rank11,1292,
mythos_preview_multi_target_pdl1_rank12,Axp,Bxp,False,True,75,115,142,15,17,3.3341343704176043,0,986.6688725476736,469.7481030515525,0.5495095687787018,,,0.5118483412322274,0.3033175355450237,4442.890200075285,1840.8949190964604,12.436634567726742,1.8933333333333333,"hbonds/salt bridges NOT COMPUTABLE: binder_side_chains=False, target_side_chains=True",mythos_preview_multi_target_pdl1_rank12,1292,
mythos_preview_multi_target_pdl1_rank13,Axp,Bxp,False,True,75,115,135,15,17,3.200100154682662,0,990.2099255367166,490.28224924943856,0.47683343609834555,,,0.46411483253588515,0.33014354066985646,4422.475407080039,1938.422466798108,12.424132103078481,1.8,"hbonds/salt bridges NOT COMPUTABLE: binder_side_chains=False, target_side_chains=True",mythos_preview_multi_target_pdl1_rank13,1294,
mythos_preview_multi_target_pdl1_rank14,Axp,Bxp,False,True,75,115,98,16,16,3.1467681833906993,0,889.1687386567032,442.6636542163408,0.5544477485013717,,,0.4975609756097561,0.4097560975609756,4660.762204853156,2050.668266809036,11.581269940164761,1.3066666666666666,"hbonds/salt bridges NOT COMPUTABLE: binder_side_chains=False, target_side_chains=True",mythos_preview_multi_target_pdl1_rank14,1295,
mythos_preview_multi_target_pdl1_rank15,Axp,Bxp,False,True,75,115,102,14,15,3.128413176036695,0,880.3901180092848,434.5066454822798,0.5830271085733975,,,0.5666666666666667,0.3277777777777778,4730.97223852199,2145.217202220322,11.493909777882925,1.36,"hbonds/salt bridges NOT COMPUTABLE: binder_side_chains=False, target_side_chains=True",mythos_preview_multi_target_pdl1_rank15,1295,
mythos_preview_multi_target_pdl1_rank16,Axp,Bxp,False,True,75,115,102,14,15,3.128413176036695,0,880.3901180092848,434.5066454822798,0.4873220513105855,,,0.5388888888888889,0.35555555555555557,4730.97223852199,1903.131167178431,11.493909777882925,1.36,"hbonds/salt bridges NOT COMPUTABLE: binder_side_chains=False, target_side_chains=True",mythos_preview_multi_target_pdl1_rank16,1295,
mythos_preview_multi_target_pdl1_rank17,Axp,Bxp,False,True,75,115,92,16,16,3.1279701085528298,0,962.3169536843573,477.57583189822174,0.4563883613214588,,,0.4142857142857143,0.319047619047619,4123.025379025334,2197.129917319726,12.900817477200517,1.2266666666666666,"hbonds/salt bridges NOT COMPUTABLE: binder_side_chains=False, target_side_chains=True",mythos_preview_multi_target_pdl1_rank17,1295,
mythos_preview_multi_target_pdl1_rank18,Axp,Bxp,False,True,64,115,95,13,15,3.076726344672207,0,988.178339522231,479.30384444868116,0.3979978310334906,,,0.32386363636363635,0.4318181818181818,3905.272604518216,1652.3708943198117,11.529120670084055,1.484375,"hbonds/salt bridges NOT COMPUTABLE: binder_side_chains=False, target_side_chains=True",mythos_preview_multi_target_pdl1_rank18,1240,
mythos_preview_multi_target_pdl1_rank19,Axp,Bxp,False,True,75,115,99,11,12,3.3438334288657385,0,824.3588842138133,398.6454063188478,0.4708258989496713,,,0.5,0.24666666666666667,4198.110194696546,1603.4359719648596,10.946636025641142,1.32,"hbonds/salt bridges NOT COMPUTABLE: binder_side_chains=False, target_side_chains=True",mythos_preview_multi_target_pdl1_rank19,1293,
mythos_preview_multi_target_pdl1_rank20,Axp,Bxp,False,True,75,115,118,14,15,2.974043375608365,0,871.2271849666429,416.7068868936843,0.32298569650187975,,,0.41968911917098445,0.35751295336787564,4235.394097263608,1379.02838905784,10.969833740039153,1.5733333333333333,"hbonds/salt bridges NOT COMPUTABLE: binder_side_chains=False, target_side_chains=True",mythos_preview_multi_target_pdl1_rank20,1292,
mythos_preview_multi_target_pdl1_rank21,Axp,Bxp,False,True,64,115,104,15,14,3.4763380157861525,0,997.3223956907545,497.1701228469418,0.45937797694616617,,,0.39893617021276595,0.3723404255319149,3856.742811024593,1303.6040491753647,11.508780141482436,1.625,"hbonds/salt bridges NOT COMPUTABLE: binder_side_chains=False, target_side_chains=True",mythos_preview_multi_target_pdl1_rank21,1241,
mythos_preview_multi_target_pdl1_rank22,Axp,Bxp,False,True,75,115,118,14,15,2.974043375608365,0,871.2271849666429,416.7068868936843,0.3229856965018798,,,0.41968911917098445,0.35751295336787564,4235.394097263608,1548.481785403827,10.969833740039153,1.5733333333333333,"hbonds/salt bridges NOT COMPUTABLE: binder_side_chains=False, target_side_chains=True",mythos_preview_multi_target_pdl1_rank22,1292,
mythos_preview_multi_target_pdl1_rank23,Axp,Bxp,False,True,64,115,112,15,15,3.3592552746107285,0,993.5815100907462,485.5515707361706,0.6030920464414035,,,0.3471502590673575,0.44041450777202074,3807.9930650679216,1732.9988180236096,11.500022456381675,1.75,"hbonds/salt bridges NOT COMPUTABLE: binder_side_chains=False, target_side_chains=True",mythos_preview_multi_target_pdl1_rank23,1240,
mythos_preview_multi_target_pdl1_rank24,Axp,Bxp,False,True,75,115,82,8,13,3.2036984876857564,0,662.2388529627073,319.90189184326397,0.3677575022656506,,,0.5357142857142857,0.32857142857142857,4400.571307939612,1478.2117882926038,12.769315370369444,1.0933333333333333,"hbonds/salt bridges NOT COMPUTABLE: binder_side_chains=False, target_side_chains=True",mythos_preview_multi_target_pdl1_rank24,1295,
mythos_preview_multi_target_pdl1_rank25,Axp,Bxp,False,True,75,115,92,16,16,3.1279701085528298,0,962.3169536843573,477.57583189822174,0.38793425282365956,,,0.36666666666666664,0.34285714285714286,4123.025379025334,2150.7666480746084,12.900817477200517,1.2266666666666666,"hbonds/salt bridges NOT COMPUTABLE: binder_side_chains=False, target_side_chains=True",mythos_preview_multi_target_pdl1_rank25,1295,
mythos_preview_multi_target_pdl1_rank26,Axp,Bxp,False,True,77,115,100,13,15,2.911773514544014,0,830.9156612638251,401.85812189829517,0.5630726419242064,,,0.5730337078651685,0.29213483146067415,4767.582979737978,2196.790270176577,17.602483436713644,1.2987012987012987,"hbonds/salt bridges NOT COMPUTABLE: binder_side_chains=False, target_side_chains=True",mythos_preview_multi_target_pdl1_rank26,1303,
mythos_preview_multi_target_pdl1_rank27,Axp,Bxp,False,False,64,115,6,2,2,4.047873145245537,0,128.91050117378126,60.81059333577166,0.5441906046714515,,,0.5,0.25,3474.9526093152917,1175.284181079557,11.489857150622253,0.09375,"hbonds/salt bridges NOT COMPUTABLE: binder_side_chains=False, target_side_chains=False",mythos_preview_multi_target_pdl1_rank27,716,
mythos_preview_multi_target_pdl1_rank28,Axp,Bxp,False,False,64,115,8,1,2,3.4759052058420696,0,134.4653696901693,64.8770708665783,0.7995834713235459,,,0.3333333333333333,0.6666666666666666,3453.0733833932227,1175.0399563984865,11.451280373721131,0.125,"hbonds/salt bridges NOT COMPUTABLE: binder_side_chains=False, target_side_chains=False",mythos_preview_multi_target_pdl1_rank28,716,
mythos_preview_multi_target_pdl1_rank29,Axp,Bxp,False,False,81,115,3,2,2,4.552102481271704,0,108.94434126856575,55.096555344634595,0.021574543798493145,,,0.5,0.25,4117.288557657909,1565.3984832747938,12.119429451216066,0.037037037037037035,"hbonds/salt bridges NOT COMPUTABLE: binder_side_chains=False, target_side_chains=False",mythos_preview_multi_target_pdl1_rank29,784,
mythos_preview_multi_target_pdl1_rank30,Axp,Bxp,False,False,75,115,2,2,2,4.666220097680777,0,96.60518975765207,50.032908987381575,0.3648197789063692,,,0.5,0.25,3963.0773493212305,1388.2914296333436,12.495505417959514,0.02666666666666667,"hbonds/salt bridges NOT COMPUTABLE: binder_side_chains=False, target_side_chains=False",mythos_preview_multi_target_pdl1_rank30,760,
mythos_preview_multi_target_rbx1_rank01,Axp,Bxp,False,True,80,108,178,12,16,3.157930493218621,0,1037.2149402063715,555.2878795510412,0.8172075829551294,,,0.6077348066298343,0.20441988950276244,4836.9767456808195,2101.334957966533,11.677364561330121,2.225,"hbonds/salt bridges NOT COMPUTABLE: binder_side_chains=False, target_side_chains=True",mythos_preview_multi_target_rbx1_rank01,1255,
mythos_preview_multi_target_rbx1_rank02,Axp,Bxp,False,True,80,108,178,13,17,3.281452269956094,0,1097.298473388413,581.8607405112637,0.5999797036374246,,,0.5329949238578681,0.26903553299492383,4914.235557127415,2000.7334984443328,11.699091342794699,2.225,"hbonds/salt bridges NOT COMPUTABLE: binder_side_chains=False, target_side_chains=True",mythos_preview_multi_target_rbx1_rank02,1256,
mythos_preview_multi_target_rbx1_rank03,Axp,Bxp,False,True,96,108,176,14,17,3.1706950342156848,0,1133.8765830180987,590.1084456593238,0.5787554964006673,,,0.5050505050505051,0.30808080808080807,5679.075821154696,2292.4049704069466,12.980770327817527,1.8333333333333333,"hbonds/salt bridges NOT COMPUTABLE: binder_side_chains=False, target_side_chains=True",mythos_preview_multi_target_rbx1_rank03,1335,
mythos_preview_multi_target_rbx1_rank04,Axp,Bxp,False,True,96,108,181,15,19,3.2615664947996996,0,1145.0261363229843,592.953895398468,0.6296552410442444,,,0.4861111111111111,0.2824074074074074,5607.023147780841,2402.3234649209962,12.915865953422301,1.8854166666666667,"hbonds/salt bridges NOT COMPUTABLE: binder_side_chains=False, target_side_chains=True",mythos_preview_multi_target_rbx1_rank04,1336,
mythos_preview_multi_target_rbx1_rank05,Axp,Bxp,False,True,96,108,340,24,27,2.446629722700188,0,1872.3354046914503,926.9431940870729,0.4542059427881229,,,0.49262536873156343,0.31268436578171094,5563.045726928747,2331.020020417727,13.214276651880999,3.5416666666666665,"hbonds/salt bridges NOT COMPUTABLE: binder_side_chains=False, target_side_chains=True",mythos_preview_multi_target_rbx1_rank05,1333,
mythos_preview_multi_target_rbx1_rank06,Axp,Bxp,False,True,96,108,373,22,30,2.355863748182393,0,1832.0008654076705,902.3212894829269,0.5118208056964377,,,0.5419161676646707,0.2874251497005988,5519.864563223352,2447.6718221707238,13.193586667785892,3.8854166666666665,"hbonds/salt bridges NOT COMPUTABLE: binder_side_chains=False, target_side_chains=True",mythos_preview_multi_target_rbx1_rank06,1334,
mythos_preview_multi_target_rbx1_rank07,Axp,Bxp,False,True,92,108,59,11,16,3.1981541551338637,0,833.5144140250716,418.6207724564482,0.4103340668290276,,,0.4067796610169492,0.4463276836158192,5583.763000660141,2247.8843135486522,12.82548176169735,0.6413043478260869,"hbonds/salt bridges NOT COMPUTABLE: binder_side_chains=False, target_side_chains=True",mythos_preview_multi_target_rbx1_rank07,1320,
mythos_preview_multi_target_rbx1_rank08,Axp,Bxp,False,True,92,108,166,16,21,3.1250423997123624,0,1281.2417828941577,644.8637420871876,0.5014201474155677,,,0.38934426229508196,0.3401639344262295,5528.596688299498,2050.1891192929693,12.730154866162797,1.8043478260869565,"hbonds/salt bridges NOT COMPUTABLE: binder_side_chains=False, target_side_chains=True",mythos_preview_multi_target_rbx1_rank08,1315,
mythos_preview_multi_target_rbx1_rank09,Axp,Bxp,False,True,92,108,51,11,11,3.2744798060149956,0,806.9878983860389,395.8572701569839,0.4077647883292678,,,0.3974358974358974,0.42948717948717946,5714.854750590604,2301.1104875592255,12.919645174663325,0.5543478260869565,"hbonds/salt bridges NOT COMPUTABLE: binder_side_chains=False, target_side_chains=True",mythos_preview_multi_target_rbx1_rank09,1320,
mythos_preview_multi_target_rbx1_rank10,Axp,Bxp,False,True,80,108,104,13,13,2.897178282398238,0,802.3765047799178,371.4712991611224,0.5947515887236918,,,0.480225988700565,0.23728813559322035,4589.16036368419,2382.9815941124425,12.946768415144907,1.3,"hbonds/salt bridges NOT COMPUTABLE: binder_side_chains=False, target_side_chains=True",mythos_preview_multi_target_rbx1_rank10,1260,
mythos_preview_multi_target_rbx1_rank11,Axp,Bxp,False,True,101,108,189,16,21,3.351830097126045,0,1169.761015330773,601.3393662139374,0.5420858383501435,,,0.4831932773109244,0.2815126050420168,5283.375890153264,2043.9073408729348,13.133020205093876,1.8712871287128714,"hbonds/salt bridges NOT COMPUTABLE: binder_side_chains=False, target_side_chains=True",mythos_preview_multi_target_rbx1_rank11,1360,
mythos_preview_multi_target_rbx1_rank12,Axp,Bxp,False,True,106,108,88,12,13,3.2966777215857785,0,863.5922269770176,407.48515143202627,0.447000347640914,,,0.4024390243902439,0.4695121951219512,5907.428793684375,2056.1455516459782,12.686716536131998,0.8301886792452831,"hbonds/salt bridges NOT COMPUTABLE: binder_side_chains=False, target_side_chains=True",mythos_preview_multi_target_rbx1_rank12,1385,
mythos_preview_multi_target_rbx1_rank13,Axp,Bxp,False,True,80,108,74,10,13,2.9367005295058597,0,794.9392759000898,386.5782211180456,0.5650894477554922,,,0.5324675324675324,0.2727272727272727,4620.518348324276,2051.288266948771,13.051501985017824,0.925,"hbonds/salt bridges NOT COMPUTABLE: binder_side_chains=False, target_side_chains=True",mythos_preview_multi_target_rbx1_rank13,1259,
mythos_preview_multi_target_rbx1_rank14,Axp,Bxp,False,True,92,108,156,14,18,3.1325749791505384,0,1176.7357881128942,594.3386957810719,0.495659927643896,,,0.3813953488372093,0.3302325581395349,5581.373314060441,2270.463554609434,12.70450809613381,1.6956521739130435,"hbonds/salt bridges NOT COMPUTABLE: binder_side_chains=False, target_side_chains=True",mythos_preview_multi_target_rbx1_rank14,1316,
mythos_preview_multi_target_rbx1_rank15,Axp,Bxp,False,True,86,108,149,15,18,3.0385353379547855,0,1061.351277518159,530.1387200859332,0.4705711727088626,,,0.4272300469483568,0.3333333333333333,5106.1065937399035,1838.248427785978,12.16484618553428,1.7325581395348837,"hbonds/salt bridges NOT COMPUTABLE: binder_side_chains=False, target_side_chains=True",mythos_preview_multi_target_rbx1_rank15,1285,
mythos_preview_multi_target_rbx1_rank16,Axp,Bxp,False,True,86,108,46,9,9,3.1117070877574573,0,673.405944550059,336.86169782907746,0.4597385442927469,,,0.5901639344262295,0.22131147540983606,5451.417755260894,2030.459015927925,12.32187006265976,0.5348837209302325,"hbonds/salt bridges NOT COMPUTABLE: binder_side_chains=False, target_side_chains=True",mythos_preview_multi_target_rbx1_rank16,1290,
mythos_preview_multi_target_rbx1_rank17,Axp,Bxp,False,True,69,108,150,13,17,2.8106173699029187,0,954.9525960949941,466.9359132172409,0.47288971092649384,,,0.441025641025641,0.36923076923076925,3920.3912596407463,1595.5489762898255,10.439024667045617,2.1739130434782608,"hbonds/salt bridges NOT COMPUTABLE: binder_side_chains=False, target_side_chains=True",mythos_preview_multi_target_rbx1_rank17,1200,
mythos_preview_multi_target_rbx1_rank18,Axp,Bxp,False,False,98,108,40,6,8,3.692701043951433,0,327.13077849376504,146.19589909039314,0.6440249391115992,,,0.7142857142857143,0.07142857142857142,5182.428554939002,2505.319719545733,12.390671174359197,0.40816326530612246,"hbonds/salt bridges NOT COMPUTABLE: binder_side_chains=False, target_side_chains=False",mythos_preview_multi_target_rbx1_rank18,827,
mythos_preview_multi_target_rbx1_rank19,Axp,Bxp,False,True,86,108,46,9,9,3.1105454505600783,0,666.966704042587,332.7757697420156,0.49255020063672117,,,0.5901639344262295,0.22131147540983606,5453.84691665524,2008.343036851661,12.322347870281474,0.5348837209302325,"hbonds/salt bridges NOT COMPUTABLE: binder_side_chains=False, target_side_chains=True",mythos_preview_multi_target_rbx1_rank19,1290,
mythos_preview_multi_target_rbx1_rank20,Axp,Bxp,False,True,94,108,58,9,11,3.3315634467919115,0,604.793479041067,310.31657849789616,0.7255895943213582,,,0.5579710144927537,0.38405797101449274,5049.908636988216,1646.1657571014262,16.55121910220865,0.6170212765957447,"hbonds/salt bridges NOT COMPUTABLE: binder_side_chains=False, target_side_chains=True",mythos_preview_multi_target_rbx1_rank20,1330,
mythos_preview_multi_target_rbx1_rank21,Axp,Bxp,False,True,94,108,200,16,25,2.8596646656557483,0,1233.6725108657215,582.0753932440947,0.5654631110021028,,,0.6654545454545454,0.29818181818181816,4951.203565723608,1579.0768274384402,15.900289578215544,2.127659574468085,"hbonds/salt bridges NOT COMPUTABLE: binder_side_chains=False, target_side_chains=True",mythos_preview_multi_target_rbx1_rank21,1329,
mythos_preview_multi_target_rbx1_rank22,Axp,Bxp,False,True,69,108,150,13,17,2.8106173699029187,0,954.9525960949941,466.9359132172409,0.4391555903817739,,,0.441025641025641,0.3435897435897436,3920.3912596407463,1550.4834989699061,10.439024667045617,2.1739130434782608,"hbonds/salt bridges NOT COMPUTABLE: binder_side_chains=False, target_side_chains=True",mythos_preview_multi_target_rbx1_rank22,1200,
mythos_preview_multi_target_rbx1_rank23,Axp,Bxp,False,True,67,108,119,13,21,3.2120705160379033,0,1066.8209132599452,512.7108304538333,0.5046828778385288,,,0.4700460829493088,0.3548387096774194,3636.560656577553,1413.0810679669944,10.923784359631796,1.7761194029850746,"hbonds/salt bridges NOT COMPUTABLE: binder_side_chains=False, target_side_chains=True",mythos_preview_multi_target_rbx1_rank23,1191,
mythos_preview_multi_target_rbx1_rank24,Axp,Bxp,False,True,67,108,119,13,21,3.2120705160379033,0,1066.8209132599452,512.7108304538333,0.5046828778385288,,,0.4700460829493088,0.3548387096774194,3636.560656577553,1450.4038716465657,10.923784359631796,1.7761194029850746,"hbonds/salt bridges NOT COMPUTABLE: binder_side_chains=False, target_side_chains=True",mythos_preview_multi_target_rbx1_rank24,1191,
mythos_preview_multi_target_rbx1_rank25,Axp,Bxp,False,True,110,108,130,9,13,3.1158467548966517,0,579.7071514290309,268.2122161631671,0.6591457453133142,,,0.5616438356164384,0.3082191780821918,5594.142836446699,2196.898682441323,13.618369846995444,1.1818181818181819,"hbonds/salt bridges NOT COMPUTABLE: binder_side_chains=False, target_side_chains=True",mythos_preview_multi_target_rbx1_rank25,1405,
mythos_preview_multi_target_rbx1_rank26,Axp,Bxp,False,True,97,108,169,14,18,2.650404874731406,0,1124.6696949965035,539.7314093444877,0.5769360575773546,,,0.6912442396313364,0.2119815668202765,4846.42627392806,1988.5266216432337,12.746251277407408,1.7422680412371134,"hbonds/salt bridges NOT COMPUTABLE: binder_side_chains=False, target_side_chains=True",mythos_preview_multi_target_rbx1_rank26,1342,
mythos_preview_multi_target_rbx1_rank27,Axp,Bxp,False,True,94,108,132,14,20,2.826804910141483,0,1017.6540594125673,489.73740146961666,0.7677609594319499,,,0.6853448275862069,0.22413793103448276,4961.365156434433,1889.622783177344,16.535349768920582,1.4042553191489362,"hbonds/salt bridges NOT COMPUTABLE: binder_side_chains=False, target_side_chains=True",mythos_preview_multi_target_rbx1_rank27,1329,
mythos_preview_multi_target_rbx1_rank28,Axp,Bxp,False,True,60,108,104,15,20,1.8282937400757024,1,1085.5097425695067,518.8975552074493,0.7302185563452049,,,0.5617021276595745,0.2680851063829787,3639.7788904327917,2061.375593141084,10.90186847963345,1.7333333333333334,"hbonds/salt bridges NOT COMPUTABLE: binder_side_chains=False, target_side_chains=True",mythos_preview_multi_target_rbx1_rank28,1158,
mythos_preview_multi_target_rbx1_rank29,Axp,Bxp,False,False,83,100,18,5,7,3.708914800854827,0,395.1022498286368,165.85960557765893,0.46129658967257375,,,0.75,0.08333333333333333,4157.231121792211,1681.3546817778915,11.763637019919107,0.21686746987951808,"hbonds/salt bridges NOT COMPUTABLE: binder_side_chains=False, target_side_chains=False",mythos_preview_multi_target_rbx1_rank29,735,
mythos_preview_multi_target_rbx1_rank30,Axp,Bxp,False,False,83,100,18,5,7,3.708914800854827,0,395.1022498286368,165.85960557765893,0.5992895538942317,,,0.8333333333333334,0.0,4157.231121792211,1845.6065431673294,11.763637019919107,0.21686746987951808,"hbonds/salt bridges NOT COMPUTABLE: binder_side_chains=False, target_side_chains=False",mythos_preview_multi_target_rbx1_rank30,735,
mythos_preview_multi_target_tnfa_rank01,Axp,"Bxp,Cxp,Dxp",False,True,88,471,126,16,17,3.2217613195269443,0,1029.7099895162105,512.8921003499454,0.40700982735208824,,,0.45714285714285713,0.22857142857142856,4660.380788186813,1823.519835539138,12.344228037110813,1.4318181818181819,"hbonds/salt bridges NOT COMPUTABLE: binder_side_chains=False, target_side_chains=True",mythos_preview_multi_target_tnfa_rank01,4115,
mythos_preview_multi_target_tnfa_rank02,Axp,"Bxp,Cxp,Dxp",False,True,88,471,187,24,20,2.0763858023016817,1,1210.7688252384146,645.2741706787314,0.47488695495200145,,,0.4381625441696113,0.2332155477031802,4632.35843735352,1944.0448658974497,12.283555398647186,2.125,"hbonds/salt bridges NOT COMPUTABLE: binder_side_chains=False, target_side_chains=True",mythos_preview_multi_target_tnfa_rank02,4115,
mythos_preview_multi_target_tnfa_rank03,Axp,"Bxp,Cxp,Dxp",False,True,115,471,146,20,20,2.185582302270953,1,1162.922683283507,612.5637304012739,0.778910788965337,,,0.6327272727272727,0.20363636363636364,6272.755042001386,2337.338774017385,18.258806527987588,1.2695652173913043,"hbonds/salt bridges NOT COMPUTABLE: binder_side_chains=False, target_side_chains=True",mythos_preview_multi_target_tnfa_rank03,4246,
mythos_preview_multi_target_tnfa_rank04,Axp,"Bxp,Cxp,Dxp",False,True,115,471,95,17,15,1.7245837178867256,4,792.6781760536118,432.2742980381314,0.44714031682650734,,,0.5348837209302325,0.2744186046511628,6876.906598049635,2279.5533158614444,18.40591957670785,0.8260869565217391,"hbonds/salt bridges NOT COMPUTABLE: binder_side_chains=False, target_side_chains=True",mythos_preview_multi_target_tnfa_rank04,4250,
mythos_preview_multi_target_tnfa_rank05,Axp,"Bxp,Cxp,Dxp",False,True,76,471,209,24,17,0.9859335677417614,2,1025.171153041289,576.9399136878625,0.28480862935824486,,,0.5253623188405797,0.18115942028985507,4748.756685261174,1718.9091164497218,11.052402500254983,2.75,"hbonds/salt bridges NOT COMPUTABLE: binder_side_chains=False, target_side_chains=True",mythos_preview_multi_target_tnfa_rank05,4054,
mythos_preview_multi_target_tnfa_rank06,Axp,"Bxp,Cxp,Dxp",False,True,75,471,145,9,13,3.2120905964807402,0,856.6801767751803,412.0954386511693,0.7171588681112437,,,0.45714285714285713,0.3,4477.603118828338,1779.3939676046116,12.038458002179487,1.9333333333333333,"hbonds/salt bridges NOT COMPUTABLE: binder_side_chains=False, target_side_chains=True",mythos_preview_multi_target_tnfa_rank06,4050,
mythos_preview_multi_target_tnfa_rank07,Axp,"Bxp,Cxp,Dxp",False,True,75,471,164,11,16,2.6886186044137994,0,952.4665991918143,435.47503458819966,0.6754573362848297,,,0.5227272727272727,0.2897727272727273,4465.909632903229,1856.0893958747295,12.05207777539054,2.1866666666666665,"hbonds/salt bridges NOT COMPUTABLE: binder_side_chains=False, target_side_chains=True",mythos_preview_multi_target_tnfa_rank07,4050,
mythos_preview_multi_target_tnfa_rank08,Axp,"Bxp,Cxp,Dxp",False,True,76,471,135,15,10,1.4826253741252375,2,777.7403537360425,440.1740649702573,0.725032073775642,,,0.5287356321839081,0.20689655172413793,4737.879070948204,1829.6739696837476,12.090817948710676,1.7763157894736843,"hbonds/salt bridges NOT COMPUTABLE: binder_side_chains=False, target_side_chains=True",mythos_preview_multi_target_tnfa_rank08,4056,
mythos_preview_multi_target_tnfa_rank09,Axp,"Bxp,Cxp,Dxp",False,True,76,471,209,24,17,0.9859335677417614,2,1025.171153041289,576.9399136878625,0.35024190959784424,,,0.5434782608695652,0.18115942028985507,4748.756685261174,1729.1946634793776,11.052402500254983,2.75,"hbonds/salt bridges NOT COMPUTABLE: binder_side_chains=False, target_side_chains=True",mythos_preview_multi_target_tnfa_rank09,4054,
mythos_preview_multi_target_tnfa_rank10,Axp,"Bxp,Cxp,Dxp",False,True,60,471,241,15,23,2.591278641906348,0,1174.266400673483,576.4331747928384,0.4631151515872445,,,0.4043478260869565,0.28695652173913044,3825.907778629442,1464.5522800257802,10.981792030324746,4.016666666666667,"hbonds/salt bridges NOT COMPUTABLE: binder_side_chains=False, target_side_chains=True",mythos_preview_multi_target_tnfa_rank10,3975,
mythos_preview_multi_target_tnfa_rank11,Axp,"Bxp,Cxp,Dxp",False,True,76,471,98,10,10,2.7485226941031438,0,675.5869747611661,342.0159176684434,0.7147803856966181,,,0.45384615384615384,0.23076923076923078,4576.644845893523,1764.2022089869433,12.087590323037356,1.2894736842105263,"hbonds/salt bridges NOT COMPUTABLE: binder_side_chains=False, target_side_chains=True",mythos_preview_multi_target_tnfa_rank11,4056,
mythos_preview_multi_target_tnfa_rank12,Axp,"Bxp,Cxp,Dxp",False,True,88,471,152,26,26,1.8982995021861016,1,1505.3290053051023,783.4731729876087,0.5077259883698602,,,0.5850144092219021,0.2478386167146974,4865.169083994869,1924.7982946190882,11.89649269038084,1.7272727272727273,"hbonds/salt bridges NOT COMPUTABLE: binder_side_chains=False, target_side_chains=True",mythos_preview_multi_target_tnfa_rank12,4114,
mythos_preview_multi_target_tnfa_rank13,Axp,"Bxp,Cxp,Dxp",False,True,60,471,196,23,21,2.22214063461339,0,1178.2838556997954,643.691299708868,0.3608988856554397,,,0.5173611111111112,0.2013888888888889,3833.7826996614076,1496.7105922239184,11.01829776622126,3.2666666666666666,"hbonds/salt bridges NOT COMPUTABLE: binder_side_chains=False, target_side_chains=True",mythos_preview_multi_target_tnfa_rank13,3972,
mythos_preview_multi_target_tnfa_rank14,Axp,"Bxp,Cxp,Dxp",False,True,85,471,157,22,22,1.930959864937643,1,1080.077546416692,568.4889611542134,0.41756869524676493,,,0.45695364238410596,0.26490066225165565,5324.95527869648,1275.32814449673,15.04042806101561,1.8470588235294119,"hbonds/salt bridges NOT COMPUTABLE: binder_side_chains=False, target_side_chains=True",mythos_preview_multi_target_tnfa_rank14,4100,
mythos_preview_multi_target_tnfa_rank15,Axp,"Bxp,Cxp,Dxp",False,True,85,471,157,22,22,1.930959864937643,1,1080.077546416692,568.4889611542134,0.358086479077591,,,0.423841059602649,0.31456953642384106,5324.95527869648,1701.9579430141566,15.04042806101561,1.8470588235294119,"hbonds/salt bridges NOT COMPUTABLE: binder_side_chains=False, target_side_chains=True",mythos_preview_multi_target_tnfa_rank15,4100,
mythos_preview_multi_target_tnfa_rank16,Axp,"Bxp,Cxp,Dxp",False,False,92,456,5,2,3,4.624447318328969,0,92.57761333935596,49.38447060458215,0.0,,,0.2,0.4,4998.177929376243,2111.7128405020076,12.56379793902902,0.05434782608695652,"hbonds/salt bridges NOT COMPUTABLE: binder_side_chains=False, target_side_chains=False",mythos_preview_multi_target_tnfa_rank16,2192,
mythos_preview_multi_target_tnfa_rank17,Axp,"Bxp,Cxp,Dxp",False,False,75,456,0,0,0,,0,64.6680593414251,32.815984131519464,0.16000000000000025,,,,,4089.200410947171,1845.7918971338916,10.928464322398844,0.0,"hbonds/salt bridges NOT COMPUTABLE: binder_side_chains=False, target_side_chains=False",mythos_preview_multi_target_tnfa_rank17,2124,
mythos_preview_multi_target_tnfa_rank18,Axp,"Bxp,Cxp,Dxp",False,False,85,456,18,2,3,3.8517705019899613,0,72.74001286916473,33.48478823017324,0.2203989126497472,,,0.4,0.6,4535.565202786903,2028.4688169818755,10.981851268136312,0.21176470588235294,"hbonds/salt bridges NOT COMPUTABLE: binder_side_chains=False, target_side_chains=False",mythos_preview_multi_target_tnfa_rank18,2164,
mythos_preview_multi_target_tnfa_rank19,Axp,"Bxp,Cxp,Dxp",False,False,70,456,6,1,3,4.516004539413131,0,80.36793642306569,37.694672636067004,0.3482294110719558,,,0.5,0.5,4053.614703118557,1492.2024750615096,10.781447562431218,0.08571428571428572,"hbonds/salt bridges NOT COMPUTABLE: binder_side_chains=False, target_side_chains=False",mythos_preview_multi_target_tnfa_rank19,2104,
mythos_preview_multi_target_tnfa_rank20,Axp,"Bxp,Cxp,Dxp",False,True,80,466,7,4,1,3.81671180468214,0,130.35169997406635,68.22294899724238,0.12383553810857895,,,0.2,0.0,4246.944545109289,1780.7340480987466,10.940995623353222,0.0875,"hbonds/salt bridges NOT COMPUTABLE: binder_side_chains=False, target_side_chains=True",mythos_preview_multi_target_tnfa_rank20,3380,
mythos_preview_multi_target_tnfa_rank21,Axp,"Bxp,Cxp,Dxp",False,True,92,466,18,4,4,3.9970886905346483,0,186.52874464595993,90.56647499531576,0.23473750872296403,,,0.25,0.125,5030.353998402425,2051.7083935002456,11.630493331956574,0.1956521739130435,"hbonds/salt bridges NOT COMPUTABLE: binder_side_chains=False, target_side_chains=True",mythos_preview_multi_target_tnfa_rank21,3428,
mythos_preview_multi_target_tnfa_rank22,Axp,"Bxp,Cxp,Dxp",False,True,75,466,1822,34,46,0.48874947213130887,167,1897.7067430526597,989.3233271125781,0.22507432421881648,,,0.4166666666666667,0.4166666666666667,3511.856310875776,819.5656197112464,16.548028795916046,24.293333333333333,"hbonds/salt bridges NOT COMPUTABLE: binder_side_chains=False, target_side_chains=True",mythos_preview_multi_target_tnfa_rank22,3360,
mythos_preview_multi_target_tnfa_rank23,Axp,"Bxp,Cxp,Dxp",False,True,85,466,8424,134,82,0.33396647325889717,798,4555.000638420139,4090.1999701158534,0.40709727457536554,,,0.5555555555555556,0.25199709513435004,4658.760969355524,2046.3709505136826,14.358738802419797,99.10588235294118,"hbonds/salt bridges NOT COMPUTABLE: binder_side_chains=False, target_side_chains=True",mythos_preview_multi_target_tnfa_rank23,3400,
mythos_preview_multi_target_tnfa_rank24,Axp,"Bxp,Cxp,Dxp",False,True,84,466,593,22,22,0.44704711189558344,57,1167.3672173424272,621.1655340186894,0.2923300742012546,,,0.4219409282700422,0.25738396624472576,4428.01265535937,1958.4546684445415,12.202787412878715,7.059523809523809,"hbonds/salt bridges NOT COMPUTABLE: binder_side_chains=False, target_side_chains=True",mythos_preview_multi_target_tnfa_rank24,3396,
mythos_preview_multi_target_tnfa_rank25,Axp,"Bxp,Cxp,Dxp",False,True,74,466,6,1,2,3.9329066139145974,0,67.48289904084456,32.672577256432334,0.3655148973599927,,,0.23529411764705882,0.7647058823529411,4310.0925926521195,1524.9340869416328,12.481410665578505,0.08108108108108109,"hbonds/salt bridges NOT COMPUTABLE: binder_side_chains=False, target_side_chains=True",mythos_preview_multi_target_tnfa_rank25,3356,
mythos_preview_multi_target_tnfa_rank26,Axp,"Bxp,Cxp,Dxp",False,True,110,466,1419,33,52,0.4017117779731005,127,1856.294459920418,954.3371307759588,0.37197792753808856,,,0.37472283813747226,0.3858093126385809,5102.598267950852,1688.1575274872703,15.529585698097044,12.9,"hbonds/salt bridges NOT COMPUTABLE: binder_side_chains=False, target_side_chains=True",mythos_preview_multi_target_tnfa_rank26,3500,
mythos_preview_multi_target_tnfa_rank27,Axp,"Bxp,Cxp,Dxp",False,True,66,466,73,7,5,2.1558385839389747,1,295.694991628657,156.63027565723831,0.3294846422400359,,,0.4166666666666667,0.16666666666666666,3552.804184659227,1515.0751272170385,10.279268383783643,1.106060606060606,"hbonds/salt bridges NOT COMPUTABLE: binder_side_chains=False, target_side_chains=True",mythos_preview_multi_target_tnfa_rank27,3324,
mythos_preview_multi_target_tnfa_rank28,Axp,"Bxp,Cxp,Dxp",False,True,89,466,8765,161,88,0.09352967221908629,821,5195.844261956809,4584.7005997304495,0.5888060516147253,,,0.6014943960149439,0.19987546699875466,5110.036302717491,2997.373144096871,14.071639743359793,98.48314606741573,"hbonds/salt bridges NOT COMPUTABLE: binder_side_chains=False, target_side_chains=True",mythos_preview_multi_target_tnfa_rank28,3416,
mythos_preview_multi_target_tnfa_rank29,Axp,"Bxp,Cxp,Dxp",False,True,114,466,2508,43,43,0.32913285144842436,228,2160.234438536535,1353.9286072337877,0.593438517165943,,,0.5093555093555093,0.2390852390852391,5504.01125348833,2050.7028653055213,25.56779322034835,22.0,"hbonds/salt bridges NOT COMPUTABLE: binder_side_chains=False, target_side_chains=True",mythos_preview_multi_target_tnfa_rank29,3516,
mythos_preview_multi_target_tnfa_rank30,Axp,"Bxp,Cxp,Dxp",False,True,88,466,1726,47,38,0.3049632286652849,146,2227.5293200866113,1394.9273065227333,0.41390439435118376,,,0.5179704016913319,0.23044397463002114,5007.539370097297,2140.4523759608196,13.509786704850486,19.613636363636363,"hbonds/salt bridges NOT COMPUTABLE: binder_side_chains=False, target_side_chains=True",mythos_preview_multi_target_tnfa_rank30,3412,
mythos_preview_multi_target_trem2_rank01,Axp,Bxp,False,True,69,156,201,10,24,3.229990092864063,0,1229.6581427956687,574.996920586208,0.752397107419788,,,0.8037383177570093,0.16355140186915887,3984.083676894951,1684.0416996336053,12.371437171412165,2.9130434782608696,"hbonds/salt bridges NOT COMPUTABLE: binder_side_chains=False, target_side_chains=True",mythos_preview_multi_target_trem2_rank01,1572,
mythos_preview_multi_target_trem2_rank02,Axp,Bxp,False,True,69,156,186,9,23,3.1643814561458923,0,1202.5654028876713,563.0351563075816,0.751536595085734,,,0.8092783505154639,0.10309278350515463,3980.517627755664,1366.6198493265774,12.346584182858827,2.6956521739130435,"hbonds/salt bridges NOT COMPUTABLE: binder_side_chains=False, target_side_chains=True",mythos_preview_multi_target_trem2_rank02,1571,
mythos_preview_multi_target_trem2_rank03,Axp,Bxp,False,True,87,156,220,14,26,3.0941436618230895,0,1416.4641944592513,673.7111980832001,0.6147774107771272,,,0.6095617529880478,0.2908366533864542,4805.9146854096025,1780.2463363279248,12.345387403225978,2.528735632183908,"hbonds/salt bridges NOT COMPUTABLE: binder_side_chains=False, target_side_chains=True",mythos_preview_multi_target_trem2_rank03,1661,
mythos_preview_multi_target_trem2_rank04,Axp,Bxp,False,True,120,156,175,11,30,3.224314655860994,0,1310.6984210238984,601.574384662623,0.653196388985457,,,0.6707818930041153,0.24691358024691357,5727.329072540213,2163.845057314207,14.744212442186305,1.4583333333333333,"hbonds/salt bridges NOT COMPUTABLE: binder_side_chains=False, target_side_chains=True",mythos_preview_multi_target_trem2_rank04,1819,
mythos_preview_multi_target_trem2_rank05,Axp,Bxp,False,True,120,156,178,13,29,3.335023837995764,0,1409.659709658053,674.3190006479801,0.6943596359348175,,,0.6293436293436293,0.25868725868725867,5722.166315764289,2201.269593959361,14.697018140987863,1.4833333333333334,"hbonds/salt bridges NOT COMPUTABLE: binder_side_chains=False, target_side_chains=True",mythos_preview_multi_target_trem2_rank05,1822,
mythos_preview_multi_target_trem2_rank06,Axp,Bxp,False,True,59,156,194,11,21,3.311448323619138,0,1230.4193370365351,579.1679038795912,0.6867817550367181,,,0.8423645320197044,0.024630541871921183,3125.5056776568354,1721.2514879322384,10.502091927264011,3.288135593220339,"hbonds/salt bridges NOT COMPUTABLE: binder_side_chains=False, target_side_chains=True",mythos_preview_multi_target_trem2_rank06,1518,
mythos_preview_multi_target_trem2_rank07,Axp,Bxp,False,True,87,156,220,12,26,3.3036659940133166,0,1269.7920162634755,584.9346523318162,0.7157453828665553,,,0.7383966244725738,0.1308016877637131,4770.913764564806,1929.926849012384,12.312002543168214,2.528735632183908,"hbonds/salt bridges NOT COMPUTABLE: binder_side_chains=False, target_side_chains=True",mythos_preview_multi_target_trem2_rank07,1661,
mythos_preview_multi_target_trem2_rank08,Axp,Bxp,False,True,91,156,136,11,19,3.1357555708313756,0,1031.2227073562096,487.8992419489028,0.5432026422375873,,,0.6822916666666666,0.234375,5264.028350818835,2060.686641872152,12.49220881973942,1.4945054945054945,"hbonds/salt bridges NOT COMPUTABLE: binder_side_chains=False, target_side_chains=True",mythos_preview_multi_target_trem2_rank08,1678,
mythos_preview_multi_target_trem2_rank09,Axp,Bxp,False,True,59,156,194,11,21,3.311448323619138,0,1230.4193370365351,579.1679038795912,0.6532134621271547,,,0.8226600985221675,0.024630541871921183,3136.026243135177,1425.2204141851398,10.523616767452685,3.288135593220339,"hbonds/salt bridges NOT COMPUTABLE: binder_side_chains=False, target_side_chains=True",mythos_preview_multi_target_trem2_rank09,1519,
mythos_preview_multi_target_trem2_rank10,Axp,Bxp,False,True,91,156,115,10,18,3.368581452184287,0,963.3716273154628,445.55721130038046,0.5760142203153782,,,0.7159090909090909,0.19318181818181818,5197.113438070661,2448.909432107958,12.47956080484875,1.2637362637362637,"hbonds/salt bridges NOT COMPUTABLE: binder_side_chains=False, target_side_chains=True",mythos_preview_multi_target_trem2_rank10,1675,
mythos_preview_multi_target_trem2_rank11,Axp,Bxp,False,True,71,156,205,14,24,2.3734255834131397,0,1309.0210290924572,616.2723668697383,0.51519054942159,,,0.5901639344262295,0.22950819672131148,4666.722174912675,1535.5698942339666,12.168297029876971,2.887323943661972,"hbonds/salt bridges NOT COMPUTABLE: binder_side_chains=False, target_side_chains=True",mythos_preview_multi_target_trem2_rank11,1582,
mythos_preview_multi_target_trem2_rank12,Axp,Bxp,False,False,115,109,2,1,2,4.947773842850944,0,40.23294290918261,20.286233560222357,0.9414044483466998,,,1.0,0.0,6647.393831466843,3447.454549318588,15.608138657230457,0.017391304347826087,"hbonds/salt bridges NOT COMPUTABLE: binder_side_chains=False, target_side_chains=False",mythos_preview_multi_target_trem2_rank12,896,
mythos_preview_multi_target_trem2_rank13,Axp,Bxp,False,True,65,156,148,11,17,2.81771627386435,0,950.8206231869092,467.36601091061584,0.4214012372582892,,,0.6102564102564103,0.3435897435897436,4057.0120623914445,1448.27624851057,11.261702120644204,2.276923076923077,"hbonds/salt bridges NOT COMPUTABLE: binder_side_chains=False, target_side_chains=True",mythos_preview_multi_target_trem2_rank13,1550,
mythos_preview_multi_target_trem2_rank14,Axp,Bxp,False,True,71,156,154,11,23,3.3841080065506186,0,1148.2048817244772,539.2087575997184,0.6199348163549848,,,0.5781990521327014,0.21800947867298578,4719.041753578915,1665.5544512996166,12.274465248515133,2.1690140845070425,"hbonds/salt bridges NOT COMPUTABLE: binder_side_chains=False, target_side_chains=True",mythos_preview_multi_target_trem2_rank14,1582,
mythos_preview_multi_target_trem2_rank15,Axp,Bxp,False,False,91,109,1,1,1,4.690260227322147,0,26.953936149102834,14.143013035309437,1.0,,,1.0,0.0,5017.234980663003,2217.7817093329395,12.755713715746069,0.01098901098901099,"hbonds/salt bridges NOT COMPUTABLE: binder_side_chains=False, target_side_chains=False",mythos_preview_multi_target_trem2_rank15,800,
mythos_preview_multi_target_trem2_rank16,Axp,Bxp,False,False,120,109,42,5,6,3.2873378286996915,0,265.1121744871956,125.97908106871662,0.2917826120944946,,,0.45454545454545453,0.18181818181818182,5759.485445146365,2958.20035211729,15.395148908096937,0.35,"hbonds/salt bridges NOT COMPUTABLE: binder_side_chains=False, target_side_chains=False",mythos_preview_multi_target_trem2_rank16,916,
mythos_preview_multi_target_trem2_rank17,Axp,Bxp,False,False,65,109,33,4,3,2.8141615092243772,0,144.91651962996494,72.97859634255715,0.017986634863451312,,,0.2857142857142857,0.42857142857142855,3839.782608924923,1468.6471411632574,11.388195195530066,0.5076923076923077,"hbonds/salt bridges NOT COMPUTABLE: binder_side_chains=False, target_side_chains=False",mythos_preview_multi_target_trem2_rank17,696,
mythos_preview_multi_target_trem2_rank18,Axp,Bxp,False,False,112,109,1,1,1,4.8736593028237,0,22.29541865317797,11.813754287347006,1.0,,,1.0,0.0,6150.079058766851,2573.681718165643,14.038000641423256,0.008928571428571428,"hbonds/salt bridges NOT COMPUTABLE: binder_side_chains=False, target_side_chains=False",mythos_preview_multi_target_trem2_rank18,884,
mythos_preview_multi_target_trem2_rank19,Axp,Bxp,False,True,87,156,180,13,22,2.811235493515263,0,1314.6409012585775,650.2197204704064,0.7076095214515495,,,0.5701754385964912,0.32894736842105265,5441.0801943841725,2410.7393272306144,13.646657186903738,2.0689655172413794,"hbonds/salt bridges NOT COMPUTABLE: binder_side_chains=False, target_side_chains=True",mythos_preview_multi_target_trem2_rank19,1662,
mythos_preview_multi_target_trem2_rank20,Axp,Bxp,False,False,93,109,0,0,0,,0,0.0,0.0,,,,,,5297.2839393762815,2392.6511977546165,14.408879955276578,0.0,"hbonds/salt bridges NOT COMPUTABLE: binder_side_chains=False, target_side_chains=False",mythos_preview_multi_target_trem2_rank20,808,
mythos_preview_multi_target_trem2_rank21,Axp,Bxp,False,False,115,109,2,1,2,4.947773842850944,0,40.23294290918261,20.286233560222357,0.9414044483466998,,,1.0,0.0,6647.393831466843,3685.1827582587975,15.608138657230457,0.017391304347826087,"hbonds/salt bridges NOT COMPUTABLE: binder_side_chains=False, target_side_chains=False",mythos_preview_multi_target_trem2_rank21,896,
mythos_preview_multi_target_trem2_rank22,Axp,Bxp,False,False,118,109,6,1,2,3.7424446555694053,0,111.37350266291233,55.96056161986426,0.6065291592953186,,,0.6666666666666666,0.3333333333333333,6537.534699394847,2824.879191448854,15.012000407346571,0.05084745762711865,"hbonds/salt bridges NOT COMPUTABLE: binder_side_chains=False, target_side_chains=False",mythos_preview_multi_target_trem2_rank22,908,
mythos_preview_multi_target_trem2_rank23,Axp,Bxp,False,False,118,109,6,1,2,3.7424446555694044,0,111.37350266291233,55.96056161986426,0.6065291592953186,,,0.6666666666666666,0.3333333333333333,6537.534699394847,2949.0026839871784,15.012000407346571,0.05084745762711865,"hbonds/salt bridges NOT COMPUTABLE: binder_side_chains=False, target_side_chains=False",mythos_preview_multi_target_trem2_rank23,908,
mythos_preview_multi_target_trem2_rank24,Axp,Bxp,False,False,88,109,33,3,3,2.880000173611106,0,166.8206187703921,81.32711929660066,0.8385975826251055,,,0.6666666666666666,0.16666666666666666,4969.827227474256,1980.2357810621297,14.003681378461255,0.375,"hbonds/salt bridges NOT COMPUTABLE: binder_side_chains=False, target_side_chains=False",mythos_preview_multi_target_trem2_rank24,788,
mythos_preview_multi_target_trem2_rank25,Axp,Bxp,False,False,71,109,25,4,5,2.8406383085496825,0,189.28627076809912,93.96875154366103,0.390921993403078,,,0.4444444444444444,0.1111111111111111,4242.659877139142,1668.5049258470801,12.356430934152069,0.352112676056338,"hbonds/salt bridges NOT COMPUTABLE: binder_side_chains=False, target_side_chains=False",mythos_preview_multi_target_trem2_rank25,720,
mythos_preview_multi_target_trem2_rank26,Axp,Bxp,False,False,64,109,14,5,3,3.6335142768399846,0,159.0457233166971,84.31045763504048,0.031138233668304264,,,0.25,0.125,3402.136597222108,1261.4205733421595,10.076502019459229,0.21875,"hbonds/salt bridges NOT COMPUTABLE: binder_side_chains=False, target_side_chains=False",mythos_preview_multi_target_trem2_rank26,692,
mythos_preview_multi_target_trem2_rank27,Axp,Bxp,False,False,85,109,0,0,0,,0,0.0,0.0,,,,,,4299.288259402568,1790.6803167809135,11.159200491006013,0.0,"hbonds/salt bridges NOT COMPUTABLE: binder_side_chains=False, target_side_chains=False",mythos_preview_multi_target_trem2_rank27,776,
mythos_preview_multi_target_trem2_rank28,Axp,Bxp,False,False,67,109,0,0,0,,0,3.6418981132232204,1.3126393652607788,0.0,,,,,3411.83659235843,1376.4812403707035,10.059395000469907,0.0,"hbonds/salt bridges NOT COMPUTABLE: binder_side_chains=False, target_side_chains=False",mythos_preview_multi_target_trem2_rank28,704,
mythos_preview_multi_target_trem2_rank29,Axp,Bxp,False,False,64,109,14,5,3,3.6335142768399846,0,159.0457233166971,84.31045763504048,0.015569116834152132,,,0.25,0.125,3402.136597222108,1259.9562360290258,10.076502019459229,0.21875,"hbonds/salt bridges NOT COMPUTABLE: binder_side_chains=False, target_side_chains=False",mythos_preview_multi_target_trem2_rank29,692,
mythos_preview_multi_target_trem2_rank30,Axp,Bxp,False,False,82,109,21,4,3,3.380080028638376,0,181.7620334308651,91.11132277513767,0.44074756805313525,,,0.42857142857142855,0.14285714285714285,4181.634576434144,1596.1497717370785,11.191211940886852,0.25609756097560976,"hbonds/salt bridges NOT COMPUTABLE: binder_side_chains=False, target_side_chains=False",mythos_preview_multi_target_trem2_rank30,764,
mythos_preview_multi_target_trka_rank01,Axp,Bxp,False,True,85,101,211,17,21,2.765816515967753,0,1133.4781197968355,580.473986877575,0.5600971733693765,,,0.44081632653061226,0.39591836734693875,4693.093523192818,1784.0259318130647,11.946795351071607,2.4823529411764707,"hbonds/salt bridges NOT COMPUTABLE: binder_side_chains=False, target_side_chains=True",mythos_preview_multi_target_trka_rank01,1203,
mythos_preview_multi_target_trka_rank02,Axp,Bxp,False,True,85,101,190,16,19,2.879278555471839,0,1115.794272318059,568.9757031290424,0.5724565696539583,,,0.5,0.3230088495575221,4695.586554531721,1846.684806061534,11.95601233792002,2.235294117647059,"hbonds/salt bridges NOT COMPUTABLE: binder_side_chains=False, target_side_chains=True",mythos_preview_multi_target_trka_rank02,1205,
mythos_preview_multi_target_trka_rank03,Axp,Bxp,False,True,77,101,252,15,23,2.857262501066362,0,1316.4375507789687,657.3868133593213,0.5943848925262536,,,0.4411764705882353,0.3907563025210084,4043.381456777034,1970.2504610173692,10.495874652738685,3.272727272727273,"hbonds/salt bridges NOT COMPUTABLE: binder_side_chains=False, target_side_chains=True",mythos_preview_multi_target_trka_rank03,1159,
mythos_preview_multi_target_trka_rank04,Axp,Bxp,False,True,77,101,244,15,23,2.827353709743441,0,1312.6880736060075,650.8430670892726,0.5621577764929206,,,0.42016806722689076,0.4117647058823529,4008.5285459235183,1736.9512420819926,10.50004438393333,3.168831168831169,"hbonds/salt bridges NOT COMPUTABLE: binder_side_chains=False, target_side_chains=True",mythos_preview_multi_target_trka_rank04,1160,
mythos_preview_multi_target_trka_rank05,Axp,Bxp,False,True,73,101,242,16,22,2.42528101464552,0,1179.0017779166333,562.106460541885,0.6070471244416807,,,0.5061728395061729,0.36213991769547327,3803.1475408545175,1274.9072530357398,12.33813507375076,3.315068493150685,"hbonds/salt bridges NOT COMPUTABLE: binder_side_chains=False, target_side_chains=True",mythos_preview_multi_target_trka_rank05,1145,
mythos_preview_multi_target_trka_rank06,Axp,Bxp,False,True,73,101,222,16,20,2.651919493499001,0,1094.7155378632224,509.1041454965272,0.5208428874922016,,,0.4870689655172414,0.375,3832.4020789629426,1307.4160577012308,12.356701489731606,3.041095890410959,"hbonds/salt bridges NOT COMPUTABLE: binder_side_chains=False, target_side_chains=True",mythos_preview_multi_target_trka_rank06,1144,
mythos_preview_multi_target_trka_rank07,Axp,Bxp,False,True,75,101,184,17,21,3.2092619089130134,0,1177.8441146828836,571.5751934816076,0.5442191163604007,,,0.4199134199134199,0.3116883116883117,4460.24224073345,2808.341192083629,13.456020572269717,2.453333333333333,"hbonds/salt bridges NOT COMPUTABLE: binder_side_chains=False, target_side_chains=True",mythos_preview_multi_target_trka_rank07,1154,
mythos_preview_multi_target_trka_rank08,Axp,Bxp,False,True,75,101,152,15,18,3.0226349432242063,0,1001.7274412959285,500.9359772789968,0.5280005451249451,,,0.435,0.29,4442.905047515349,2143.3226442819278,13.305047621261672,2.026666666666667,"hbonds/salt bridges NOT COMPUTABLE: binder_side_chains=False, target_side_chains=True",mythos_preview_multi_target_trka_rank08,1155,
mythos_preview_multi_target_trka_rank09,Axp,Bxp,False,True,85,101,134,13,17,2.78486714225293,0,1053.1242659043169,529.2377386310807,0.526587854401812,,,0.4666666666666667,0.37435897435897436,4521.122918903592,1689.4919121373332,11.773589233990489,1.576470588235294,"hbonds/salt bridges NOT COMPUTABLE: binder_side_chains=False, target_side_chains=True",mythos_preview_multi_target_trka_rank09,1204,
mythos_preview_multi_target_trka_rank10,Axp,Bxp,False,True,85,101,134,13,17,2.78486714225293,0,1053.1242659043169,529.2377386310807,0.6556147525191459,,,0.49230769230769234,0.3487179487179487,4521.122918903592,1828.688998432256,11.773589233990489,1.576470588235294,"hbonds/salt bridges NOT COMPUTABLE: binder_side_chains=False, target_side_chains=True",mythos_preview_multi_target_trka_rank10,1204,
mythos_preview_multi_target_trka_rank11,Axp,Bxp,False,True,75,101,159,11,17,2.8983957631765898,0,901.838208146494,423.86672680129885,0.5890243057908652,,,0.4519774011299435,0.384180790960452,4401.409184359423,2240.4533541950323,11.092665780958301,2.12,"hbonds/salt bridges NOT COMPUTABLE: binder_side_chains=False, target_side_chains=True",mythos_preview_multi_target_trka_rank11,1153,
mythos_preview_multi_target_trka_rank12,Axp,Bxp,False,True,75,101,177,13,19,2.7482834642736544,0,984.7725799037698,459.75662275337106,0.7341964650078991,,,0.4411764705882353,0.3627450980392157,4406.8456148327705,2103.1025955617233,11.147020795309738,2.36,"hbonds/salt bridges NOT COMPUTABLE: binder_side_chains=False, target_side_chains=True",mythos_preview_multi_target_trka_rank12,1154,
mythos_preview_multi_target_trka_rank13,Axp,Bxp,False,True,73,101,169,13,18,2.4615231057213336,0,987.5775850522738,503.5501921397384,0.6897411895457631,,,0.5025641025641026,0.3435897435897436,3885.4183262887636,1741.3861464764743,12.093097103912012,2.315068493150685,"hbonds/salt bridges NOT COMPUTABLE: binder_side_chains=False, target_side_chains=True",mythos_preview_multi_target_trka_rank13,1142,
mythos_preview_multi_target_trka_rank14,Axp,Bxp,False,True,85,101,111,13,14,3.209522394375836,0,824.3765590872644,422.7058809976005,0.7121917730135644,,,0.5480225988700564,0.3615819209039548,4432.933837319331,1880.793282388036,11.536993467959682,1.3058823529411765,"hbonds/salt bridges NOT COMPUTABLE: binder_side_chains=False, target_side_chains=True",mythos_preview_multi_target_trka_rank14,1204,
mythos_preview_multi_target_trka_rank15,Axp,Bxp,False,True,66,101,236,19,18,3.2380134341907842,0,1096.4138965108514,552.289816704425,0.7008362376455899,,,0.4579831932773109,0.3277310924369748,3580.8895312547734,1768.5748552104897,10.080715254417658,3.5757575757575757,"hbonds/salt bridges NOT COMPUTABLE: binder_side_chains=False, target_side_chains=True",mythos_preview_multi_target_trka_rank15,1108,
mythos_preview_multi_target_trka_rank16,Axp,Bxp,False,True,73,101,142,13,17,2.5421549913410075,0,929.4739655151154,473.3336027470945,0.7134635098545722,,,0.5157894736842106,0.3263157894736842,3828.9905961822124,1621.6650360191175,12.09939433576141,1.9452054794520548,"hbonds/salt bridges NOT COMPUTABLE: binder_side_chains=False, target_side_chains=True",mythos_preview_multi_target_trka_rank16,1143,
mythos_preview_multi_target_trka_rank17,Axp,Bxp,False,True,85,101,86,8,14,3.371635211585025,0,756.5113828568719,366.1300452860799,0.45762611515745644,,,0.4142857142857143,0.4642857142857143,4789.420313204968,1733.1949353597847,11.891639708898643,1.011764705882353,"hbonds/salt bridges NOT COMPUTABLE: binder_side_chains=False, target_side_chains=True",mythos_preview_multi_target_trka_rank17,1203,
mythos_preview_multi_target_trka_rank18,Axp,Bxp,False,True,85,101,113,13,14,3.16647816982843,0,831.9859472445091,425.1600112239939,0.619366433225753,,,0.4915254237288136,0.4180790960451977,4326.758058724488,1867.112711791335,11.524850250928246,1.3294117647058823,"hbonds/salt bridges NOT COMPUTABLE: binder_side_chains=False, target_side_chains=True",mythos_preview_multi_target_trka_rank18,1202,
mythos_preview_multi_target_trka_rank19,Axp,Bxp,False,True,66,101,215,18,18,3.470864589695196,0,1077.9704255875354,521.6985855582914,0.7788591718254319,,,0.5,0.27631578947368424,3606.4874467417985,1974.644388116369,10.092542551042492,3.257575757575758,"hbonds/salt bridges NOT COMPUTABLE: binder_side_chains=False, target_side_chains=True",mythos_preview_multi_target_trka_rank19,1110,
mythos_preview_multi_target_trka_rank20,Axp,Bxp,False,True,85,101,79,8,13,3.5216719040819235,0,718.0018493819562,352.05919326811363,0.4723243744971328,,,0.42962962962962964,0.4074074074074074,4764.463583119442,1928.8603875792783,11.912563712735373,0.9294117647058824,"hbonds/salt bridges NOT COMPUTABLE: binder_side_chains=False, target_side_chains=True",mythos_preview_multi_target_trka_rank20,1204,
mythos_preview_multi_target_trka_rank21,Axp,Bxp,False,True,66,101,136,13,13,3.299778174362634,0,774.0438465470409,395.13206764064887,0.6520231420484194,,,0.40588235294117647,0.40588235294117647,3888.3597448539267,1642.5208676456327,10.09191487161881,2.0606060606060606,"hbonds/salt bridges NOT COMPUTABLE: binder_side_chains=False, target_side_chains=True",mythos_preview_multi_target_trka_rank21,1109,
mythos_preview_multi_target_trka_rank22,Axp,Bxp,False,True,66,101,98,10,11,3.46627884048586,0,717.1652022810097,357.51415913811746,0.5629224911818252,,,0.4782608695652174,0.35507246376811596,3863.1411698502725,1376.6175445145736,10.324128004039327,1.4848484848484849,"hbonds/salt bridges NOT COMPUTABLE: binder_side_chains=False, target_side_chains=True",mythos_preview_multi_target_trka_rank22,1110,
mythos_preview_multi_target_trka_rank23,Axp,Bxp,False,True,69,101,115,12,13,3.319549065761794,0,837.4765770206806,410.7921284501799,0.5009300368433643,,,0.44871794871794873,0.3141025641025641,3657.3361590458253,1297.4938700097086,10.151613313786784,1.6666666666666667,"hbonds/salt bridges NOT COMPUTABLE: binder_side_chains=False, target_side_chains=True",mythos_preview_multi_target_trka_rank23,1124,
mythos_preview_multi_target_trka_rank24,Axp,Bxp,False,True,62,101,119,11,16,3.3386778820365413,0,837.9001729831723,405.685893023823,0.6307421343566689,,,0.47904191616766467,0.30538922155688625,3709.0118751272616,1850.889021941553,10.05607161953167,1.9193548387096775,"hbonds/salt bridges NOT COMPUTABLE: binder_side_chains=False, target_side_chains=True",mythos_preview_multi_target_trka_rank24,1089,
mythos_preview_multi_target_trka_rank25,Axp,Bxp,False,True,61,101,111,14,13,3.2724415961174924,0,845.5318254709621,424.47361420648,0.6480970325445273,,,0.39204545454545453,0.42613636363636365,3338.848065851268,1369.255249449083,10.940453466146698,1.819672131147541,"hbonds/salt bridges NOT COMPUTABLE: binder_side_chains=False, target_side_chains=True",mythos_preview_multi_target_trka_rank25,1084,
mythos_preview_multi_target_trka_rank26,Axp,Bxp,False,True,62,101,101,9,13,3.212656688785778,0,825.7793621616831,401.42790127303385,0.665446903894267,,,0.4632352941176471,0.375,3806.8539782081243,1374.3771245432154,10.175538016605325,1.6290322580645162,"hbonds/salt bridges NOT COMPUTABLE: binder_side_chains=False, target_side_chains=True",mythos_preview_multi_target_trka_rank26,1090,
mythos_preview_multi_target_trka_rank27,Axp,Bxp,False,False,75,101,6,3,2,4.352224258927841,0,99.851165241932,49.29285903098376,0.29292342342716804,,,0.4,0.4,4098.317859191828,1450.9269468233886,12.714952693690561,0.08,"hbonds/salt bridges NOT COMPUTABLE: binder_side_chains=False, target_side_chains=False",mythos_preview_multi_target_trka_rank27,704,
mythos_preview_multi_target_trka_rank28,Axp,Bxp,False,False,75,101,1,1,1,4.917183340084036,0,98.18979543302427,49.144849039704205,0.38859719557515554,,,0.5,0.5,3779.2802194875667,1209.088127805138,12.776529777012136,0.013333333333333334,"hbonds/salt bridges NOT COMPUTABLE: binder_side_chains=False, target_side_chains=False",mythos_preview_multi_target_trka_rank28,704,
mythos_preview_multi_target_trka_rank29,Axp,Bxp,False,False,73,101,5,3,3,4.369202329945365,0,145.7981461422517,74.52902695349769,0.46362074384686514,,,0.16666666666666666,0.6666666666666666,3558.955819188812,1225.8692181462575,12.30865010636475,0.0684931506849315,"hbonds/salt bridges NOT COMPUTABLE: binder_side_chains=False, target_side_chains=False",mythos_preview_multi_target_trka_rank29,696,
mythos_preview_multi_target_trka_rank30,Axp,Bxp,False,True,75,101,129,17,18,3.4314902010642547,0,1089.2346060469818,533.2930839966148,0.4261680678459013,,,0.39732142857142855,0.39285714285714285,4066.1148407643195,1336.5190207936691,12.63531762814699,1.72,"hbonds/salt bridges NOT COMPUTABLE: binder_side_chains=False, target_side_chains=True",mythos_preview_multi_target_trka_rank30,1154,
mythos_preview_multi_target_vegfa_rank01,Axp,"Bxp,Cxp",False,True,90,188,176,10,17,1.5197616851192934,4,929.9387982959603,449.3313568052213,0.6650162491802605,,,0.5738636363636364,0.24431818181818182,4800.75690054553,1949.3194770309406,12.788016079885763,1.9555555555555555,"hbonds/salt bridges NOT COMPUTABLE: binder_side_chains=False, target_side_chains=True",mythos_preview_multi_target_vegfa_rank01,1971,
mythos_preview_multi_target_vegfa_rank02,Axp,"Bxp,Cxp",False,True,80,188,57,5,9,3.380340959134152,0,496.52811789953296,237.99745708972148,0.5331426357417547,,,0.42857142857142855,0.3076923076923077,4881.466191499056,1261.45892809073,13.493092470118274,0.7125,"hbonds/salt bridges NOT COMPUTABLE: binder_side_chains=False, target_side_chains=True",mythos_preview_multi_target_vegfa_rank02,1923,
mythos_preview_multi_target_vegfa_rank03,Axp,"Bxp,Cxp",False,True,80,188,56,5,9,3.438413878520153,0,448.5007060485137,215.95455419039968,0.46391784397875113,,,0.37362637362637363,0.4175824175824176,4849.413395836782,1255.2435465484741,13.50849175489787,0.7,"hbonds/salt bridges NOT COMPUTABLE: binder_side_chains=False, target_side_chains=True",mythos_preview_multi_target_vegfa_rank03,1923,
mythos_preview_multi_target_vegfa_rank04,Axp,"Bxp,Cxp",False,True,80,188,62,4,8,3.342837716671271,0,449.4201955818254,216.15067152657463,0.4597009504023655,,,0.5,0.2564102564102564,4900.805098283236,1556.003345557756,13.465599584247181,0.775,"hbonds/salt bridges NOT COMPUTABLE: binder_side_chains=False, target_side_chains=True",mythos_preview_multi_target_vegfa_rank04,1922,
mythos_preview_multi_target_vegfa_rank05,Axp,"Bxp,Cxp",False,True,80,188,59,5,9,3.415500695359319,0,462.2477964548798,225.01907342839326,0.4620722932404788,,,0.37362637362637363,0.4175824175824176,4857.36139304569,1289.2241600539746,13.509666488129435,0.7375,"hbonds/salt bridges NOT COMPUTABLE: binder_side_chains=False, target_side_chains=True",mythos_preview_multi_target_vegfa_rank05,1923,
mythos_preview_multi_target_vegfa_rank06,Axp,"Bxp,Cxp",False,True,75,188,110,11,13,1.6131999507913124,1,770.8690213068155,388.92128921458533,0.6136834338463626,,,0.5808383233532934,0.25748502994011974,4509.190972436978,1469.1618979490972,12.524200632214022,1.4666666666666666,"hbonds/salt bridges NOT COMPUTABLE: binder_side_chains=False, target_side_chains=True",mythos_preview_multi_target_vegfa_rank06,1897,
mythos_preview_multi_target_vegfa_rank07,Axp,"Bxp,Cxp",False,True,80,188,59,5,9,3.415500695359319,0,462.2477964548798,225.01907342839326,0.4620722932404788,,,0.37362637362637363,0.4725274725274725,4857.36139304569,1256.8762595687417,13.509666488129435,0.7375,"hbonds/salt bridges NOT COMPUTABLE: binder_side_chains=False, target_side_chains=True",mythos_preview_multi_target_vegfa_rank07,1923,
mythos_preview_multi_target_vegfa_rank08,Axp,"Bxp,Cxp",False,True,90,188,177,11,17,1.657901998421371,3,904.5315638239092,436.57314415251574,0.5506157046870171,,,0.5454545454545454,0.31016042780748665,4753.268818198541,1744.9779566755205,12.750068697900408,1.9666666666666666,"hbonds/salt bridges NOT COMPUTABLE: binder_side_chains=False, target_side_chains=True",mythos_preview_multi_target_vegfa_rank08,1971,
mythos_preview_multi_target_vegfa_rank09,Axp,"Bxp,Cxp",False,True,80,188,57,4,8,3.3753296135340616,0,456.97595811838323,222.29389205148755,0.35786463406159064,,,0.4358974358974359,0.44871794871794873,4885.55672270231,1422.415791491394,13.457755401130441,0.7125,"hbonds/salt bridges NOT COMPUTABLE: binder_side_chains=False, target_side_chains=True",mythos_preview_multi_target_vegfa_rank09,1922,
mythos_preview_multi_target_vegfa_rank10,Axp,"Bxp,Cxp",False,True,86,188,343,19,23,1.3581724691197037,11,1202.569896731076,615.8080941119316,0.5930170052210209,,,0.5359712230215827,0.2949640287769784,5264.460524695181,2965.8144116862195,14.71385648857766,3.988372093023256,"hbonds/salt bridges NOT COMPUTABLE: binder_side_chains=False, target_side_chains=True",mythos_preview_multi_target_vegfa_rank10,1951,
mythos_preview_multi_target_vegfa_rank11,Axp,"Bxp,Cxp",False,True,76,188,107,9,12,3.350670977580461,0,714.435376810616,349.62347550648997,0.5256738648199472,,,0.5684931506849316,0.2465753424657534,4878.019673130689,1623.532521624298,12.591379061285764,1.4078947368421053,"hbonds/salt bridges NOT COMPUTABLE: binder_side_chains=False, target_side_chains=True",mythos_preview_multi_target_vegfa_rank11,1899,
mythos_preview_multi_target_vegfa_rank12,Axp,"Bxp,Cxp",False,True,76,188,207,17,16,1.4287893862295287,5,927.4584699186557,480.0787660835338,0.31813239742889177,,,0.4166666666666667,0.38596491228070173,4780.41731454659,1566.424827935623,12.524315947947727,2.723684210526316,"hbonds/salt bridges NOT COMPUTABLE: binder_side_chains=False, target_side_chains=True",mythos_preview_multi_target_vegfa_rank12,1898,
mythos_preview_multi_target_vegfa_rank13,Axp,"Bxp,Cxp",False,True,76,188,107,9,12,3.350670977580461,0,714.435376810616,349.62347550648997,0.525673864819947,,,0.5684931506849316,0.2808219178082192,4878.019673130689,1690.5232833464083,12.591379061285764,1.4078947368421053,"hbonds/salt bridges NOT COMPUTABLE: binder_side_chains=False, target_side_chains=True",mythos_preview_multi_target_vegfa_rank13,1899,
mythos_preview_multi_target_vegfa_rank14,Axp,"Bxp,Cxp",False,True,76,188,107,9,12,3.350670977580461,0,714.435376810616,349.62347550648997,0.525673864819947,,,0.5684931506849316,0.2465753424657534,4878.019673130689,1748.5078774992908,12.591379061285764,1.4078947368421053,"hbonds/salt bridges NOT COMPUTABLE: binder_side_chains=False, target_side_chains=True",mythos_preview_multi_target_vegfa_rank14,1899,
mythos_preview_multi_target_vegfa_rank15,Axp,"Bxp,Cxp",False,True,80,188,57,4,9,2.407787781346188,0,337.1270804537149,157.54998373612597,0.302150126989315,,,0.4146341463414634,0.35365853658536583,4753.9967661936735,1468.5357512150397,13.387656180155858,0.7125,"hbonds/salt bridges NOT COMPUTABLE: binder_side_chains=False, target_side_chains=True",mythos_preview_multi_target_vegfa_rank15,1921,
mythos_preview_multi_target_vegfa_rank16,Axp,"Bxp,Cxp",False,True,80,188,57,4,8,3.3753296135340616,0,456.97595811838323,222.29389205148755,0.36310377654649295,,,0.3717948717948718,0.44871794871794873,4885.55672270231,1773.8153868932382,13.457755401130441,0.7125,"hbonds/salt bridges NOT COMPUTABLE: binder_side_chains=False, target_side_chains=True",mythos_preview_multi_target_vegfa_rank16,1922,
mythos_preview_multi_target_vegfa_rank17,Axp,"Bxp,Cxp",False,True,90,188,176,11,17,1.6684718766108158,3,908.1596116112596,436.42513416123614,0.5485070375985407,,,0.5454545454545454,0.31016042780748665,4756.466686337925,2002.6335746585194,12.750806299859088,1.9555555555555555,"hbonds/salt bridges NOT COMPUTABLE: binder_side_chains=False, target_side_chains=True",mythos_preview_multi_target_vegfa_rank17,1971,
mythos_preview_multi_target_vegfa_rank18,Axp,"Bxp,Cxp",False,True,82,188,79,10,12,1.506831116796708,1,742.1427488326407,367.64340510370806,0.36276819999314913,,,0.577922077922078,0.18831168831168832,4954.467803422575,1333.74743945918,13.547406251543302,0.9634146341463414,"hbonds/salt bridges NOT COMPUTABLE: binder_side_chains=False, target_side_chains=True",mythos_preview_multi_target_vegfa_rank18,1933,
mythos_preview_multi_target_vegfa_rank19,Axp,"Bxp,Cxp",False,True,83,188,179,14,21,2.721788015257618,0,1183.690522997525,572.4613001782003,0.7631983310388075,,,0.5682819383259912,0.2290748898678414,4406.4126214105145,2309.360528413128,11.278734567420779,2.1566265060240966,"hbonds/salt bridges NOT COMPUTABLE: binder_side_chains=False, target_side_chains=True",mythos_preview_multi_target_vegfa_rank19,1936,
mythos_preview_multi_target_vegfa_rank20,Axp,"Bxp,Cxp",False,True,83,188,236,11,24,2.023265930546333,2,1142.1507731581385,547.837537936659,0.6617654274655825,,,0.5164319248826291,0.24413145539906103,4532.723850777306,1821.7065492367815,11.239090578983749,2.8433734939759034,"hbonds/salt bridges NOT COMPUTABLE: binder_side_chains=False, target_side_chains=True",mythos_preview_multi_target_vegfa_rank20,1938,
mythos_preview_multi_target_vegfa_rank21,Axp,"Bxp,Cxp",False,True,90,188,256,12,18,0.35250520718745854,8,912.4046545366765,451.2119824631526,0.6079344964328055,,,0.5685279187817259,0.29949238578680204,4849.984154926447,1753.4551893146718,12.695801930895641,2.8444444444444446,"hbonds/salt bridges NOT COMPUTABLE: binder_side_chains=False, target_side_chains=True",mythos_preview_multi_target_vegfa_rank21,1969,
mythos_preview_multi_target_vegfa_rank22,Axp,"Bxp,Cxp",False,True,76,188,127,12,15,2.968318547595591,0,847.9665734365926,408.6348104340583,0.40623805954371595,,,0.47540983606557374,0.3551912568306011,4875.843969967994,1269.8044870204003,12.628518311286122,1.6710526315789473,"hbonds/salt bridges NOT COMPUTABLE: binder_side_chains=False, target_side_chains=True",mythos_preview_multi_target_vegfa_rank22,1897,
mythos_preview_multi_target_vegfa_rank23,Axp,"Bxp,Cxp",False,True,76,188,124,10,13,1.2871977145342752,1,700.8619072052054,346.1638853808644,0.32832914396143903,,,0.559748427672956,0.24528301886792453,4105.797171754116,1098.6944469135847,11.003258917836078,1.631578947368421,"hbonds/salt bridges NOT COMPUTABLE: binder_side_chains=False, target_side_chains=True",mythos_preview_multi_target_vegfa_rank23,1901,
mythos_preview_multi_target_vegfa_rank24,Axp,"Bxp,Cxp",False,True,90,188,176,11,17,1.6684718766108158,3,908.1596116112596,436.42513416123614,0.5485070375985407,,,0.5454545454545454,0.33689839572192515,4756.466686337925,2040.561312492187,12.750806299859088,1.9555555555555555,"hbonds/salt bridges NOT COMPUTABLE: binder_side_chains=False, target_side_chains=True",mythos_preview_multi_target_vegfa_rank24,1971,
mythos_preview_multi_target_vegfa_rank25,Axp,"Bxp,Cxp",False,True,82,188,210,9,18,2.6816140661922256,0,946.3036959059718,471.089276273567,0.5165464710157538,,,0.6190476190476191,0.1488095238095238,4417.504738206234,1618.9961028098096,11.2464576775969,2.5609756097560976,"hbonds/salt bridges NOT COMPUTABLE: binder_side_chains=False, target_side_chains=True",mythos_preview_multi_target_vegfa_rank25,1923,
mythos_preview_multi_target_vegfa_rank26,Axp,"Bxp,Cxp",False,True,90,188,86,7,10,3.1830629902658227,0,674.040901402645,328.48716795150165,0.5738374426440989,,,0.6695652173913044,0.13043478260869565,4757.662745297541,1599.946591345419,12.738522073351982,0.9555555555555556,"hbonds/salt bridges NOT COMPUTABLE: binder_side_chains=False, target_side_chains=True",mythos_preview_multi_target_vegfa_rank26,1969,
mythos_preview_multi_target_vegfa_rank27,Axp,"Bxp,Cxp",False,True,90,188,86,7,10,3.1830629902658227,0,674.040901402645,328.48716795150165,0.5481182474222175,,,0.6260869565217392,0.17391304347826086,4744.832371627493,1527.1613395420427,12.72549763207422,0.9555555555555556,"hbonds/salt bridges NOT COMPUTABLE: binder_side_chains=False, target_side_chains=True",mythos_preview_multi_target_vegfa_rank27,1970,
mythos_preview_multi_target_vegfa_rank28,Axp,"Bxp,Cxp",False,False,86,188,0,0,0,,0,49.865448439846745,25.66074734009732,0.8465392280438784,,,,,4625.309441030184,2802.3876827776976,14.599066042807392,0.0,"hbonds/salt bridges NOT COMPUTABLE: binder_side_chains=False, target_side_chains=False",mythos_preview_multi_target_vegfa_rank28,1096,
mythos_preview_multi_target_vegfa_rank29,Axp,"Bxp,Cxp",False,True,90,188,78,7,10,3.0505765028925276,0,583.2761236153952,271.48224531989473,0.30753038870198435,,,0.47413793103448276,0.3706896551724138,5435.497707170631,1886.6532541874813,13.701847966809591,0.8666666666666667,"hbonds/salt bridges NOT COMPUTABLE: binder_side_chains=False, target_side_chains=True",mythos_preview_multi_target_vegfa_rank29,1968,
mythos_preview_multi_target_vegfa_rank30,Axp,"Bxp,Cxp",False,True,81,188,276,16,22,2.355238629098971,0,1168.4345119805412,563.6364025050847,0.362050694423122,,,0.4214876033057851,0.3347107438016529,4830.162194124032,1524.7877297012706,14.514830767125526,3.4074074074074074,"hbonds/salt bridges NOT COMPUTABLE: binder_side_chains=False, target_side_chains=True",mythos_preview_multi_target_vegfa_rank30,1922,
mythos_preview_single_target_15pgdh_rank01,Axp,"Bxp,Cxp",False,True,76,532,25,5,4,3.8392419824751842,0,517.4301992335484,211.67147067567726,0.5187634971953452,,,0.4444444444444444,0.2222222222222222,4121.821534379576,1497.0442566819268,16.943705631195606,0.32894736842105265,"hbonds/salt bridges NOT COMPUTABLE: binder_side_chains=False, target_side_chains=True",mythos_preview_single_target_15pgdh_rank01,3490,
mythos_preview_single_target_15pgdh_rank02,Axp,"Bxp,Cxp",False,True,76,532,33,9,8,3.8096662583486203,0,587.7743106131991,237.3562716882223,0.4896547219611035,,,0.4117647058823529,0.23529411764705882,4111.962301473013,1262.2003712751741,16.907216975110618,0.4342105263157895,"hbonds/salt bridges NOT COMPUTABLE: binder_side_chains=False, target_side_chains=True",mythos_preview_single_target_15pgdh_rank02,3490,
mythos_preview_single_target_15pgdh_rank03,Axp,"Bxp,Cxp",False,True,71,532,86,6,8,2.4573754291926995,0,427.4639596624472,179.8065012767934,0.4542072490423214,,,0.5714285714285714,0.14285714285714285,3750.204151160063,1557.784492001356,11.848833349439268,1.2112676056338028,"hbonds/salt bridges NOT COMPUTABLE: binder_side_chains=False, target_side_chains=True",mythos_preview_single_target_15pgdh_rank03,3470,
mythos_preview_single_target_15pgdh_rank04,Axp,"Bxp,Cxp",False,True,82,532,239,22,27,2.4163621417328986,0,1732.7680338954574,869.4117405267243,0.6389936293121867,,,0.43613707165109034,0.308411214953271,5082.304153090798,1938.3382038194993,12.978465560354984,2.9146341463414633,"hbonds/salt bridges NOT COMPUTABLE: binder_side_chains=False, target_side_chains=True",mythos_preview_single_target_15pgdh_rank04,4564,
mythos_preview_single_target_15pgdh_rank05,Axp,"Bxp,Cxp",False,True,71,530,106,11,12,2.968838830249968,0,742.5667955453828,363.37160400434163,0.5405064140004596,,,0.52,0.29333333333333333,4108.198468587535,1255.3978943614547,11.98795652846754,1.4929577464788732,"hbonds/salt bridges NOT COMPUTABLE: binder_side_chains=False, target_side_chains=True",mythos_preview_single_target_15pgdh_rank05,4403,
mythos_preview_single_target_15pgdh_rank06,Axp,"Bxp,Cxp",False,True,67,532,862,16,19,0.17279707382086926,104,1016.3622911498053,536.4213180518776,0.5506745656100588,,,0.42934782608695654,0.22282608695652173,3707.3263560322166,1458.1506293573636,12.634856399235828,12.865671641791044,"hbonds/salt bridges NOT COMPUTABLE: binder_side_chains=False, target_side_chains=True",mythos_preview_single_target_15pgdh_rank06,3454,
mythos_preview_single_target_15pgdh_rank07,Axp,"Bxp,Cxp",False,True,67,532,151,17,18,2.6855870866534954,0,1265.7509719740644,623.4155290180918,0.6077233989712549,,,0.4978723404255319,0.28936170212765955,4017.589281591229,1522.3177139433287,12.832262740764024,2.253731343283582,"hbonds/salt bridges NOT COMPUTABLE: binder_side_chains=False, target_side_chains=True",mythos_preview_single_target_15pgdh_rank07,4487,
mythos_preview_single_target_15pgdh_rank08,Axp,"Bxp,Cxp",False,True,73,530,139,14,15,2.736810735144102,0,918.3048387220879,403.87651322363564,0.4730716130787843,,,0.43169398907103823,0.3333333333333333,3895.153261399034,1173.6906150355726,12.035418138116432,1.904109589041096,"hbonds/salt bridges NOT COMPUTABLE: binder_side_chains=False, target_side_chains=True",mythos_preview_single_target_15pgdh_rank08,4413,
mythos_preview_single_target_15pgdh_rank09,Axp,"Bxp,Cxp",False,True,100,532,75,9,11,2.9706580079167653,0,526.0329726469568,207.8815625711745,0.46007141996392203,,,0.5,0.15,5265.789855478803,2171.7957863428137,13.118311741742914,0.75,"hbonds/salt bridges NOT COMPUTABLE: binder_side_chains=False, target_side_chains=True",mythos_preview_single_target_15pgdh_rank09,3586,
mythos_preview_single_target_15pgdh_rank10,Axp,"Bxp,Cxp",False,True,73,532,407,35,39,1.4745256864497143,4,2433.4786119484497,1171.627462844468,0.6583794745541657,,,0.47096774193548385,0.2817204301075269,4818.62281014813,1797.8080851252644,14.627071116911068,5.575342465753424,"hbonds/salt bridges NOT COMPUTABLE: binder_side_chains=False, target_side_chains=True",mythos_preview_single_target_15pgdh_rank10,4518,
mythos_preview_single_target_15pgdh_rank11,Axp,"Bxp,Cxp",False,True,80,532,421,38,37,1.2550868495845222,3,2545.3445797484596,1256.8703042017983,0.5586626660468976,,,0.4352226720647773,0.3016194331983806,5117.262361934604,1899.503870641498,13.960537477583298,5.2625,"hbonds/salt bridges NOT COMPUTABLE: binder_side_chains=False, target_side_chains=True",mythos_preview_single_target_15pgdh_rank11,4553,
mythos_preview_single_target_15pgdh_rank12,Axp,"Bxp,Cxp",False,True,82,532,239,22,27,2.4163621417328986,0,1732.7680338954574,869.4117405267243,0.6007018520020058,,,0.4517133956386293,0.29283489096573206,5082.304153090798,1813.1964254884567,12.978465560354984,2.9146341463414633,"hbonds/salt bridges NOT COMPUTABLE: binder_side_chains=False, target_side_chains=True",mythos_preview_single_target_15pgdh_rank12,4564,
mythos_preview_single_target_15pgdh_rank13,Axp,"Bxp,Cxp",False,True,100,532,107,9,12,2.6425444177913087,0,556.37997911202,221.58054563264528,0.6580082817404352,,,0.5238095238095238,0.14285714285714285,4851.177550361857,2039.213787789373,12.9758996606389,1.07,"hbonds/salt bridges NOT COMPUTABLE: binder_side_chains=False, target_side_chains=True",mythos_preview_single_target_15pgdh_rank13,3586,
mythos_preview_single_target_15pgdh_rank14,Axp,"Bxp,Cxp",False,True,92,530,140,14,21,2.494675530003852,0,1303.1947406298975,605.1006175298,0.5224411806658965,,,0.5251141552511416,0.3013698630136986,4541.289826579372,1369.5613908236262,12.793853378598616,1.5217391304347827,"hbonds/salt bridges NOT COMPUTABLE: binder_side_chains=False, target_side_chains=True",mythos_preview_single_target_15pgdh_rank14,4506,
mythos_preview_single_target_15pgdh_rank15,Axp,"Bxp,Cxp",False,True,77,531,1535,31,39,0.4656217444132922,125,2240.72499268678,1158.7649902929584,0.47523506930734366,,,0.47392290249433106,0.31746031746031744,4549.787493229871,1326.496930455763,15.03492723716307,19.935064935064936,"hbonds/salt bridges NOT COMPUTABLE: binder_side_chains=False, target_side_chains=True",mythos_preview_single_target_15pgdh_rank15,4479,
mythos_preview_single_target_15pgdh_rank16,Axp,"Bxp,Cxp",False,True,100,531,1037,19,29,0.37850854160396336,120,1356.8286933669071,684.1306998917853,0.4313765221794159,,,0.3855932203389831,0.3093220338983051,5257.123007234359,1830.0963226682763,14.45509397653968,10.37,"hbonds/salt bridges NOT COMPUTABLE: binder_side_chains=False, target_side_chains=True",mythos_preview_single_target_15pgdh_rank16,3582,
mythos_preview_single_target_15pgdh_rank17,Axp,"Bxp,Cxp",False,True,62,530,152,19,17,2.3446394179063015,0,1151.643778315885,557.9557473506667,0.5975038441293935,,,0.4199134199134199,0.30303030303030304,3394.5163910588553,890.4650417401654,14.119437089229816,2.4516129032258065,"hbonds/salt bridges NOT COMPUTABLE: binder_side_chains=False, target_side_chains=True",mythos_preview_single_target_15pgdh_rank17,4361,
mythos_preview_single_target_15pgdh_rank18,Axp,"Bxp,Cxp",False,True,80,531,1514,39,37,0.42042260138839643,139,2718.8677864452857,1414.113422631161,0.45024957006026667,,,0.4194831013916501,0.34393638170974156,4939.3014917054,1718.3552536648938,13.69231237193629,18.925,"hbonds/salt bridges NOT COMPUTABLE: binder_side_chains=False, target_side_chains=True",mythos_preview_single_target_15pgdh_rank18,4495,
mythos_preview_single_target_15pgdh_rank19,Axp,"Bxp,Cxp",False,True,73,531,807,20,19,0.3658490855044788,72,1129.9801885817376,610.9292280391037,0.436082758863697,,,0.40476190476190477,0.23333333333333334,3760.461860946988,1064.3471139317205,14.792106417525297,11.054794520547945,"hbonds/salt bridges NOT COMPUTABLE: binder_side_chains=False, target_side_chains=True",mythos_preview_single_target_15pgdh_rank19,3474,
mythos_preview_single_target_15pgdh_rank20,Axp,"Bxp,Cxp",False,True,60,532,160,17,17,2.4965538247752646,0,1165.734873117819,592.1979599105218,0.4501870774749642,,,0.5086206896551724,0.3146551724137931,3903.7644214989173,1213.5637909495254,11.80075373734772,2.6666666666666665,"hbonds/salt bridges NOT COMPUTABLE: binder_side_chains=False, target_side_chains=True",mythos_preview_single_target_15pgdh_rank20,4454,
mythos_preview_single_target_15pgdh_rank21,Axp,"Bxp,Cxp",False,True,59,530,243,25,18,1.1334006352565715,2,1311.4951835572426,681.143919460525,0.6151947241539336,,,0.45993031358885017,0.3205574912891986,3667.5368694147355,1360.8846260736766,14.336308967397311,4.11864406779661,"hbonds/salt bridges NOT COMPUTABLE: binder_side_chains=False, target_side_chains=True",mythos_preview_single_target_15pgdh_rank21,4350,
mythos_preview_single_target_15pgdh_rank22,Axp,"Bxp,Cxp",False,True,76,530,423,35,36,2.2037043812635124,0,2265.4048391867373,1149.527369299752,0.39215421763847763,,,0.4512471655328798,0.2222222222222222,4631.6889093226455,1568.3490534359466,14.841053507137707,5.565789473684211,"hbonds/salt bridges NOT COMPUTABLE: binder_side_chains=False, target_side_chains=True",mythos_preview_single_target_15pgdh_rank22,4434,
mythos_preview_single_target_15pgdh_rank23,Axp,"Bxp,Cxp",False,True,89,532,82,13,14,3.1886757439413618,0,769.9173236192553,322.3105645898698,0.5471160095787698,,,0.48148148148148145,0.2222222222222222,4613.75374809068,1754.0631967659297,14.79963028188045,0.9213483146067416,"hbonds/salt bridges NOT COMPUTABLE: binder_side_chains=False, target_side_chains=True",mythos_preview_single_target_15pgdh_rank23,3542,
mythos_preview_single_target_15pgdh_rank24,Axp,"Bxp,Cxp",False,True,76,530,71,8,15,3.0830371389264855,0,701.3347032404722,328.5213430159333,0.4260618042991641,,,0.4583333333333333,0.24166666666666667,4110.011468048823,1532.6833715856515,17.282118305832604,0.9342105263157895,"hbonds/salt bridges NOT COMPUTABLE: binder_side_chains=False, target_side_chains=True",mythos_preview_single_target_15pgdh_rank24,4386,
mythos_preview_single_target_15pgdh_rank25,Axp,"Bxp,Cxp",False,True,86,530,131,10,19,2.8377661989670675,0,960.7641463902788,451.9925179874862,0.30579350582521847,,,0.27848101265822783,0.3860759493670886,4081.938824414876,1927.8298632343099,11.584623603081486,1.5232558139534884,"hbonds/salt bridges NOT COMPUTABLE: binder_side_chains=False, target_side_chains=True",mythos_preview_single_target_15pgdh_rank25,4400,
mythos_preview_single_target_15pgdh_rank26,Axp,"Bxp,Cxp",False,True,75,530,52,5,7,3.130997444904736,0,521.2976910174963,249.39202730339017,0.479061477109489,,,0.45714285714285713,0.11428571428571428,3647.497237218722,1451.5290808622938,11.19996989044812,0.6933333333333334,"hbonds/salt bridges NOT COMPUTABLE: binder_side_chains=False, target_side_chains=True",mythos_preview_single_target_15pgdh_rank26,4356,
mythos_preview_single_target_15pgdh_rank27,Axp,"Bxp,Cxp",False,True,66,530,135,11,12,2.9564913326441533,0,673.0892856696757,311.09169136012775,0.2806816419052488,,,0.4444444444444444,0.1925925925925926,3605.7118421520217,1373.7263641136722,10.659015564697045,2.0454545454545454,"hbonds/salt bridges NOT COMPUTABLE: binder_side_chains=False, target_side_chains=True",mythos_preview_single_target_15pgdh_rank27,4320,
mythos_preview_single_target_15pgdh_rank28,Axp,"Bxp,Cxp",False,True,86,530,131,10,19,2.8377661989670675,0,960.7641463902788,451.9925179874862,0.2614418601727579,,,0.25316455696202533,0.3860759493670886,4081.938824414876,1856.3563356365953,11.584623603081486,1.5232558139534884,"hbonds/salt bridges NOT COMPUTABLE: binder_side_chains=False, target_side_chains=True",mythos_preview_single_target_15pgdh_rank28,4400,
mythos_preview_single_target_15pgdh_rank29,Axp,"Bxp,Cxp",False,True,66,530,158,17,17,2.439228156610201,0,1255.3632685467728,510.00381567792454,0.49541567927969626,,,0.3804878048780488,0.2097560975609756,3576.8192428354873,1515.8207910629174,10.184359408733531,2.393939393939394,"hbonds/salt bridges NOT COMPUTABLE: binder_side_chains=False, target_side_chains=True",mythos_preview_single_target_15pgdh_rank29,4320,
mythos_preview_single_target_15pgdh_rank30,Axp,"Bxp,Cxp",False,True,59,530,67,8,10,3.2620999371570476,0,612.7976834402771,299.98923462684894,0.7305062416579754,,,0.49523809523809526,0.34285714285714286,3114.7594228940798,1371.1149903454175,10.148410253210237,1.1355932203389831,"hbonds/salt bridges NOT COMPUTABLE: binder_side_chains=False, target_side_chains=True",mythos_preview_single_target_15pgdh_rank30,4292,
mythos_preview_single_target_bbf14_rank01,Axp,Bxp,True,True,88,110,422,29,22,2.4756502176196054,0,1777.2485193450814,898.5949235046176,0.4094279989905039,20.0,0.0,0.34203655352480417,0.2950391644908616,5193.452185014873,914.3200426002747,12.426025607717593,4.795454545454546,,mythos_preview_single_target_bbf14_rank01,1527,
mythos_preview_single_target_bbf14_rank02,Axp,Bxp,True,True,88,110,422,29,22,2.4756502176196054,0,1777.2485193450814,898.5949235046176,0.41072405502589643,20.0,0.0,0.34203655352480417,0.2950391644908616,5193.452185014873,1478.347395822451,12.426025607717593,4.795454545454546,,mythos_preview_single_target_bbf14_rank02,1527,
mythos_preview_single_target_bbf14_rank03,Axp,Bxp,True,True,83,110,410,18,19,2.5107006990081477,0,1441.656298130024,740.6233243752812,0.5316844680893875,10.0,0.0,0.5128205128205128,0.1978021978021978,4939.395152143773,1930.007765511862,11.614473914223641,4.9397590361445785,,mythos_preview_single_target_bbf14_rank03,1497,
mythos_preview_single_target_bbf14_rank04,Axp,Bxp,True,True,89,110,301,22,23,2.4850541241590696,0,1632.1879781805972,843.7018477502461,0.6240647273746561,8.0,5.0,0.4626865671641791,0.2626865671641791,4607.6332289874645,1529.1658532233137,11.21260738388745,3.3820224719101124,,mythos_preview_single_target_bbf14_rank04,1468,
mythos_preview_single_target_bbf14_rank05,Axp,Bxp,True,True,94,110,262,19,17,2.7145132160297165,0,1336.7563886072958,661.6402702894104,0.41991929442250747,8.0,6.0,0.32,0.3927272727272727,5431.436051301593,1217.1752702504027,13.147750780609803,2.7872340425531914,,mythos_preview_single_target_bbf14_rank05,1598,
mythos_preview_single_target_bbf14_rank06,Axp,Bxp,True,True,96,110,789,44,29,1.4348466817050525,1,2821.4303920110383,1548.9872813208879,0.5575695077460334,21.0,2.0,0.5472727272727272,0.17272727272727273,5764.083439176865,2190.1635448831785,14.466872035819376,8.21875,,mythos_preview_single_target_bbf14_rank06,1523,
mythos_preview_single_target_bbf14_rank07,Axp,Bxp,True,True,70,110,375,26,23,1.040885680562471,3,1763.0917515975887,903.3283611557813,0.7209225476465746,7.0,2.0,0.47619047619047616,0.23249299719887956,4110.052786821767,2096.3965109060746,12.13140079880565,5.357142857142857,,mythos_preview_single_target_bbf14_rank07,1338,
mythos_preview_single_target_bbf14_rank08,Axp,Bxp,True,True,94,110,262,19,17,2.7145132160297165,0,1336.7563886072958,661.6402702894104,0.37428920393875853,8.0,6.0,0.29454545454545455,0.3927272727272727,5431.436051301593,1447.1135723876732,13.147750780609803,2.7872340425531914,,mythos_preview_single_target_bbf14_rank08,1598,
mythos_preview_single_target_bbf14_rank09,Axp,Bxp,True,True,96,110,789,44,29,1.4348466817050525,1,2821.4303920110383,1548.9872813208879,0.4709047437865407,21.0,5.0,0.5327272727272727,0.20363636363636364,5764.083439176865,2276.153648200911,14.466872035819376,8.21875,,mythos_preview_single_target_bbf14_rank09,1523,
mythos_preview_single_target_bbf14_rank10,Axp,Bxp,True,True,96,110,404,22,16,1.8091694226909758,1,1534.6909585640833,809.4172510077644,0.5713364206445566,18.0,0.0,0.48,0.27384615384615385,5773.601645371333,1413.8570959888252,12.516111071717456,4.208333333333333,,mythos_preview_single_target_bbf14_rank10,1617,
mythos_preview_single_target_bbf14_rank11,Axp,Bxp,True,True,89,110,301,22,23,2.4850541241590696,0,1632.1879781805972,843.7018477502461,0.6240647273746561,8.0,5.0,0.4626865671641791,0.2626865671641791,4607.6332289874645,1529.1658532233137,11.21260738388745,3.3820224719101124,,mythos_preview_single_target_bbf14_rank11,1468,
mythos_preview_single_target_bbf14_rank12,Axp,Bxp,True,True,86,110,421,21,17,2.386031642707196,0,1548.204888159159,789.3843800655048,0.4973710473569311,11.0,8.0,0.4309210526315789,0.35855263157894735,5361.21175753393,1705.5848161190365,12.236611760006404,4.895348837209302,,mythos_preview_single_target_bbf14_rank12,1516,
mythos_preview_single_target_bbf14_rank13,Axp,Bxp,True,True,68,110,274,15,18,2.085798408283983,1,1306.3850962651104,620.5652849353763,0.6085662481875533,9.0,1.0,0.37786259541984735,0.366412213740458,4170.024151486977,1291.7632908502956,10.965257455175372,4.029411764705882,,mythos_preview_single_target_bbf14_rank13,1358,
mythos_preview_single_target_bbf14_rank14,Axp,Bxp,True,True,65,110,396,24,17,2.73166194833841,0,1576.084105299335,807.6430707043958,0.35906703185048683,6.0,0.0,0.4161676646706587,0.2994011976047904,4415.967556920833,1726.449949591626,11.62322207727814,6.092307692307692,,mythos_preview_single_target_bbf14_rank14,1371,
mythos_preview_single_target_bbf14_rank15,Axp,Bxp,True,True,68,110,274,15,18,2.085798408283983,1,1306.3850962651104,620.5652849353763,0.5706054107891123,9.0,1.0,0.3473282442748092,0.38549618320610685,4170.024151486977,1190.818018159906,10.965257455175372,4.029411764705882,,mythos_preview_single_target_bbf14_rank15,1358,
mythos_preview_single_target_bbf14_rank16,Axp,Bxp,True,True,86,110,421,21,17,2.386031642707196,0,1548.204888159159,789.3843800655048,0.5806524990830884,11.0,8.0,0.45723684210526316,0.33223684210526316,5361.21175753393,1723.7952491629485,12.236611760006404,4.895348837209302,,mythos_preview_single_target_bbf14_rank16,1516,
mythos_preview_single_target_bbf14_rank17,Axp,Bxp,True,True,84,110,425,26,19,2.797570374449944,0,1708.5757762344358,874.61429991566,0.36153911878578376,9.0,0.0,0.3646723646723647,0.34472934472934474,5176.749525217305,2010.770832336158,12.023688497107894,5.059523809523809,,mythos_preview_single_target_bbf14_rank17,1503,
mythos_preview_single_target_bbf14_rank18,Axp,Bxp,True,True,96,110,404,22,16,1.8091694226909758,1,1534.6909585640833,809.4172510077644,0.5819809415255216,18.0,0.0,0.5169230769230769,0.2153846153846154,5773.601645371333,1411.450294538713,12.516111071717456,4.208333333333333,,mythos_preview_single_target_bbf14_rank18,1617,
mythos_preview_single_target_bbf14_rank19,Axp,Bxp,True,True,84,110,425,26,19,2.797570374449944,0,1708.5757762344358,874.61429991566,0.31713640510805696,9.0,0.0,0.38461538461538464,0.33048433048433046,5176.749525217305,1699.9345251405703,12.023688497107894,5.059523809523809,,mythos_preview_single_target_bbf14_rank19,1503,
mythos_preview_single_target_bbf14_rank20,Axp,Bxp,True,True,69,110,343,14,19,2.0046194152506853,1,1285.0666582908048,646.2177548617864,0.7316113097694641,13.0,4.0,0.5547445255474452,0.3284671532846715,4554.530246386208,1985.7224633588366,11.60388170417664,4.971014492753623,,mythos_preview_single_target_bbf14_rank20,1425,
mythos_preview_single_target_bbf14_rank21,Axp,Bxp,True,True,94,110,401,20,22,2.7688808208371865,0,1609.812681119427,792.393534100098,0.37241310180937987,12.0,4.0,0.3983739837398374,0.38482384823848237,6045.517867568574,1463.2861772090882,13.090597457622927,4.26595744680851,,mythos_preview_single_target_bbf14_rank21,1644,
mythos_preview_single_target_bbf14_rank22,Axp,Bxp,True,True,67,110,355,15,16,1.996844761116898,1,1276.7042303744947,631.4346218346602,0.6142757484928062,8.0,4.0,0.5201612903225806,0.3951612903225806,4287.01471254172,1734.8074875506754,11.13612141808712,5.298507462686567,,mythos_preview_single_target_bbf14_rank22,1353,
mythos_preview_single_target_bbf14_rank23,Axp,Bxp,False,True,63,110,199,21,13,2.0782846292074626,1,1039.4344617570341,558.3613952577375,0.9331847771053574,,,0.7905982905982906,0.10256410256410256,3500.423126390666,1986.3860770000629,10.696197348822722,3.1587301587301586,"hbonds/salt bridges NOT COMPUTABLE: binder_side_chains=False, target_side_chains=True",mythos_preview_single_target_bbf14_rank23,1097,
mythos_preview_single_target_bbf14_rank24,Axp,Bxp,False,True,63,110,199,21,13,2.0782846292074626,1,1039.4344617570341,558.3613952577375,0.9331847771053574,,,0.7905982905982906,0.10256410256410256,3500.423126390666,1704.9783248277115,10.696197348822722,3.1587301587301586,"hbonds/salt bridges NOT COMPUTABLE: binder_side_chains=False, target_side_chains=True",mythos_preview_single_target_bbf14_rank24,1097,
mythos_preview_single_target_bbf14_rank25,Axp,Bxp,True,True,84,110,309,19,19,2.627575688729061,0,1334.3249598025993,651.0530620695174,0.6580299596193588,3.0,0.0,0.5066666666666667,0.29333333333333333,4733.958855044069,1642.6604772913388,11.971003783565454,3.6785714285714284,,mythos_preview_single_target_bbf14_rank25,1436,
mythos_preview_single_target_bbf14_rank26,Axp,Bxp,True,True,84,110,309,19,19,2.627575688729061,0,1334.3249598025993,651.0530620695174,0.6635073152252925,3.0,1.0,0.5233333333333333,0.30666666666666664,4733.958855044069,1565.8448079771797,11.971003783565454,3.6785714285714284,,mythos_preview_single_target_bbf14_rank26,1436,
mythos_preview_single_target_bbf14_rank27,Axp,Bxp,True,True,94,110,92,4,4,3.2944973819992596,0,362.2606002510474,175.78444313428884,1.0,1.0,0.0,0.925,0.0,6207.231185502927,1166.67386784378,13.173200955179144,0.9787234042553191,,mythos_preview_single_target_bbf14_rank27,1659,
mythos_preview_single_target_bbf14_rank28,Axp,Bxp,True,True,72,110,418,17,22,2.8858291702732544,0,1628.1193561713271,755.6084344918363,0.5009441592784952,4.0,0.0,0.5804597701149425,0.3074712643678161,5236.049039804897,1604.0253893830672,12.765084724409348,5.805555555555555,,mythos_preview_single_target_bbf14_rank28,1448,
mythos_preview_single_target_bbf14_rank29,Axp,Bxp,True,True,74,110,217,14,14,3.1346950409888352,0,1203.7964291394312,599.8246131682629,0.59630653821781,2.0,0.0,0.6220472440944882,0.2874015748031496,5195.8069316406245,2054.8306038930723,12.833260549998517,2.9324324324324325,,mythos_preview_single_target_bbf14_rank29,1439,
mythos_preview_single_target_bbf14_rank30,Axp,Bxp,True,True,72,110,418,17,22,2.8858291702732544,0,1628.1193561713271,755.6084344918363,0.5213950686360229,4.0,0.0,0.6120689655172413,0.27586206896551724,5236.049039804897,1862.5367362276083,12.765084724409348,5.805555555555555,,mythos_preview_single_target_bbf14_rank30,1448,
mythos_preview_single_target_bhrf1_rank01,Axp,Bxp,False,True,110,157,74,10,15,3.1986816034110044,0,740.4622836040385,354.9072928723656,0.5081776446833082,,,0.34782608695652173,0.4492753623188406,5945.002965753529,2320.300578465315,14.523596756973227,0.6727272727272727,"hbonds/salt bridges NOT COMPUTABLE: binder_side_chains=False, target_side_chains=True",mythos_preview_single_target_bhrf1_rank01,1706,
mythos_preview_single_target_bhrf1_rank02,Axp,Bxp,False,True,85,157,148,13,18,2.393056204939616,0,885.0717466998613,437.6265884647568,0.553466878074359,,,0.3409090909090909,0.4943181818181818,3874.0284957822732,1564.1227234754663,11.666899876786324,1.7411764705882353,"hbonds/salt bridges NOT COMPUTABLE: binder_side_chains=False, target_side_chains=True",mythos_preview_single_target_bhrf1_rank02,1606,
mythos_preview_single_target_bhrf1_rank03,Axp,Bxp,False,True,85,157,148,13,18,2.393056204939616,0,885.0717466998613,437.6265884647568,0.5561281180553822,,,0.3181818181818182,0.5170454545454546,3874.0284957822732,1572.478717956386,11.666899876786324,1.7411764705882353,"hbonds/salt bridges NOT COMPUTABLE: binder_side_chains=False, target_side_chains=True",mythos_preview_single_target_bhrf1_rank03,1606,
mythos_preview_single_target_bhrf1_rank04,Axp,Bxp,False,True,85,157,148,13,18,2.393056204939616,0,885.0717466998613,437.6265884647568,0.553466878074359,,,0.3181818181818182,0.5170454545454546,3874.0284957822732,1668.603749424683,11.666899876786324,1.7411764705882353,"hbonds/salt bridges NOT COMPUTABLE: binder_side_chains=False, target_side_chains=True",mythos_preview_single_target_bhrf1_rank04,1606,
mythos_preview_single_target_bhrf1_rank05,Axp,Bxp,False,True,85,157,148,13,18,2.393056204939616,0,885.0717466998613,437.6265884647568,0.5561281180553822,,,0.3181818181818182,0.5170454545454546,3874.0284957822732,1639.6850475709266,11.666899876786324,1.7411764705882353,"hbonds/salt bridges NOT COMPUTABLE: binder_side_chains=False, target_side_chains=True",mythos_preview_single_target_bhrf1_rank05,1606,
mythos_preview_single_target_bhrf1_rank06,Axp,Bxp,False,True,85,157,148,13,18,2.393056204939616,0,885.0717466998613,437.6265884647568,0.45515090888661397,,,0.29545454545454547,0.5170454545454546,3874.0284957822732,1536.472241598669,11.666899876786324,1.7411764705882353,"hbonds/salt bridges NOT COMPUTABLE: binder_side_chains=False, target_side_chains=True",mythos_preview_single_target_bhrf1_rank06,1606,
mythos_preview_single_target_bhrf1_rank07,Axp,Bxp,False,True,85,157,148,13,18,2.393056204939616,0,885.0717466998613,437.6265884647568,0.553466878074359,,,0.3181818181818182,0.5170454545454546,3874.0284957822732,1638.1253151139117,11.666899876786324,1.7411764705882353,"hbonds/salt bridges NOT COMPUTABLE: binder_side_chains=False, target_side_chains=True",mythos_preview_single_target_bhrf1_rank07,1606,
mythos_preview_single_target_bhrf1_rank08,Axp,Bxp,False,True,85,157,148,13,18,2.393056204939616,0,885.0717466998613,437.6265884647568,0.45515090888661397,,,0.29545454545454547,0.5170454545454546,3874.0284957822732,1398.6266957815171,11.666899876786324,1.7411764705882353,"hbonds/salt bridges NOT COMPUTABLE: binder_side_chains=False, target_side_chains=True",mythos_preview_single_target_bhrf1_rank08,1606,
mythos_preview_single_target_bhrf1_rank09,Axp,Bxp,False,True,107,157,116,13,17,3.39780296662417,0,854.0087712690449,421.2579072844625,0.5694522209325897,,,0.45930232558139533,0.3081395348837209,5660.667235568934,2826.874690125119,14.13762950496368,1.0841121495327102,"hbonds/salt bridges NOT COMPUTABLE: binder_side_chains=False, target_side_chains=True",mythos_preview_single_target_bhrf1_rank09,1694,
mythos_preview_single_target_bhrf1_rank10,Axp,Bxp,False,True,107,157,116,13,17,3.39780296662417,0,854.0087712690449,421.2579072844625,0.5694522209325897,,,0.45930232558139533,0.3081395348837209,5660.667235568934,2686.623121426469,14.13762950496368,1.0841121495327102,"hbonds/salt bridges NOT COMPUTABLE: binder_side_chains=False, target_side_chains=True",mythos_preview_single_target_bhrf1_rank10,1694,
mythos_preview_single_target_bhrf1_rank11,Axp,Bxp,False,True,110,157,74,10,15,3.1986816034110044,0,740.4622836040385,354.9072928723656,0.5081776446833081,,,0.34782608695652173,0.4492753623188406,5945.002965753529,2293.1310744237817,14.523596756973227,0.6727272727272727,"hbonds/salt bridges NOT COMPUTABLE: binder_side_chains=False, target_side_chains=True",mythos_preview_single_target_bhrf1_rank11,1706,
mythos_preview_single_target_bhrf1_rank12,Axp,Bxp,False,True,107,157,116,13,17,3.39780296662417,0,854.0087712690449,421.2579072844625,0.5694522209325898,,,0.45930232558139533,0.3081395348837209,5660.667235568934,2769.7354985553166,14.13762950496368,1.0841121495327102,"hbonds/salt bridges NOT COMPUTABLE: binder_side_chains=False, target_side_chains=True",mythos_preview_single_target_bhrf1_rank12,1694,
mythos_preview_single_target_bhrf1_rank13,Axp,Bxp,True,True,95,157,759,30,31,2.829582478034522,0,2595.651845388189,1299.6788750184771,0.5934742919438932,11.0,12.0,0.4673076923076923,0.4076923076923077,6095.742400048726,1815.7030203121653,13.481570315203175,7.989473684210527,,mythos_preview_single_target_bhrf1_rank13,2050,
mythos_preview_single_target_bhrf1_rank14,Axp,Bxp,False,True,110,157,74,10,15,3.1986816034110044,0,740.4622836040385,354.9072928723656,0.5081776446833082,,,0.34782608695652173,0.4492753623188406,5945.002965753529,2320.300578465315,14.523596756973227,0.6727272727272727,"hbonds/salt bridges NOT COMPUTABLE: binder_side_chains=False, target_side_chains=True",mythos_preview_single_target_bhrf1_rank14,1706,
mythos_preview_single_target_bhrf1_rank15,Axp,Bxp,False,True,107,157,116,13,17,3.39780296662417,0,854.0087712690449,421.2579072844625,0.5638087278331179,,,0.436046511627907,0.3081395348837209,5660.667235568934,2769.4127477170055,14.13762950496368,1.0841121495327102,"hbonds/salt bridges NOT COMPUTABLE: binder_side_chains=False, target_side_chains=True",mythos_preview_single_target_bhrf1_rank15,1694,
mythos_preview_single_target_bhrf1_rank16,Axp,Bxp,False,True,110,157,74,10,15,3.1986816034110044,0,740.4622836040385,354.9072928723656,0.5081776446833082,,,0.34782608695652173,0.4492753623188406,5945.002965753529,2320.300578465315,14.523596756973227,0.6727272727272727,"hbonds/salt bridges NOT COMPUTABLE: binder_side_chains=False, target_side_chains=True",mythos_preview_single_target_bhrf1_rank16,1706,
mythos_preview_single_target_bhrf1_rank17,Axp,Bxp,False,True,79,157,140,15,23,2.8011288795769462,0,1014.4707928494729,508.65526654272327,0.6986821717916288,,,0.39545454545454545,0.45454545454545453,3655.125119795328,1786.5276230204136,12.697935938053678,1.7721518987341771,"hbonds/salt bridges NOT COMPUTABLE: binder_side_chains=False, target_side_chains=True",mythos_preview_single_target_bhrf1_rank17,1582,
mythos_preview_single_target_bhrf1_rank18,Axp,Bxp,False,True,107,157,116,13,17,3.39780296662417,0,854.0087712690449,421.2579072844625,0.5877968645977987,,,0.45930232558139533,0.3081395348837209,5660.667235568934,2740.6984542722093,14.13762950496368,1.0841121495327102,"hbonds/salt bridges NOT COMPUTABLE: binder_side_chains=False, target_side_chains=True",mythos_preview_single_target_bhrf1_rank18,1694,
mythos_preview_single_target_bhrf1_rank19,Axp,Bxp,False,True,109,157,122,10,17,2.460911213351673,0,1002.0493316110351,493.5621812525743,0.47427165910654023,,,0.3708609271523179,0.423841059602649,5913.975968388146,3202.4758996704527,13.647510319946045,1.1192660550458715,"hbonds/salt bridges NOT COMPUTABLE: binder_side_chains=False, target_side_chains=True",mythos_preview_single_target_bhrf1_rank19,1702,
mythos_preview_single_target_bhrf1_rank20,Axp,Bxp,True,True,110,157,801,28,31,2.692608215095541,0,2578.322123696965,1289.4266835073433,0.5476700405516619,17.0,13.0,0.4364326375711575,0.3927893738140417,7328.056773092104,1728.264683758423,14.972638788959367,7.281818181818182,,mythos_preview_single_target_bhrf1_rank20,2196,
mythos_preview_single_target_bhrf1_rank21,Axp,Bxp,False,True,110,157,74,10,15,3.1986816034110044,0,740.4622836040385,354.9072928723656,0.5081776446833081,,,0.34782608695652173,0.4492753623188406,5945.002965753529,2373.235335609522,14.523596756973227,0.6727272727272727,"hbonds/salt bridges NOT COMPUTABLE: binder_side_chains=False, target_side_chains=True",mythos_preview_single_target_bhrf1_rank21,1706,
mythos_preview_single_target_bhrf1_rank22,Axp,Bxp,True,True,105,157,556,32,27,2.0101388011776686,2,2401.3731194841866,1244.6803373646346,0.5823492424929712,24.0,12.0,0.463768115942029,0.391304347826087,5678.540780607594,1547.0537266562928,13.913957107867565,5.295238095238095,,mythos_preview_single_target_bhrf1_rank22,2036,
mythos_preview_single_target_bhrf1_rank23,Axp,Bxp,False,True,101,157,156,10,20,2.414481517841874,0,925.3307648280688,446.2896667980157,0.44051848236954577,,,0.3592814371257485,0.5688622754491018,4971.969752686709,2057.8904468421765,13.661387787699887,1.5445544554455446,"hbonds/salt bridges NOT COMPUTABLE: binder_side_chains=False, target_side_chains=True",mythos_preview_single_target_bhrf1_rank23,1670,
mythos_preview_single_target_bhrf1_rank24,Axp,Bxp,False,True,101,157,156,10,20,2.414481517841874,0,925.3307648280688,446.2896667980157,0.37879629123782055,,,0.33532934131736525,0.592814371257485,4971.969752686709,2222.4892083560635,13.661387787699887,1.5445544554455446,"hbonds/salt bridges NOT COMPUTABLE: binder_side_chains=False, target_side_chains=True",mythos_preview_single_target_bhrf1_rank24,1670,
mythos_preview_single_target_bhrf1_rank25,Axp,Bxp,False,True,110,157,209,18,26,2.4807406152195752,0,1351.6800327806284,653.5310820591765,0.5060369612465602,,,0.3064516129032258,0.3870967741935484,5819.265432182578,2652.8524619239174,13.068108745416058,1.9,"hbonds/salt bridges NOT COMPUTABLE: binder_side_chains=False, target_side_chains=True",mythos_preview_single_target_bhrf1_rank25,1706,
mythos_preview_single_target_bhrf1_rank26,Axp,Bxp,False,True,110,157,209,18,26,2.4807406152195752,0,1351.6800327806284,653.5310820591765,0.5060369612465602,,,0.3064516129032258,0.3870967741935484,5819.265432182578,2777.3365956397756,13.068108745416058,1.9,"hbonds/salt bridges NOT COMPUTABLE: binder_side_chains=False, target_side_chains=True",mythos_preview_single_target_bhrf1_rank26,1706,
mythos_preview_single_target_bhrf1_rank27,Axp,Bxp,False,True,109,157,122,10,17,2.460911213351673,0,1002.0493316110351,493.5621812525743,0.47427165910654023,,,0.3708609271523179,0.4768211920529801,5913.975968388146,3167.474063666058,13.647510319946045,1.1192660550458715,"hbonds/salt bridges NOT COMPUTABLE: binder_side_chains=False, target_side_chains=True",mythos_preview_single_target_bhrf1_rank27,1702,
mythos_preview_single_target_bhrf1_rank28,Axp,Bxp,False,True,93,157,186,16,27,2.562552633605794,0,1340.0291359246237,654.5680671577325,0.49776633839131373,,,0.3605150214592275,0.3648068669527897,5002.2834172923485,2416.080635742051,12.004550881654753,2.0,"hbonds/salt bridges NOT COMPUTABLE: binder_side_chains=False, target_side_chains=True",mythos_preview_single_target_bhrf1_rank28,1638,
mythos_preview_single_target_bhrf1_rank29,Axp,Bxp,False,True,110,157,209,18,26,2.4807406152195752,0,1351.6800327806284,653.5310820591765,0.5060369612465602,,,0.3064516129032258,0.3870967741935484,5819.265432182578,2722.8126297040044,13.068108745416058,1.9,"hbonds/salt bridges NOT COMPUTABLE: binder_side_chains=False, target_side_chains=True",mythos_preview_single_target_bhrf1_rank29,1706,
mythos_preview_single_target_bhrf1_rank30,Axp,Bxp,False,True,102,157,144,15,23,2.5336513177625677,0,1125.374449842393,555.3940927009295,0.36425890400579086,,,0.32075471698113206,0.4009433962264151,5413.3956193975355,2212.549591654863,13.731363251998403,1.411764705882353,"hbonds/salt bridges NOT COMPUTABLE: binder_side_chains=False, target_side_chains=True",mythos_preview_single_target_bhrf1_rank30,1674,
mythos_preview_single_target_egfr_rank01,Axp,Bxp,False,False,84,205,62,11,13,3.503981877807019,0,630.4319620506193,308.16294843836795,0.42422105188413173,,,0.46218487394957986,0.12605042016806722,5587.63655708382,2577.1500910915997,12.696863440849075,0.7380952380952381,"hbonds/salt bridges NOT COMPUTABLE: binder_side_chains=False, target_side_chains=False",mythos_preview_single_target_egfr_rank01,1424,
mythos_preview_single_target_egfr_rank02,Axp,Bxp,False,True,84,205,132,14,13,2.7278117603676395,0,911.7178067689124,449.41272405494925,0.6399466015489964,,,0.5337078651685393,0.24719101123595505,5123.56326309253,1890.9473469355898,13.714457998984965,1.5714285714285714,"hbonds/salt bridges NOT COMPUTABLE: binder_side_chains=False, target_side_chains=True",mythos_preview_single_target_egfr_rank02,2002,
mythos_preview_single_target_egfr_rank03,Axp,Bxp,False,False,84,205,62,11,13,3.503981877807019,0,630.4319620506193,308.16294843836795,0.3828321543520097,,,0.42016806722689076,0.16806722689075632,5587.63655708382,2400.867992362785,12.696863440849075,0.7380952380952381,"hbonds/salt bridges NOT COMPUTABLE: binder_side_chains=False, target_side_chains=False",mythos_preview_single_target_egfr_rank03,1424,
mythos_preview_single_target_egfr_rank04,Axp,Bxp,False,True,97,205,191,20,23,3.1823181801950584,0,1452.6350990446376,717.550006403779,0.628346012725395,,,0.48175182481751827,0.28102189781021897,5854.913070363762,2089.949566667052,15.678595317334468,1.9690721649484537,"hbonds/salt bridges NOT COMPUTABLE: binder_side_chains=False, target_side_chains=True",mythos_preview_single_target_egfr_rank04,2066,
mythos_preview_single_target_egfr_rank05,Axp,Bxp,False,True,97,205,189,20,26,3.273608101162995,0,1480.7999415934191,726.8578351632439,0.43243301955486,,,0.3896551724137931,0.3689655172413793,5841.864478936176,1904.7112380331037,15.604266416203686,1.9484536082474226,"hbonds/salt bridges NOT COMPUTABLE: binder_side_chains=False, target_side_chains=True",mythos_preview_single_target_egfr_rank05,2066,
mythos_preview_single_target_egfr_rank06,Axp,Bxp,False,True,80,621,88,15,19,3.5559588017860952,0,881.9313423878405,418.1915899226724,0.31005999770253395,,,0.2843601895734597,0.3412322274881517,4716.564662407954,1515.249635859396,13.655701969174448,1.1,"hbonds/salt bridges NOT COMPUTABLE: binder_side_chains=False, target_side_chains=True",mythos_preview_single_target_egfr_rank06,5170,
mythos_preview_single_target_egfr_rank07,Axp,Bxp,False,False,84,205,2,2,2,4.596940395523961,0,233.80242012389056,114.35223788515972,0.9196476105167865,,,0.75,0.25,5148.451615730995,2147.5863455358867,13.718919542870147,0.023809523809523808,"hbonds/salt bridges NOT COMPUTABLE: binder_side_chains=False, target_side_chains=False",mythos_preview_single_target_egfr_rank07,1426,
mythos_preview_single_target_egfr_rank08,Axp,Bxp,False,True,80,621,147,17,22,3.063656312317033,0,1172.4231872863268,563.7824592452796,0.6189953577971411,,,0.4791666666666667,0.2875,4742.32345475704,1753.6048110795734,13.479342283065735,1.8375,"hbonds/salt bridges NOT COMPUTABLE: binder_side_chains=False, target_side_chains=True",mythos_preview_single_target_egfr_rank08,5172,
mythos_preview_single_target_egfr_rank09,Axp,Bxp,False,True,99,205,167,15,20,2.807311169072637,0,1176.5054683940907,568.3087293495869,0.4303891550298527,,,0.42201834862385323,0.3302752293577982,6077.172418555159,2314.022228479002,13.821667719577409,1.6868686868686869,"hbonds/salt bridges NOT COMPUTABLE: binder_side_chains=False, target_side_chains=True",mythos_preview_single_target_egfr_rank09,2075,
mythos_preview_single_target_egfr_rank10,Axp,Bxp,False,True,80,205,158,12,26,1.8700981257677365,1,1112.65403191522,510.5756128590747,0.41102495456714955,,,0.315,0.45,4303.465129767402,1489.061046317102,13.314078317008487,1.975,"hbonds/salt bridges NOT COMPUTABLE: binder_side_chains=False, target_side_chains=True",mythos_preview_single_target_egfr_rank10,1903,
mythos_preview_single_target_egfr_rank11,Axp,Bxp,False,True,99,621,156,15,19,2.9313894316518243,0,1068.8708297846094,508.9336936064223,0.3631683242402163,,,0.4212962962962963,0.2916666666666667,6062.748041749974,2346.991645263903,14.078623931931837,1.5757575757575757,"hbonds/salt bridges NOT COMPUTABLE: binder_side_chains=False, target_side_chains=True",mythos_preview_single_target_egfr_rank11,5262,
mythos_preview_single_target_egfr_rank12,Axp,Bxp,False,True,80,621,120,14,19,3.0113282783515984,0,905.0677244170889,417.27487318635485,0.3674221850145135,,,0.3894230769230769,0.3605769230769231,4573.436091452639,1951.4637779261975,13.667942182639973,1.5,"hbonds/salt bridges NOT COMPUTABLE: binder_side_chains=False, target_side_chains=True",mythos_preview_single_target_egfr_rank12,5167,
mythos_preview_single_target_egfr_rank13,Axp,Bxp,False,False,99,205,35,5,6,2.8596421104746654,0,449.0788410513651,216.20338198766248,0.5011810007565455,,,0.46296296296296297,0.37037037037037035,6065.038590612805,2252.882355255839,13.821309306856751,0.35353535353535354,"hbonds/salt bridges NOT COMPUTABLE: binder_side_chains=False, target_side_chains=False",mythos_preview_single_target_egfr_rank13,1499,
mythos_preview_single_target_egfr_rank14,Axp,Bxp,False,False,99,205,39,7,8,2.9056685977585266,0,422.7067005435101,208.33214891229022,0.32763664825584554,,,0.3472222222222222,0.2777777777777778,5923.304968750275,2108.1275320338445,13.802210511818089,0.3939393939393939,"hbonds/salt bridges NOT COMPUTABLE: binder_side_chains=False, target_side_chains=False",mythos_preview_single_target_egfr_rank14,1496,
mythos_preview_single_target_egfr_rank15,Axp,Bxp,False,True,80,205,112,10,17,2.330404471331103,0,878.2292076502595,409.1916372432594,0.5092010362300304,,,0.3933333333333333,0.41333333333333333,4275.353024997906,1454.640213726242,13.169937016822825,1.4,"hbonds/salt bridges NOT COMPUTABLE: binder_side_chains=False, target_side_chains=True",mythos_preview_single_target_egfr_rank15,1903,
mythos_preview_single_target_egfr_rank16,Axp,Bxp,False,True,80,205,77,10,19,3.0482700011645947,0,672.6528501545995,313.93890312297765,0.4904575022123126,,,0.4382716049382716,0.35185185185185186,4116.414580240778,1510.6183682649664,13.31719104649944,0.9625,"hbonds/salt bridges NOT COMPUTABLE: binder_side_chains=False, target_side_chains=True",mythos_preview_single_target_egfr_rank16,1903,
mythos_preview_single_target_egfr_rank17,Axp,Bxp,False,True,80,621,116,15,19,3.23434722934938,0,863.8791636590784,401.81922078578464,0.5206709757055422,,,0.4532710280373832,0.29906542056074764,4589.542927714806,1694.3845329223445,13.736272198301608,1.45,"hbonds/salt bridges NOT COMPUTABLE: binder_side_chains=False, target_side_chains=True",mythos_preview_single_target_egfr_rank17,5166,
mythos_preview_single_target_egfr_rank18,Axp,Bxp,False,True,99,205,174,15,21,2.801147800456086,0,1211.9809336387605,587.3822261909327,0.5302443659687843,,,0.45739910313901344,0.30493273542600896,6060.833309323104,2332.807996410575,13.889578830101192,1.7575757575757576,"hbonds/salt bridges NOT COMPUTABLE: binder_side_chains=False, target_side_chains=True",mythos_preview_single_target_egfr_rank18,2075,
mythos_preview_single_target_egfr_rank19,Axp,Bxp,False,True,80,205,112,10,17,2.330404471331103,0,878.2292076502595,409.1916372432594,0.3749154341988022,,,0.34,0.44,4275.353024997906,1372.6452054905872,13.169937016822825,1.4,"hbonds/salt bridges NOT COMPUTABLE: binder_side_chains=False, target_side_chains=True",mythos_preview_single_target_egfr_rank19,1903,
mythos_preview_single_target_egfr_rank20,Axp,Bxp,False,True,80,205,77,10,19,3.0482700011645947,0,672.6528501545995,313.93890312297765,0.5350362495571349,,,0.46296296296296297,0.3271604938271605,4116.414580240778,1527.1387473931336,13.31719104649944,0.9625,"hbonds/salt bridges NOT COMPUTABLE: binder_side_chains=False, target_side_chains=True",mythos_preview_single_target_egfr_rank20,1903,
mythos_preview_single_target_egfr_rank21,Axp,Bxp,False,True,81,205,138,11,19,3.242416691296783,0,901.418450390679,438.78869090551666,0.5013440146002965,,,0.34615384615384615,0.489010989010989,4906.2811947786095,1884.7697054824725,12.992317994991865,1.7037037037037037,"hbonds/salt bridges NOT COMPUTABLE: binder_side_chains=False, target_side_chains=True",mythos_preview_single_target_egfr_rank21,1987,
mythos_preview_single_target_egfr_rank22,Axp,Bxp,False,True,80,621,121,13,20,3.0017088466405264,0,948.5485004479467,458.59199337938986,0.36154641684555455,,,0.4075829383886256,0.3459715639810427,4707.639862088454,1311.315197616389,13.636133302041078,1.5125,"hbonds/salt bridges NOT COMPUTABLE: binder_side_chains=False, target_side_chains=True",mythos_preview_single_target_egfr_rank22,5171,
mythos_preview_single_target_egfr_rank23,Axp,Bxp,False,True,82,205,117,13,18,2.8062446436474495,0,1089.5373189878028,535.0200584555887,0.49946391963134584,,,0.41116751269035534,0.38071065989847713,4979.826643708662,1786.9139159849187,13.541934824672671,1.4268292682926829,"hbonds/salt bridges NOT COMPUTABLE: binder_side_chains=False, target_side_chains=True",mythos_preview_single_target_egfr_rank23,1990,
mythos_preview_single_target_egfr_rank24,Axp,Bxp,False,True,80,205,99,11,19,2.804432384636862,0,810.148723050308,376.81139201279274,0.40695589585788755,,,0.3532934131736527,0.39520958083832336,4329.297940771226,1696.7124803968518,13.25256199642182,1.2375,"hbonds/salt bridges NOT COMPUTABLE: binder_side_chains=False, target_side_chains=True",mythos_preview_single_target_egfr_rank24,1903,
mythos_preview_single_target_egfr_rank25,Axp,Bxp,False,True,80,205,90,11,19,2.72272473819885,0,809.531714253143,386.64093003923097,0.461334553313332,,,0.4226190476190476,0.2916666666666667,4218.832768158156,1827.7365768124757,13.105970452677477,1.125,"hbonds/salt bridges NOT COMPUTABLE: binder_side_chains=False, target_side_chains=True",mythos_preview_single_target_egfr_rank25,1903,
mythos_preview_single_target_egfr_rank26,Axp,Bxp,False,True,80,621,142,13,24,3.243298629482028,0,1037.7606621684968,475.3972330066467,0.6016835152368648,,,0.4636363636363636,0.3409090909090909,4727.387681304244,1636.7744849092624,13.542440471954086,1.775,"hbonds/salt bridges NOT COMPUTABLE: binder_side_chains=False, target_side_chains=True",mythos_preview_single_target_egfr_rank26,5171,
mythos_preview_single_target_egfr_rank27,Axp,Bxp,False,True,81,205,159,12,19,2.913678431124479,0,979.4422806257195,471.5334291792921,0.46883815776243964,,,0.33157894736842103,0.5105263157894737,4908.001735802192,1853.3441629412348,12.99935225830626,1.962962962962963,"hbonds/salt bridges NOT COMPUTABLE: binder_side_chains=False, target_side_chains=True",mythos_preview_single_target_egfr_rank27,1987,
mythos_preview_single_target_egfr_rank28,Axp,Bxp,False,True,71,205,224,22,26,2.9268735879774566,0,1508.2089169497467,737.4430901320522,0.5626251964561472,,,0.4805194805194805,0.33116883116883117,4415.595920169011,1409.8056161481647,16.58679326255556,3.1549295774647885,"hbonds/salt bridges NOT COMPUTABLE: binder_side_chains=False, target_side_chains=True",mythos_preview_single_target_egfr_rank28,1937,
mythos_preview_single_target_egfr_rank29,Axp,Bxp,False,True,80,205,77,9,15,3.1783904731797827,0,624.51806413032,295.0698146905927,0.33957719677645626,,,0.3115942028985507,0.4420289855072464,4322.792999999999,2035.3970805336255,13.115105563348822,0.9625,"hbonds/salt bridges NOT COMPUTABLE: binder_side_chains=False, target_side_chains=True",mythos_preview_single_target_egfr_rank29,1903,
mythos_preview_single_target_egfr_rank30,Axp,Bxp,False,False,78,200,2,1,1,4.4570103208316665,0,60.19449969820569,30.615284818581312,0.32366430741006447,,,0.5,0.5,3903.1399958112706,1305.4776267384732,22.455870584419877,0.02564102564102564,"hbonds/salt bridges NOT COMPUTABLE: binder_side_chains=False, target_side_chains=False",mythos_preview_single_target_egfr_rank30,1112,
mythos_preview_single_target_mature_gdf8_rank01,Axp,"Bxp,Cxp",False,True,76,218,241,23,24,2.482603472163849,0,1567.1537867040438,751.4704379213156,0.5097721380072906,,,0.5718654434250765,0.26605504587155965,4424.447425765992,1934.8952914531346,12.468487450170416,3.1710526315789473,"hbonds/salt bridges NOT COMPUTABLE: binder_side_chains=False, target_side_chains=True",mythos_preview_single_target_mature_gdf8_rank01,2108,
mythos_preview_single_target_mature_gdf8_rank02,Axp,"Bxp,Cxp",False,True,76,218,21,9,9,3.228179827704771,0,541.6778581980609,274.3416273395027,0.3349282296650718,,,0.75,0.08928571428571429,4414.406185371997,1835.0698326345682,12.581301603803935,0.27631578947368424,"hbonds/salt bridges NOT COMPUTABLE: binder_side_chains=False, target_side_chains=True",mythos_preview_single_target_mature_gdf8_rank02,419,
mythos_preview_single_target_mature_gdf8_rank03,Axp,"Bxp,Cxp",False,True,83,218,26,6,12,3.4030142521006295,0,627.0567305172917,321.59664448889066,0.6979591836734694,,,0.9122807017543859,0.07017543859649122,4776.694650183973,1308.701447164996,15.148104717052826,0.3132530120481928,"hbonds/salt bridges NOT COMPUTABLE: binder_side_chains=False, target_side_chains=True",mythos_preview_single_target_mature_gdf8_rank03,426,
mythos_preview_single_target_mature_gdf8_rank04,Axp,"Bxp,Cxp",False,True,91,218,40,12,17,3.647106250166013,0,881.0917312625209,458.11113847601166,0.43839541547277944,,,0.5777777777777777,0.3,5490.770464885835,1678.8657481685354,17.507167824318046,0.43956043956043955,"hbonds/salt bridges NOT COMPUTABLE: binder_side_chains=False, target_side_chains=True",mythos_preview_single_target_mature_gdf8_rank04,413,
mythos_preview_single_target_mature_gdf8_rank05,Axp,"Bxp,Cxp",False,True,80,218,89,12,21,3.0651634540428674,0,960.2226041122924,448.9501586844544,0.6188226904821384,,,0.6813725490196079,0.23529411764705882,4040.887564914925,1364.6555343721743,17.73638924353058,1.1125,"hbonds/salt bridges NOT COMPUTABLE: binder_side_chains=False, target_side_chains=True",mythos_preview_single_target_mature_gdf8_rank05,2054,
mythos_preview_single_target_mature_gdf8_rank06,Axp,"Bxp,Cxp",False,True,95,218,221,25,37,2.663093689677477,0,1854.0405857370433,896.7162374386724,0.5127009798576805,,,0.512,0.3466666666666667,4999.584447725452,1916.544579467691,21.702208877747115,2.3263157894736843,"hbonds/salt bridges NOT COMPUTABLE: binder_side_chains=False, target_side_chains=True",mythos_preview_single_target_mature_gdf8_rank06,2114,
mythos_preview_single_target_mature_gdf8_rank07,Axp,"Bxp,Cxp",False,True,85,218,97,16,22,3.278775076152677,0,1293.101814207202,635.7139217790998,0.5751042093123662,,,0.648854961832061,0.27099236641221375,4558.595153120687,1637.4058494189444,20.074539631829143,1.1411764705882352,"hbonds/salt bridges NOT COMPUTABLE: binder_side_chains=False, target_side_chains=True",mythos_preview_single_target_mature_gdf8_rank07,2074,
mythos_preview_single_target_mature_gdf8_rank08,Axp,"Bxp,Cxp",False,True,70,218,111,14,19,2.983559283808519,0,905.9463049504116,434.5091724155012,0.3780339926761114,,,0.4306930693069307,0.47029702970297027,3751.9118253128645,1040.1286034833938,15.41061818380108,1.5857142857142856,"hbonds/salt bridges NOT COMPUTABLE: binder_side_chains=False, target_side_chains=True",mythos_preview_single_target_mature_gdf8_rank08,2014,
mythos_preview_single_target_mature_gdf8_rank09,Axp,"Bxp,Cxp",False,True,71,218,32,5,7,3.3605417717981125,0,409.81819375027146,215.27285590276762,0.5365853658536588,,,0.9215686274509803,0.0784313725490196,4158.441509146146,1248.320036363,14.26032183351684,0.4507042253521127,"hbonds/salt bridges NOT COMPUTABLE: binder_side_chains=False, target_side_chains=True",mythos_preview_single_target_mature_gdf8_rank09,414,
mythos_preview_single_target_mature_gdf8_rank10,Axp,"Bxp,Cxp",False,True,70,218,506,35,36,1.9884574423406693,3,2343.11259788263,1176.3508883764357,0.46327856875189144,,,0.5,0.31893004115226337,4332.331162137366,1664.8744877174931,14.491773890405442,7.228571428571429,"hbonds/salt bridges NOT COMPUTABLE: binder_side_chains=False, target_side_chains=True",mythos_preview_single_target_mature_gdf8_rank10,2060,
mythos_preview_single_target_mature_gdf8_rank11,Axp,"Bxp,Cxp",False,True,95,218,217,14,18,2.3104529858882654,0,1153.166467297784,566.0747701318162,0.5018638225391443,,,0.5509259259259259,0.2222222222222222,5699.151089938681,2069.115644234521,13.413351474713393,2.2842105263157895,"hbonds/salt bridges NOT COMPUTABLE: binder_side_chains=False, target_side_chains=True",mythos_preview_single_target_mature_gdf8_rank11,2206,
mythos_preview_single_target_mature_gdf8_rank12,Axp,"Bxp,Cxp",False,True,80,218,110,13,21,3.3155075026306307,0,1086.875911941765,536.4658330538691,0.5215930237357291,,,0.5909090909090909,0.24242424242424243,3927.2530307010275,1619.1750779773747,11.182264358053278,1.375,"hbonds/salt bridges NOT COMPUTABLE: binder_side_chains=False, target_side_chains=True",mythos_preview_single_target_mature_gdf8_rank12,2036,
mythos_preview_single_target_mature_gdf8_rank13,Axp,"Bxp,Cxp",False,True,95,218,24,8,10,3.569255524615743,0,614.4983231573545,316.3460870278476,0.7468879668049793,,,0.8103448275862069,0.05172413793103448,5620.7217620466545,2245.925953961192,13.466665536498311,0.25263157894736843,"hbonds/salt bridges NOT COMPUTABLE: binder_side_chains=False, target_side_chains=True",mythos_preview_single_target_mature_gdf8_rank13,438,
mythos_preview_single_target_mature_gdf8_rank14,Axp,"Bxp,Cxp",False,True,70,218,303,20,23,2.536955064639498,0,1577.564273507623,815.300374979157,0.6042800320641033,,,0.6666666666666666,0.16498316498316498,4626.816217162337,1810.2386296642007,13.565710003818724,4.328571428571428,"hbonds/salt bridges NOT COMPUTABLE: binder_side_chains=False, target_side_chains=True",mythos_preview_single_target_mature_gdf8_rank14,2064,
mythos_preview_single_target_mature_gdf8_rank15,Axp,"Bxp,Cxp",False,True,79,218,32,12,15,3.456438195599626,0,723.5897592576007,371.47694036880023,0.4558303886925795,,,0.7,0.2125,4557.4838761854235,1665.7393545159275,12.931797269376265,0.4050632911392405,"hbonds/salt bridges NOT COMPUTABLE: binder_side_chains=False, target_side_chains=True",mythos_preview_single_target_mature_gdf8_rank15,401,
mythos_preview_single_target_mature_gdf8_rank16,Axp,"Bxp,Cxp",False,True,85,218,11,2,2,3.317542916075086,0,88.13362564437583,43.26621891171603,0.0,,,0.4074074074074074,0.2962962962962963,4597.944734812074,1548.441600336058,18.56035773592638,0.12941176470588237,"hbonds/salt bridges NOT COMPUTABLE: binder_side_chains=False, target_side_chains=True",mythos_preview_single_target_mature_gdf8_rank16,2100,
mythos_preview_single_target_mature_gdf8_rank17,Axp,"Bxp,Cxp",False,True,70,218,224,21,23,2.36006906678597,0,1397.823212971714,717.1335951270948,0.5579458249648054,,,0.6460481099656358,0.21649484536082475,4522.044880733732,1665.9604953205435,12.981315404085333,3.2,"hbonds/salt bridges NOT COMPUTABLE: binder_side_chains=False, target_side_chains=True",mythos_preview_single_target_mature_gdf8_rank17,2062,
mythos_preview_single_target_mature_gdf8_rank18,Axp,"Bxp,Cxp",False,True,70,218,246,27,33,2.973669282216837,0,2008.835843466221,991.6659444588673,0.5308683982274821,,,0.5939849624060151,0.2556390977443609,4288.315140672927,2076.4650451110338,16.624956362329648,3.5142857142857142,"hbonds/salt bridges NOT COMPUTABLE: binder_side_chains=False, target_side_chains=True",mythos_preview_single_target_mature_gdf8_rank18,2063,
mythos_preview_single_target_mature_gdf8_rank19,Axp,"Bxp,Cxp",False,True,80,218,99,15,24,3.049218096496215,0,1174.6330655134527,560.3514029764078,0.44512320093291635,,,0.4824561403508772,0.33771929824561403,4221.841867556355,1475.567386824191,16.180444706896942,1.2375,"hbonds/salt bridges NOT COMPUTABLE: binder_side_chains=False, target_side_chains=True",mythos_preview_single_target_mature_gdf8_rank19,2054,
mythos_preview_single_target_mature_gdf8_rank20,Axp,"Bxp,Cxp",False,True,70,218,365,24,24,2.566312724513519,0,1842.6765436085084,970.446985698893,0.5537427411402429,,,0.6035502958579881,0.2603550295857988,4390.1021689671,1944.5923635423796,13.692069757923509,5.214285714285714,"hbonds/salt bridges NOT COMPUTABLE: binder_side_chains=False, target_side_chains=True",mythos_preview_single_target_mature_gdf8_rank20,2065,
mythos_preview_single_target_mature_gdf8_rank21,Axp,"Bxp,Cxp",False,True,80,218,110,13,21,3.315159348356849,0,1086.875911941765,536.4658330538691,0.5063068443418208,,,0.5909090909090909,0.26262626262626265,3928.441713747456,1777.0635478332772,11.18224556467235,1.375,"hbonds/salt bridges NOT COMPUTABLE: binder_side_chains=False, target_side_chains=True",mythos_preview_single_target_mature_gdf8_rank21,2036,
mythos_preview_single_target_mature_gdf8_rank22,Axp,"Bxp,Cxp",False,True,84,218,302,23,32,2.091212342832585,1,1511.3575986754545,732.5909822331738,0.3751943989026795,,,0.6257309941520468,0.22807017543859648,4103.8765112784995,1353.383855067655,17.455831898310514,3.5952380952380953,"hbonds/salt bridges NOT COMPUTABLE: binder_side_chains=False, target_side_chains=True",mythos_preview_single_target_mature_gdf8_rank22,2052,
mythos_preview_single_target_mature_gdf8_rank23,Axp,"Bxp,Cxp",False,True,70,218,68,8,17,2.440587839025672,0,749.5703070707351,365.1447325571262,0.5038607195506659,,,0.6397058823529411,0.21323529411764705,3846.8611635374004,1553.8483359292798,15.468308002538707,0.9714285714285714,"hbonds/salt bridges NOT COMPUTABLE: binder_side_chains=False, target_side_chains=True",mythos_preview_single_target_mature_gdf8_rank23,2014,
mythos_preview_single_target_mature_gdf8_rank24,Axp,"Bxp,Cxp",True,True,58,218,780,34,25,1.7439704699334793,8,2427.3205713016705,1243.243741680542,0.43360106582924285,17.0,8.0,0.5206286836935167,0.2632612966601179,4093.110942550473,1074.0789484266322,10.613609006909416,13.448275862068966,,mythos_preview_single_target_mature_gdf8_rank24,2168,
mythos_preview_single_target_mature_gdf8_rank25,Axp,"Bxp,Cxp",False,True,60,218,210,22,22,2.9377024012044313,0,1246.1647945298498,619.9317076517383,0.47810683428961215,,,0.5728813559322034,0.2711864406779661,3462.087787398842,1434.4454414895347,10.372573681299055,3.5,"hbonds/salt bridges NOT COMPUTABLE: binder_side_chains=False, target_side_chains=True",mythos_preview_single_target_mature_gdf8_rank25,1956,
mythos_preview_single_target_mature_gdf8_rank26,Axp,"Bxp,Cxp",False,True,50,218,130,12,14,2.9970191738412133,0,731.1172884375719,365.0189186008992,0.5265968529571351,,,0.5375,0.23125,2532.87316718683,947.4427008111786,11.571658202459421,2.6,"hbonds/salt bridges NOT COMPUTABLE: binder_side_chains=False, target_side_chains=True",mythos_preview_single_target_mature_gdf8_rank26,1916,
mythos_preview_single_target_mature_gdf8_rank27,Axp,"Bxp,Cxp",False,True,69,218,84,11,17,3.2405798723228596,0,747.3982918646341,358.74253552476955,0.38630935016062673,,,0.6298701298701299,0.16233766233766234,3666.254402998048,1430.1645570896699,10.291086310999777,1.2173913043478262,"hbonds/salt bridges NOT COMPUTABLE: binder_side_chains=False, target_side_chains=True",mythos_preview_single_target_mature_gdf8_rank27,1992,
mythos_preview_single_target_mature_gdf8_rank28,Axp,"Bxp,Cxp",False,True,97,218,83,8,13,3.1622533105366486,0,606.1578454123241,295.83391831943817,0.5428214430461967,,,0.6557377049180327,0.1721311475409836,5050.608761399715,2202.420495939356,12.832847697970656,0.8556701030927835,"hbonds/salt bridges NOT COMPUTABLE: binder_side_chains=False, target_side_chains=True",mythos_preview_single_target_mature_gdf8_rank28,2104,
mythos_preview_single_target_mature_gdf8_rank29,Axp,"Bxp,Cxp",False,True,80,218,150,12,19,2.450509738981302,0,901.1896468318083,432.76366255987125,0.5411324412869049,,,0.5939086294416244,0.23857868020304568,4225.577999790088,1954.426859821571,10.685523896898301,1.875,"hbonds/salt bridges NOT COMPUTABLE: binder_side_chains=False, target_side_chains=True",mythos_preview_single_target_mature_gdf8_rank29,2036,
mythos_preview_single_target_mature_gdf8_rank30,Axp,"Bxp,Cxp",True,True,64,218,435,23,21,2.085926794973229,1,1771.3674852157583,892.6794001515974,0.4242529125444371,8.0,3.0,0.5437158469945356,0.33879781420765026,5526.587639797527,796.7450496982747,14.890595432991136,6.796875,,mythos_preview_single_target_mature_gdf8_rank30,2247,
mythos_preview_single_target_il7ra_rank01,Axp,Bxp,False,False,98,193,46,9,9,3.299528602694632,0,388.6370980113219,192.47032955890634,0.14247401071237112,,,0.3333333333333333,0.3888888888888889,4492.141740333325,1737.8674670907644,11.484248542737207,0.46938775510204084,"hbonds/salt bridges NOT COMPUTABLE: binder_side_chains=False, target_side_chains=False",mythos_preview_single_target_il7ra_rank01,1164,
mythos_preview_single_target_il7ra_rank02,Axp,Bxp,False,False,98,193,43,8,8,3.5248923387814264,0,379.64382463107233,188.74797935555424,0.17570897812205108,,,0.3125,0.375,4556.841106328498,1713.7681869131904,11.565631397732737,0.4387755102040816,"hbonds/salt bridges NOT COMPUTABLE: binder_side_chains=False, target_side_chains=False",mythos_preview_single_target_il7ra_rank02,1164,
mythos_preview_single_target_il7ra_rank03,Axp,Bxp,False,False,87,193,51,10,8,2.983298342439119,0,404.93084537727896,200.3693042633196,0.329862954531139,,,0.5555555555555556,0.2777777777777778,4572.457758523016,1782.0189731531636,12.361933311898655,0.5862068965517241,"hbonds/salt bridges NOT COMPUTABLE: binder_side_chains=False, target_side_chains=False",mythos_preview_single_target_il7ra_rank03,1120,
mythos_preview_single_target_il7ra_rank04,Axp,Bxp,False,False,95,193,28,7,7,3.1521012039590355,0,324.65085988941524,157.14750473990563,0.2161100999055278,,,0.35714285714285715,0.35714285714285715,4646.148717829324,1795.4876911322244,12.597973612400788,0.29473684210526313,"hbonds/salt bridges NOT COMPUTABLE: binder_side_chains=False, target_side_chains=False",mythos_preview_single_target_il7ra_rank04,1152,
mythos_preview_single_target_il7ra_rank05,Axp,Bxp,False,False,95,193,39,9,8,2.954142345927155,0,374.8687267295023,180.3115327845057,0.21264924337752225,,,0.35294117647058826,0.4117647058823529,4656.674801583456,1792.4859403290152,12.723435794866388,0.4105263157894737,"hbonds/salt bridges NOT COMPUTABLE: binder_side_chains=False, target_side_chains=False",mythos_preview_single_target_il7ra_rank05,1152,
mythos_preview_single_target_il7ra_rank06,Axp,Bxp,False,False,87,193,51,10,8,2.983298342439119,0,404.93084537727896,200.3693042633196,0.329862954531139,,,0.5555555555555556,0.2777777777777778,4572.457758523016,1715.3130719301428,12.361933311898655,0.5862068965517241,"hbonds/salt bridges NOT COMPUTABLE: binder_side_chains=False, target_side_chains=False",mythos_preview_single_target_il7ra_rank06,1120,
mythos_preview_single_target_il7ra_rank07,Axp,Bxp,False,False,65,193,95,13,13,3.38335425280889,0,507.08907333212085,256.00241631499034,0.31128178064729967,,,0.34615384615384615,0.4230769230769231,3512.1492848793714,1381.973154102133,11.703592467713094,1.4615384615384615,"hbonds/salt bridges NOT COMPUTABLE: binder_side_chains=False, target_side_chains=False",mythos_preview_single_target_il7ra_rank07,1032,
mythos_preview_single_target_il7ra_rank08,Axp,Bxp,False,False,65,193,95,13,13,3.38335425280889,0,507.08907333212085,256.00241631499034,0.31128178064729967,,,0.34615384615384615,0.4230769230769231,3512.1492848793714,1190.482591678192,11.703592467713094,1.4615384615384615,"hbonds/salt bridges NOT COMPUTABLE: binder_side_chains=False, target_side_chains=False",mythos_preview_single_target_il7ra_rank08,1032,
mythos_preview_single_target_il7ra_rank09,Axp,Bxp,False,False,82,193,38,9,5,2.6598264981009567,0,283.0691219812586,148.04960266519305,0.44394735628154136,,,0.5,0.21428571428571427,4655.336127976467,1739.7796452662164,12.27494261857689,0.4634146341463415,"hbonds/salt bridges NOT COMPUTABLE: binder_side_chains=False, target_side_chains=False",mythos_preview_single_target_il7ra_rank09,1100,
mythos_preview_single_target_il7ra_rank10,Axp,Bxp,False,False,82,193,38,9,5,2.6598264981009567,0,283.0691219812586,148.04960266519305,0.44394735628154136,,,0.5,0.21428571428571427,4655.336127976467,1790.6857667612126,12.27494261857689,0.4634146341463415,"hbonds/salt bridges NOT COMPUTABLE: binder_side_chains=False, target_side_chains=False",mythos_preview_single_target_il7ra_rank10,1100,
mythos_preview_single_target_il7ra_rank11,Axp,Bxp,False,False,87,193,31,6,5,3.365301026654229,0,331.01147862595656,167.50981590309715,0.3140991064048286,,,0.45454545454545453,0.2727272727272727,4874.516414867178,1857.735795311688,14.273758967121614,0.3563218390804598,"hbonds/salt bridges NOT COMPUTABLE: binder_side_chains=False, target_side_chains=False",mythos_preview_single_target_il7ra_rank11,1120,
mythos_preview_single_target_il7ra_rank12,Axp,Bxp,False,False,87,193,20,3,4,3.6285261470740453,0,246.81485591776402,123.93099486325049,0.36716360565563483,,,0.42857142857142855,0.42857142857142855,4896.319696201623,1904.4718486728998,14.247487312832227,0.22988505747126436,"hbonds/salt bridges NOT COMPUTABLE: binder_side_chains=False, target_side_chains=False",mythos_preview_single_target_il7ra_rank12,1120,
mythos_preview_single_target_il7ra_rank13,Axp,Bxp,False,False,84,193,4,4,4,4.593236005258165,0,258.1300121327893,126.50079033568993,0.5780359397249886,,,0.375,0.25,4617.908026306606,1830.2924673226482,13.597612823485687,0.047619047619047616,"hbonds/salt bridges NOT COMPUTABLE: binder_side_chains=False, target_side_chains=False",mythos_preview_single_target_il7ra_rank13,1108,
mythos_preview_single_target_il7ra_rank14,Axp,Bxp,False,False,84,193,4,4,4,4.593236005258165,0,258.1300121327893,126.50079033568993,0.6943640860165826,,,0.5,0.25,4617.908026306606,1961.7801398820557,13.597612823485687,0.047619047619047616,"hbonds/salt bridges NOT COMPUTABLE: binder_side_chains=False, target_side_chains=False",mythos_preview_single_target_il7ra_rank14,1108,
mythos_preview_single_target_il7ra_rank15,Axp,Bxp,False,False,68,193,49,7,8,3.186949795651006,0,327.7477872909301,162.6329577177478,0.6506875282092252,,,0.6,0.2,3748.129142871465,1454.9926048082857,11.062407107286344,0.7205882352941176,"hbonds/salt bridges NOT COMPUTABLE: binder_side_chains=False, target_side_chains=False",mythos_preview_single_target_il7ra_rank15,1044,
mythos_preview_single_target_il7ra_rank16,Axp,Bxp,False,False,68,193,49,7,8,3.186949795651006,0,327.7477872909301,162.6329577177478,0.7375307036470466,,,0.6666666666666666,0.2,3748.129142871465,1576.402826703591,11.062407107286344,0.7205882352941176,"hbonds/salt bridges NOT COMPUTABLE: binder_side_chains=False, target_side_chains=False",mythos_preview_single_target_il7ra_rank16,1044,
mythos_preview_single_target_il7ra_rank17,Axp,Bxp,False,False,82,193,87,12,10,2.5516792510031525,0,458.39090413136313,253.25214317415143,0.39198562616553057,,,0.5,0.3181818181818182,4427.475511311099,1707.0645745543698,12.237196726637128,1.0609756097560976,"hbonds/salt bridges NOT COMPUTABLE: binder_side_chains=False, target_side_chains=False",mythos_preview_single_target_il7ra_rank17,1100,
mythos_preview_single_target_il7ra_rank18,Axp,Bxp,False,False,79,193,1,1,1,4.827269207326229,0,63.73189204885236,29.15463546204099,0.5402802035936224,,,0.0,0.0,4388.547640626612,1430.9960000740905,12.432099297746806,0.012658227848101266,"hbonds/salt bridges NOT COMPUTABLE: binder_side_chains=False, target_side_chains=False",mythos_preview_single_target_il7ra_rank18,1088,
mythos_preview_single_target_il7ra_rank19,Axp,Bxp,False,False,79,193,1,1,1,4.827269207326229,0,63.73189204885236,29.15463546204099,0.5402802035936224,,,0.0,0.0,4388.547640626612,1366.0625307898308,12.432099297746806,0.012658227848101266,"hbonds/salt bridges NOT COMPUTABLE: binder_side_chains=False, target_side_chains=False",mythos_preview_single_target_il7ra_rank19,1088,
mythos_preview_single_target_il7ra_rank20,Axp,Bxp,False,True,87,193,83,9,15,2.5460469359381404,0,661.8131808172443,308.835440493615,0.4324597496461337,,,0.5144927536231884,0.3695652173913043,4777.823301492521,1803.2720113638802,12.29934867079343,0.9540229885057471,"hbonds/salt bridges NOT COMPUTABLE: binder_side_chains=False, target_side_chains=True",mythos_preview_single_target_il7ra_rank20,1931,
mythos_preview_single_target_il7ra_rank21,Axp,Bxp,True,True,84,193,548,25,23,1.7309598493321567,2,2177.7985093806187,1078.4629999974213,0.7620294431114176,6.0,4.0,0.5947242206235012,0.2997601918465228,5851.558395773669,2526.874651151361,14.587995064629599,6.523809523809524,,mythos_preview_single_target_il7ra_rank21,2286,
mythos_preview_single_target_il7ra_rank22,Axp,Bxp,False,False,82,193,3,1,1,4.700721008526245,0,101.36452505956018,50.16146842240586,0.3402794097024142,,,0.5,0.0,4591.004820049309,1930.5877308339118,12.269710725960978,0.036585365853658534,"hbonds/salt bridges NOT COMPUTABLE: binder_side_chains=False, target_side_chains=False",mythos_preview_single_target_il7ra_rank22,1100,
mythos_preview_single_target_il7ra_rank23,Axp,Bxp,False,True,82,193,150,17,25,2.915528425517405,0,1081.900749224555,524.3458417782895,0.4689211560677501,,,0.4388185654008439,0.45147679324894513,4435.562462528985,1515.2694142340151,14.131525972962011,1.829268292682927,"hbonds/salt bridges NOT COMPUTABLE: binder_side_chains=False, target_side_chains=True",mythos_preview_single_target_il7ra_rank23,1911,
mythos_preview_single_target_il7ra_rank24,Axp,Bxp,False,True,82,193,93,11,21,3.2049221519406665,0,906.8732660105997,424.73981637702707,0.5818000553966503,,,0.5351351351351351,0.3783783783783784,4483.898733915147,1604.0987387419793,12.270036618924186,1.1341463414634145,"hbonds/salt bridges NOT COMPUTABLE: binder_side_chains=False, target_side_chains=True",mythos_preview_single_target_il7ra_rank24,1911,
mythos_preview_single_target_il7ra_rank25,Axp,Bxp,False,True,87,193,83,9,15,2.5460469359381404,0,661.8131808172443,308.835440493615,0.2817677798674901,,,0.45652173913043476,0.39855072463768115,4777.823301492521,1674.7111557933451,12.29934867079343,0.9540229885057471,"hbonds/salt bridges NOT COMPUTABLE: binder_side_chains=False, target_side_chains=True",mythos_preview_single_target_il7ra_rank25,1931,
mythos_preview_single_target_il7ra_rank26,Axp,Bxp,False,False,87,193,6,1,2,3.612737743041971,0,87.06798375717965,41.46052706812206,0.3446898541137215,,,0.3333333333333333,0.3333333333333333,4708.106074438247,2088.401198579984,11.421939643347661,0.06896551724137931,"hbonds/salt bridges NOT COMPUTABLE: binder_side_chains=False, target_side_chains=False",mythos_preview_single_target_il7ra_rank26,1120,
mythos_preview_single_target_il7ra_rank27,Axp,Bxp,True,True,79,193,474,21,21,1.9775745245122873,1,1781.0202335303904,880.9173182338527,0.36876017347535844,15.0,5.0,0.4595375722543353,0.430635838150289,5302.120953971325,892.6380267422594,12.163353578823592,6.0,,mythos_preview_single_target_il7ra_rank27,2168,
mythos_preview_single_target_il7ra_rank28,Axp,Bxp,False,True,92,193,114,14,18,2.8125735545937256,0,885.1678384577658,436.7939844569646,0.4570392608174482,,,0.43386243386243384,0.42857142857142855,5186.4227212023825,2337.7590235007456,13.352914400246624,1.2391304347826086,"hbonds/salt bridges NOT COMPUTABLE: binder_side_chains=False, target_side_chains=True",mythos_preview_single_target_il7ra_rank28,1951,
mythos_preview_single_target_il7ra_rank29,Axp,Bxp,True,True,93,193,460,25,19,2.1900831034460775,1,1745.312590929522,890.2521100537447,0.23225564567445023,14.0,1.0,0.43783783783783786,0.41081081081081083,5697.417873271696,1140.226916453474,12.793779242714164,4.946236559139785,,mythos_preview_single_target_il7ra_rank29,2277,
mythos_preview_single_target_il7ra_rank30,Axp,Bxp,False,True,66,193,68,8,12,2.8654427232105,0,628.8574777672311,307.21284886533135,0.52429070361156,,,0.6140350877192983,0.2982456140350877,3697.7485415319225,2106.1084031171854,15.401098241560122,1.0303030303030303,"hbonds/salt bridges NOT COMPUTABLE: binder_side_chains=False, target_side_chains=True",mythos_preview_single_target_il7ra_rank30,1847,
mythos_preview_single_target_mbp_rank01,Axp,Bxp,False,True,80,370,318,22,28,2.8335437176793303,0,1394.740777873701,719.4516670733909,0.35948529970578474,,,0.47572815533980584,0.2977346278317152,4346.1993677700775,1839.0822474535362,13.138125373358408,3.975,"hbonds/salt bridges NOT COMPUTABLE: binder_side_chains=False, target_side_chains=True",mythos_preview_single_target_mbp_rank01,3198,
mythos_preview_single_target_mbp_rank02,Axp,Bxp,False,True,80,370,258,18,31,2.55862678013031,0,1487.2673198437885,724.9777558692524,0.38858806653673483,,,0.40540540540540543,0.43243243243243246,4046.1129759756413,1747.922790015306,13.300186570373667,3.225,"hbonds/salt bridges NOT COMPUTABLE: binder_side_chains=False, target_side_chains=True",mythos_preview_single_target_mbp_rank02,3197,
mythos_preview_single_target_mbp_rank03,Axp,Bxp,False,True,80,370,259,19,31,2.551562658450699,0,1490.0406085655895,729.0396302838665,0.38496258097587743,,,0.39473684210526316,0.4342105263157895,4051.339479764237,1811.4205787750723,13.30004686294904,3.2375,"hbonds/salt bridges NOT COMPUTABLE: binder_side_chains=False, target_side_chains=True",mythos_preview_single_target_mbp_rank03,3197,
mythos_preview_single_target_mbp_rank04,Axp,Bxp,False,True,99,370,111,13,21,2.720956817003901,0,1033.3406735095705,494.4188116146172,0.6755020321970607,,,0.41237113402061853,0.31958762886597936,4402.923145177385,2169.26874384866,12.913545959397041,1.121212121212121,"hbonds/salt bridges NOT COMPUTABLE: binder_side_chains=False, target_side_chains=True",mythos_preview_single_target_mbp_rank04,3273,
mythos_preview_single_target_mbp_rank05,Axp,Bxp,False,True,80,370,302,24,27,2.69901463501034,0,1316.9722635077082,676.2955678137324,0.5086904185330319,,,0.4783950617283951,0.2932098765432099,4271.744359471318,2021.1171623541118,12.947191498319633,3.775,"hbonds/salt bridges NOT COMPUTABLE: binder_side_chains=False, target_side_chains=True",mythos_preview_single_target_mbp_rank05,3197,
mythos_preview_single_target_mbp_rank06,Axp,Bxp,False,True,99,370,111,13,21,2.720956817003901,0,1033.3406735095705,494.4188116146172,0.5799551626209343,,,0.3711340206185567,0.3402061855670103,4402.923145177385,1963.9004827185545,12.913545959397041,1.121212121212121,"hbonds/salt bridges NOT COMPUTABLE: binder_side_chains=False, target_side_chains=True",mythos_preview_single_target_mbp_rank06,3273,
mythos_preview_single_target_mbp_rank07,Axp,Bxp,False,True,99,370,344,29,32,2.3103352570568627,0,1895.5858675113197,959.0760730438155,0.4301694529563344,,,0.42346938775510207,0.36989795918367346,5085.599506216134,2019.0488333646776,12.487845669463583,3.474747474747475,"hbonds/salt bridges NOT COMPUTABLE: binder_side_chains=False, target_side_chains=True",mythos_preview_single_target_mbp_rank07,3273,
mythos_preview_single_target_mbp_rank08,Axp,Bxp,False,True,99,370,246,25,28,2.9524596525608953,0,1672.2683216414061,846.3797823054615,0.3907466466870682,,,0.49258160237388726,0.2878338278931751,5148.9335223849575,2072.035290196684,12.582139265625122,2.484848484848485,"hbonds/salt bridges NOT COMPUTABLE: binder_side_chains=False, target_side_chains=True",mythos_preview_single_target_mbp_rank08,3274,
mythos_preview_single_target_mbp_rank09,Axp,Bxp,False,True,80,370,176,18,20,3.1053840342218546,0,1052.8082216833657,521.209070786468,0.40319146148237944,,,0.4331983805668016,0.3522267206477733,4127.927684111177,1877.5234034813916,13.105796791373182,2.2,"hbonds/salt bridges NOT COMPUTABLE: binder_side_chains=False, target_side_chains=True",mythos_preview_single_target_mbp_rank09,3197,
mythos_preview_single_target_mbp_rank10,Axp,Bxp,False,True,80,370,87,14,18,3.2965359091021575,0,770.2912414405249,384.95090344168307,0.47660302512750174,,,0.39444444444444443,0.45,4183.810470824217,1363.3363386396366,13.517362316933577,1.0875,"hbonds/salt bridges NOT COMPUTABLE: binder_side_chains=False, target_side_chains=True",mythos_preview_single_target_mbp_rank10,3197,
mythos_preview_single_target_mbp_rank11,Axp,Bxp,False,True,80,370,87,14,18,3.2965359091021575,0,770.2912414405249,384.95090344168307,0.5288542855263287,,,0.4166666666666667,0.40555555555555556,4183.810470824217,1549.7837160358683,13.517362316933577,1.0875,"hbonds/salt bridges NOT COMPUTABLE: binder_side_chains=False, target_side_chains=True",mythos_preview_single_target_mbp_rank11,3197,
mythos_preview_single_target_mbp_rank12,Axp,Bxp,False,True,96,370,327,19,16,2.0670394287482763,1,1051.9109008669097,570.6729280714967,0.5675442269895145,,,0.48523206751054854,0.31645569620253167,4372.957118287512,1940.0526802033514,13.3472208393904,3.40625,"hbonds/salt bridges NOT COMPUTABLE: binder_side_chains=False, target_side_chains=True",mythos_preview_single_target_mbp_rank12,3261,
mythos_preview_single_target_mbp_rank13,Axp,Bxp,False,True,99,370,210,23,30,2.7365476425598727,0,1584.445030714811,784.3914741793515,0.6539182335257231,,,0.4069400630914827,0.3627760252365931,4637.096027370626,2065.6136152898753,14.150765631983193,2.121212121212121,"hbonds/salt bridges NOT COMPUTABLE: binder_side_chains=False, target_side_chains=True",mythos_preview_single_target_mbp_rank13,3273,
mythos_preview_single_target_mbp_rank14,Axp,Bxp,False,True,99,370,210,23,30,2.7365476425598727,0,1584.445030714811,784.3914741793515,0.6184786695029747,,,0.4069400630914827,0.33753943217665616,4637.096027370626,2438.747773101641,14.150765631983193,2.121212121212121,"hbonds/salt bridges NOT COMPUTABLE: binder_side_chains=False, target_side_chains=True",mythos_preview_single_target_mbp_rank14,3273,
mythos_preview_single_target_mbp_rank15,Axp,Bxp,False,True,96,370,303,20,18,1.799414627038471,2,1031.8048581340183,561.1254777471538,0.47475339460410015,,,0.4666666666666667,0.3176470588235294,4407.133849129188,1643.650898523129,13.330312400650403,3.15625,"hbonds/salt bridges NOT COMPUTABLE: binder_side_chains=False, target_side_chains=True",mythos_preview_single_target_mbp_rank15,3261,
mythos_preview_single_target_mbp_rank16,Axp,Bxp,False,True,96,370,328,19,16,2.0275250923231507,1,1054.326170958088,571.5655911353665,0.5393579813332737,,,0.46835443037974683,0.28270042194092826,4384.178832609741,1778.249430764515,13.345522361919036,3.4166666666666665,"hbonds/salt bridges NOT COMPUTABLE: binder_side_chains=False, target_side_chains=True",mythos_preview_single_target_mbp_rank16,3261,
mythos_preview_single_target_mbp_rank17,Axp,Bxp,False,True,61,370,228,16,23,3.284880515330809,0,1156.6554244851716,569.7747740500323,0.5414299781869067,,,0.5390946502057613,0.2880658436213992,2976.149828084477,1236.6570238866316,10.589237435176628,3.737704918032787,"hbonds/salt bridges NOT COMPUTABLE: binder_side_chains=False, target_side_chains=True",mythos_preview_single_target_mbp_rank17,3121,
mythos_preview_single_target_mbp_rank18,Axp,Bxp,False,True,87,370,118,12,20,3.320364136657304,0,809.8238277335329,387.1099288451164,0.4729984967614371,,,0.22988505747126436,0.5057471264367817,4761.462064520907,1828.8495064986575,12.263323977013878,1.3563218390804597,"hbonds/salt bridges NOT COMPUTABLE: binder_side_chains=False, target_side_chains=True",mythos_preview_single_target_mbp_rank18,3225,
mythos_preview_single_target_mbp_rank19,Axp,Bxp,False,True,80,370,151,12,17,2.602645192875894,0,875.4669554800412,428.51118908487354,0.27202944678111113,,,0.4947916666666667,0.328125,4181.9771056470745,1733.0842966619844,12.213709866527887,1.8875,"hbonds/salt bridges NOT COMPUTABLE: binder_side_chains=False, target_side_chains=True",mythos_preview_single_target_mbp_rank19,3197,
mythos_preview_single_target_mbp_rank20,Axp,Bxp,False,True,61,370,203,16,24,3.0976452346903773,0,1148.624243366436,564.6426546320295,0.6132159865275244,,,0.5465587044534413,0.2834008097165992,2973.137832957397,1492.0229808482018,10.625648011687003,3.3278688524590163,"hbonds/salt bridges NOT COMPUTABLE: binder_side_chains=False, target_side_chains=True",mythos_preview_single_target_mbp_rank20,3121,
mythos_preview_single_target_mbp_rank21,Axp,Bxp,False,True,91,370,307,21,28,1.912013598278004,1,1524.8433632094363,775.906073399301,0.45416826511548125,,,0.43548387096774194,0.3387096774193548,4452.974985675279,1951.2649424294223,11.941205946397453,3.3736263736263736,"hbonds/salt bridges NOT COMPUTABLE: binder_side_chains=False, target_side_chains=True",mythos_preview_single_target_mbp_rank21,3241,
mythos_preview_single_target_mbp_rank22,Axp,Bxp,False,True,80,370,167,13,19,2.619411002496553,0,993.5118486884274,495.7129155832219,0.4489325873130368,,,0.5245098039215687,0.27941176470588236,4267.119129198421,1779.8803407837813,12.3992308099049,2.0875,"hbonds/salt bridges NOT COMPUTABLE: binder_side_chains=False, target_side_chains=True",mythos_preview_single_target_mbp_rank22,3198,
mythos_preview_single_target_mbp_rank23,Axp,Bxp,False,True,80,370,167,13,19,2.619411002496553,0,993.5118486884274,495.7129155832219,0.3430917430489896,,,0.4852941176470588,0.3382352941176471,4267.119129198421,1774.8620289744294,12.3992308099049,2.0875,"hbonds/salt bridges NOT COMPUTABLE: binder_side_chains=False, target_side_chains=True",mythos_preview_single_target_mbp_rank23,3198,
mythos_preview_single_target_mbp_rank24,Axp,Bxp,False,True,91,370,308,26,32,2.5982049572733863,0,1736.3356265128741,900.5271805548556,0.4235025142751852,,,0.4254742547425474,0.33875338753387535,4808.603178447954,1908.9777530613528,13.628244979212301,3.3846153846153846,"hbonds/salt bridges NOT COMPUTABLE: binder_side_chains=False, target_side_chains=True",mythos_preview_single_target_mbp_rank24,3242,
mythos_preview_single_target_mbp_rank25,Axp,Bxp,False,True,87,370,306,27,33,1.2156504431784658,4,1622.3043911014188,807.5306016873973,0.39588915450153667,,,0.36507936507936506,0.41534391534391535,4510.507409031621,2088.293797088527,12.124695550802702,3.5172413793103448,"hbonds/salt bridges NOT COMPUTABLE: binder_side_chains=False, target_side_chains=True",mythos_preview_single_target_mbp_rank25,3209,
mythos_preview_single_target_mbp_rank26,Axp,Bxp,False,True,69,370,131,11,22,2.3972719912433806,0,922.8300434167129,434.00322574818983,0.31487522364640513,,,0.31693989071038253,0.37158469945355194,3456.7809134747085,1223.6565124857436,11.827411702509359,1.8985507246376812,"hbonds/salt bridges NOT COMPUTABLE: binder_side_chains=False, target_side_chains=True",mythos_preview_single_target_mbp_rank26,3137,
mythos_preview_single_target_mbp_rank27,Axp,Bxp,False,True,80,370,238,16,16,2.426495621261246,0,1065.2900288189494,552.539313797514,0.26860556361130955,,,0.5023255813953489,0.3395348837209302,4431.967606350974,1728.7735671319103,11.833410118390198,2.975,"hbonds/salt bridges NOT COMPUTABLE: binder_side_chains=False, target_side_chains=True",mythos_preview_single_target_mbp_rank27,3198,
mythos_preview_single_target_mbp_rank28,Axp,Bxp,False,True,100,370,246,21,33,2.510891674286248,0,1412.1724647351823,686.0197122361919,0.45717610394649594,,,0.4831804281345566,0.308868501529052,4640.978708072099,1974.198077073082,14.179912903253761,2.46,"hbonds/salt bridges NOT COMPUTABLE: binder_side_chains=False, target_side_chains=True",mythos_preview_single_target_mbp_rank28,3261,
mythos_preview_single_target_mbp_rank29,Axp,Bxp,False,True,80,370,87,10,16,3.469464656110508,0,806.1460198503692,389.8055382737829,0.36866718106563273,,,0.40718562874251496,0.437125748502994,4318.09832687036,1734.7770960565265,11.733121366227698,1.0875,"hbonds/salt bridges NOT COMPUTABLE: binder_side_chains=False, target_side_chains=True",mythos_preview_single_target_mbp_rank29,3198,
mythos_preview_single_target_mbp_rank30,Axp,Bxp,False,True,80,370,89,7,15,1.7589647523472454,1,663.554948079887,314.7983062820149,0.4987922176563889,,,0.28695652173913044,0.4260869565217391,4219.984530661355,1654.7449958881293,17.948396069462824,1.1125,"hbonds/salt bridges NOT COMPUTABLE: binder_side_chains=False, target_side_chains=True",mythos_preview_single_target_mbp_rank30,3198,
mythos_preview_single_target_nipahg_rank01,Axp,Bxp,False,True,100,415,258,18,18,2.68579578523759,0,1187.5398891577715,625.3015500199283,0.25227204549112925,,,0.45867768595041325,0.17768595041322313,5855.108450108619,2175.3182219806095,13.029266751259353,2.58,"hbonds/salt bridges NOT COMPUTABLE: binder_side_chains=False, target_side_chains=True",mythos_preview_single_target_nipahg_rank01,3775,
mythos_preview_single_target_nipahg_rank02,Axp,Bxp,False,True,100,415,271,22,19,2.6836201296010587,0,1231.4359154419412,634.3984140031553,0.4754120756206099,,,0.46037735849056605,0.12452830188679245,5853.415650714077,2537.410323592637,13.02415292731728,2.71,"hbonds/salt bridges NOT COMPUTABLE: binder_side_chains=False, target_side_chains=True",mythos_preview_single_target_nipahg_rank02,3775,
mythos_preview_single_target_nipahg_rank03,Axp,Bxp,False,True,89,415,177,15,17,3.0481435333658418,0,974.7320224646999,492.93987272519365,0.6029027157378326,,,0.5804878048780487,0.23902439024390243,4330.795756534768,1739.8855305977409,10.96621789158141,1.9887640449438202,"hbonds/salt bridges NOT COMPUTABLE: binder_side_chains=False, target_side_chains=True",mythos_preview_single_target_nipahg_rank03,3719,
mythos_preview_single_target_nipahg_rank04,Axp,Bxp,False,True,89,415,194,17,17,3.1355755452548113,0,1022.2542798761203,536.5575948775509,0.6644955401402651,,,0.6073059360730594,0.2237442922374429,4305.691836003872,1726.920041125391,10.970280326123275,2.1797752808988764,"hbonds/salt bridges NOT COMPUTABLE: binder_side_chains=False, target_side_chains=True",mythos_preview_single_target_nipahg_rank04,3719,
mythos_preview_single_target_nipahg_rank05,Axp,Bxp,False,True,80,415,119,14,13,3.2653399516742514,0,884.1675826750597,438.15579657680337,0.8105113282821367,,,0.6742857142857143,0.05714285714285714,4580.631117197974,1752.9360752764123,12.835596389956093,1.4875,"hbonds/salt bridges NOT COMPUTABLE: binder_side_chains=False, target_side_chains=True",mythos_preview_single_target_nipahg_rank05,3679,
mythos_preview_single_target_nipahg_rank06,Axp,Bxp,False,True,95,415,372,32,33,2.437016823905817,0,2115.7045481276587,1059.1275079878646,0.5133163272451868,,,0.4023809523809524,0.23333333333333334,5432.854712589362,2219.7535504506127,15.477923521801394,3.9157894736842107,"hbonds/salt bridges NOT COMPUTABLE: binder_side_chains=False, target_side_chains=True",mythos_preview_single_target_nipahg_rank06,3754,
mythos_preview_single_target_nipahg_rank07,Axp,Bxp,False,True,97,415,364,25,30,2.5030561320114257,0,1726.283977885827,847.843450322769,0.3256638746105532,,,0.3468208092485549,0.2138728323699422,4840.36954281481,1465.133351734808,12.176407292339919,3.752577319587629,"hbonds/salt bridges NOT COMPUTABLE: binder_side_chains=False, target_side_chains=True",mythos_preview_single_target_nipahg_rank07,3759,
mythos_preview_single_target_nipahg_rank08,Axp,Bxp,False,True,92,415,223,20,22,2.6020955017062697,0,1379.6904319027394,712.464956239186,0.4779672313900104,,,0.41947565543071164,0.20973782771535582,4971.728833507474,1983.2037802329612,12.385866070878684,2.4239130434782608,"hbonds/salt bridges NOT COMPUTABLE: binder_side_chains=False, target_side_chains=True",mythos_preview_single_target_nipahg_rank08,3735,
mythos_preview_single_target_nipahg_rank09,Axp,Bxp,False,True,110,415,261,21,24,2.95833618779205,0,1541.3255105209191,771.3386484312315,0.3719998969376767,,,0.3720136518771331,0.20819112627986347,6131.482250803843,2303.146649371706,14.083146027782568,2.3727272727272726,"hbonds/salt bridges NOT COMPUTABLE: binder_side_chains=False, target_side_chains=True",mythos_preview_single_target_nipahg_rank09,3831,
mythos_preview_single_target_nipahg_rank10,Axp,Bxp,False,True,110,415,277,21,25,2.9631329703541827,0,1497.4192262537804,768.4127466019586,0.3840823943540296,,,0.39932885906040266,0.2214765100671141,6201.440683878421,2121.871207665587,14.067431242047318,2.518181818181818,"hbonds/salt bridges NOT COMPUTABLE: binder_side_chains=False, target_side_chains=True",mythos_preview_single_target_nipahg_rank10,3831,
mythos_preview_single_target_nipahg_rank11,Axp,Bxp,False,True,97,415,209,20,25,2.7782316318118623,0,1425.6527656297662,707.4189028007931,0.34492631051483635,,,0.35294117647058826,0.2560553633217993,4754.585541634251,1544.5382943958589,12.217191061020634,2.154639175257732,"hbonds/salt bridges NOT COMPUTABLE: binder_side_chains=False, target_side_chains=True",mythos_preview_single_target_nipahg_rank11,3759,
mythos_preview_single_target_nipahg_rank12,Axp,Bxp,False,True,100,415,113,23,23,3.3038003874326294,0,1334.9241844535252,677.0498232325638,0.5966881040226212,,,0.3564356435643564,0.25742574257425743,5726.4002265244335,2148.4411455787313,15.947290259452352,1.13,"hbonds/salt bridges NOT COMPUTABLE: binder_side_chains=False, target_side_chains=True",mythos_preview_single_target_nipahg_rank12,3779,
mythos_preview_single_target_nipahg_rank13,Axp,Bxp,False,True,95,415,367,36,33,2.769645103618873,0,2247.6194226515604,1129.676027776476,0.4588531692652615,,,0.3422818791946309,0.25727069351230425,5402.011880848972,2184.8765859246487,15.469333910057278,3.863157894736842,"hbonds/salt bridges NOT COMPUTABLE: binder_side_chains=False, target_side_chains=True",mythos_preview_single_target_nipahg_rank13,3753,
mythos_preview_single_target_nipahg_rank14,Axp,Bxp,False,True,80,415,137,15,14,3.2348914974076006,0,941.5740008477956,474.53782984760954,0.741682538405992,,,0.5916230366492147,0.13612565445026178,4563.979405837788,1722.4651124925172,12.678654404561517,1.7125,"hbonds/salt bridges NOT COMPUTABLE: binder_side_chains=False, target_side_chains=True",mythos_preview_single_target_nipahg_rank14,3678,
mythos_preview_single_target_nipahg_rank15,Axp,Bxp,False,True,92,415,240,22,21,2.7072059397097963,0,1488.394236446828,765.4006285429922,0.5200514740937314,,,0.4265232974910394,0.21863799283154123,5117.679592757198,2297.1621339121943,12.483242660126804,2.608695652173913,"hbonds/salt bridges NOT COMPUTABLE: binder_side_chains=False, target_side_chains=True",mythos_preview_single_target_nipahg_rank15,3736,
mythos_preview_single_target_nipahg_rank16,Axp,Bxp,False,True,79,415,371,28,20,2.2915403116681166,0,1729.0252496807586,938.0268012644303,0.720309248298235,,,0.453416149068323,0.17080745341614906,4526.00215377208,2584.4625441066864,11.527374989874584,4.69620253164557,"hbonds/salt bridges NOT COMPUTABLE: binder_side_chains=False, target_side_chains=True",mythos_preview_single_target_nipahg_rank16,3671,
mythos_preview_single_target_nipahg_rank17,Axp,Bxp,False,True,70,415,259,26,22,2.63317640882642,0,1587.5686070174875,833.7115011572397,0.5311561507995443,,,0.369281045751634,0.19934640522875818,4214.487931859143,1713.3051981106423,10.79641577339047,3.7,"hbonds/salt bridges NOT COMPUTABLE: binder_side_chains=False, target_side_chains=True",mythos_preview_single_target_nipahg_rank17,3627,
mythos_preview_single_target_nipahg_rank18,Axp,Bxp,False,True,100,415,97,21,19,3.4503796892516045,0,1219.842113617641,617.1836882621507,0.5287120864793394,,,0.3320754716981132,0.2792452830188679,5639.004820517258,2054.102259784084,15.904906881295565,0.97,"hbonds/salt bridges NOT COMPUTABLE: binder_side_chains=False, target_side_chains=True",mythos_preview_single_target_nipahg_rank18,3779,
mythos_preview_single_target_nipahg_rank19,Axp,Bxp,False,True,79,415,373,28,20,2.8200812045045796,0,1711.443845440686,913.4353837681224,0.7776009122141884,,,0.453416149068323,0.17080745341614906,4452.833873528738,2012.1676663845353,11.491824442163233,4.7215189873417724,"hbonds/salt bridges NOT COMPUTABLE: binder_side_chains=False, target_side_chains=True",mythos_preview_single_target_nipahg_rank19,3671,
mythos_preview_single_target_nipahg_rank20,Axp,Bxp,False,True,100,415,184,22,24,3.0855322069296247,0,1404.4070623549405,702.1795321414165,0.4004948075821995,,,0.30333333333333334,0.36,5626.537109571319,1983.2900920763439,13.735884514235115,1.84,"hbonds/salt bridges NOT COMPUTABLE: binder_side_chains=False, target_side_chains=True",mythos_preview_single_target_nipahg_rank20,3780,
mythos_preview_single_target_nipahg_rank21,Axp,Bxp,False,False,74,413,15,6,7,3.398677831157287,0,520.2554335069216,250.71411876480863,0.39267015706806285,,,0.38095238095238093,0.23809523809523808,4459.035923790864,2184.231903793935,11.017344090042437,0.20270270270270271,"hbonds/salt bridges NOT COMPUTABLE: binder_side_chains=False, target_side_chains=False",mythos_preview_single_target_nipahg_rank21,570,
mythos_preview_single_target_nipahg_rank22,Axp,Bxp,False,False,90,413,34,9,13,3.039377896872977,0,675.8527671587583,338.66095623728086,0.2713178294573643,,,0.2807017543859649,0.21052631578947367,5309.62623247985,2125.1631323572,12.57074824112916,0.37777777777777777,"hbonds/salt bridges NOT COMPUTABLE: binder_side_chains=False, target_side_chains=False",mythos_preview_single_target_nipahg_rank22,586,
mythos_preview_single_target_nipahg_rank23,Axp,Bxp,False,False,90,413,26,8,15,3.58463959136759,0,654.4203713257184,336.0356775067594,0.34765625000000006,,,0.4745762711864407,0.2542372881355932,5288.624002635675,2100.2229844172452,13.378588057400886,0.28888888888888886,"hbonds/salt bridges NOT COMPUTABLE: binder_side_chains=False, target_side_chains=False",mythos_preview_single_target_nipahg_rank23,586,
mythos_preview_single_target_nipahg_rank24,Axp,Bxp,False,False,67,413,25,11,14,3.1137955938050923,0,667.1655531984607,333.41039877623774,0.26771653543307083,,,0.37662337662337664,0.2597402597402597,3893.2883573634685,1231.25572461461,11.936550080507342,0.373134328358209,"hbonds/salt bridges NOT COMPUTABLE: binder_side_chains=False, target_side_chains=False",mythos_preview_single_target_nipahg_rank24,563,
mythos_preview_single_target_nipahg_rank25,Axp,Bxp,False,False,93,413,28,12,11,3.1818166194801356,0,747.1700756469986,368.85166163827876,0.39145907473309605,,,0.23076923076923078,0.2153846153846154,5468.4555956764025,2558.3341228932577,12.064689074585068,0.3010752688172043,"hbonds/salt bridges NOT COMPUTABLE: binder_side_chains=False, target_side_chains=False",mythos_preview_single_target_nipahg_rank25,589,
mythos_preview_single_target_nipahg_rank26,Axp,Bxp,False,False,67,413,25,11,14,3.1137955938050923,0,667.1655531984607,333.41039877623774,0.3267716535433071,,,0.38961038961038963,0.2597402597402597,3893.2883573634685,1600.1073862528885,11.936550080507342,0.373134328358209,"hbonds/salt bridges NOT COMPUTABLE: binder_side_chains=False, target_side_chains=False",mythos_preview_single_target_nipahg_rank26,563,
mythos_preview_single_target_nipahg_rank27,Axp,Bxp,True,True,86,413,1083,44,35,1.3874051318919076,14,2942.7925885160394,1461.076380936553,0.3986285598426502,41.0,6.0,0.3646496815286624,0.25955414012738853,5249.517498261086,1409.720219464381,12.680231197341882,12.593023255813954,,mythos_preview_single_target_nipahg_rank27,3933,
mythos_preview_single_target_nipahg_rank28,Axp,Bxp,True,True,69,413,860,43,26,1.584160976668722,3,2596.9384231935237,1336.4288844027083,0.5183068079762055,28.0,7.0,0.4065934065934066,0.3333333333333333,4931.256228056118,1372.2757132172294,12.229489708589783,12.46376811594203,,mythos_preview_single_target_nipahg_rank28,3830,
mythos_preview_single_target_nipahg_rank29,Axp,Bxp,False,False,90,413,38,10,13,3.568378483289014,0,650.2048730303436,336.03567750675927,0.375,,,0.39436619718309857,0.2676056338028169,5061.537392445562,1980.7728021785142,11.826161732743737,0.4222222222222222,"hbonds/salt bridges NOT COMPUTABLE: binder_side_chains=False, target_side_chains=False",mythos_preview_single_target_nipahg_rank29,586,
mythos_preview_single_target_nipahg_rank30,Axp,Bxp,True,True,63,413,635,38,24,1.6142521488292967,3,2388.361844713686,1189.2698959366112,0.4462822858703804,18.0,9.0,0.39634146341463417,0.3008130081300813,4309.045827639042,1460.2473146352706,11.567266590675137,10.079365079365079,,mythos_preview_single_target_nipahg_rank30,3757,
mythos_preview_single_target_pdl1_rank01,Axp,Bxp,True,True,88,115,532,24,25,2.705326967299878,0,1974.5451547658113,984.8998963608312,0.44781329307100165,13.0,15.0,0.43209876543209874,0.4469135802469136,5930.624592792072,1593.7620247293653,14.597829140588116,6.045454545454546,,mythos_preview_single_target_pdl1_rank01,1647,
mythos_preview_single_target_pdl1_rank02,Axp,Bxp,False,True,88,115,87,13,13,3.3598139829460787,0,701.9840567828708,342.3405944396426,0.5205037139923644,,,0.5,0.32,4879.175943136393,1972.3265893520434,14.146723965317532,0.9886363636363636,"hbonds/salt bridges NOT COMPUTABLE: binder_side_chains=False, target_side_chains=True",mythos_preview_single_target_pdl1_rank02,1274,
mythos_preview_single_target_pdl1_rank03,Axp,Bxp,False,True,100,109,124,14,17,2.806929104911629,0,856.9043635587602,413.84555162299176,0.5383488634293303,,,0.4426229508196721,0.3224043715846995,5560.444392597886,2242.007650330847,13.574442180494701,1.24,"hbonds/salt bridges NOT COMPUTABLE: binder_side_chains=False, target_side_chains=True",mythos_preview_single_target_pdl1_rank03,1281,
mythos_preview_single_target_pdl1_rank04,Axp,Bxp,True,True,88,115,554,25,25,2.6955329714177143,0,2073.861634597201,1072.4405668804898,0.43179093505245,14.0,16.0,0.44226044226044225,0.4201474201474201,6273.922990536303,1171.4981111817308,14.682242336278897,6.295454545454546,,mythos_preview_single_target_pdl1_rank04,1647,
mythos_preview_single_target_pdl1_rank05,Axp,Bxp,False,True,88,115,87,13,13,3.3598139829460787,0,701.9840567828708,342.3405944396426,0.4975546808864044,,,0.5,0.29333333333333333,4879.175943136393,1896.3748033812271,14.146723965317532,0.9886363636363636,"hbonds/salt bridges NOT COMPUTABLE: binder_side_chains=False, target_side_chains=True",mythos_preview_single_target_pdl1_rank05,1274,
mythos_preview_single_target_pdl1_rank06,Axp,Bxp,False,True,72,109,67,11,13,3.5480594696256156,0,599.1848892903025,286.28842124617995,0.4979030551243015,,,0.477124183006536,0.39869281045751637,3688.5268607066578,1196.9967933181983,16.39826785292815,0.9305555555555556,"hbonds/salt bridges NOT COMPUTABLE: binder_side_chains=False, target_side_chains=True",mythos_preview_single_target_pdl1_rank06,1169,
mythos_preview_single_target_pdl1_rank07,Axp,Bxp,False,True,97,109,134,13,16,3.4651588708167482,0,806.1446402814213,404.34078598144225,0.4245009104696716,,,0.41379310344827586,0.3620689655172414,5267.069207621033,2371.075436023785,13.361154817961946,1.3814432989690721,"hbonds/salt bridges NOT COMPUTABLE: binder_side_chains=False, target_side_chains=True",mythos_preview_single_target_pdl1_rank07,1269,
mythos_preview_single_target_pdl1_rank08,Axp,Bxp,False,True,82,109,123,14,19,2.7875282958205103,0,855.8817751500167,417.1137231423242,0.634653797125737,,,0.6129032258064516,0.26881720430107525,4526.834388984213,2469.3519667322457,11.945784237786254,1.5,"hbonds/salt bridges NOT COMPUTABLE: binder_side_chains=False, target_side_chains=True",mythos_preview_single_target_pdl1_rank08,1209,
mythos_preview_single_target_pdl1_rank09,Axp,Bxp,False,True,88,115,87,13,13,3.3598139829460787,0,701.9840567828708,342.3405944396426,0.5205037139923644,,,0.5,0.29333333333333333,4879.175943136393,2243.620885476662,14.146723965317532,0.9886363636363636,"hbonds/salt bridges NOT COMPUTABLE: binder_side_chains=False, target_side_chains=True",mythos_preview_single_target_pdl1_rank09,1274,
mythos_preview_single_target_pdl1_rank10,Axp,Bxp,False,True,70,109,146,12,19,2.491260925716133,0,775.924636114154,383.90736197585,0.4610339081062367,,,0.4970414201183432,0.27218934911242604,3706.378359960348,1465.1976997478125,11.967626487199963,2.085714285714286,"hbonds/salt bridges NOT COMPUTABLE: binder_side_chains=False, target_side_chains=True",mythos_preview_single_target_pdl1_rank10,1161,
mythos_preview_single_target_pdl1_rank11,Axp,Bxp,False,True,97,109,134,13,16,3.4651588708167482,0,806.1446402814213,404.34078598144225,0.36821221753550004,,,0.39080459770114945,0.40804597701149425,5267.069207621033,2584.9494363315985,13.361154817961946,1.3814432989690721,"hbonds/salt bridges NOT COMPUTABLE: binder_side_chains=False, target_side_chains=True",mythos_preview_single_target_pdl1_rank11,1269,
mythos_preview_single_target_pdl1_rank12,Axp,Bxp,False,True,85,114,120,10,14,2.5903766135448336,0,669.9610789326099,325.8960642854118,0.5078781132663511,,,0.4645669291338583,0.25984251968503935,4422.124313612352,1826.09468487802,13.749177337521541,1.411764705882353,"hbonds/salt bridges NOT COMPUTABLE: binder_side_chains=False, target_side_chains=True",mythos_preview_single_target_pdl1_rank12,1257,
mythos_preview_single_target_pdl1_rank13,Axp,Bxp,False,True,82,109,123,14,19,2.7875282958205103,0,855.8817751500167,417.1137231423242,0.634653797125737,,,0.6129032258064516,0.26881720430107525,4526.834388984213,2427.4058587126665,11.945784237786254,1.5,"hbonds/salt bridges NOT COMPUTABLE: binder_side_chains=False, target_side_chains=True",mythos_preview_single_target_pdl1_rank13,1209,
mythos_preview_single_target_pdl1_rank14,Axp,Bxp,True,True,102,115,587,27,25,2.649683188609533,0,2030.4198279743462,1007.5260700840383,0.5687696393604604,14.0,5.0,0.471563981042654,0.36018957345971564,7192.671244572796,1826.140429198876,15.328563362384651,5.754901960784314,,mythos_preview_single_target_pdl1_rank14,1771,
mythos_preview_single_target_pdl1_rank15,Axp,Bxp,False,True,97,109,134,13,16,3.4651588708167482,0,806.1446402814213,404.34078598144225,0.46628954962424546,,,0.4367816091954023,0.3620689655172414,5267.069207621033,2571.1505506237436,13.361154817961946,1.3814432989690721,"hbonds/salt bridges NOT COMPUTABLE: binder_side_chains=False, target_side_chains=True",mythos_preview_single_target_pdl1_rank15,1269,
mythos_preview_single_target_pdl1_rank16,Axp,Bxp,False,True,100,109,124,14,17,2.806929104911629,0,856.9043635587602,413.84555162299176,0.5858790104745635,,,0.4644808743169399,0.3224043715846995,5560.444392597886,2469.519632166258,13.574442180494701,1.24,"hbonds/salt bridges NOT COMPUTABLE: binder_side_chains=False, target_side_chains=True",mythos_preview_single_target_pdl1_rank16,1281,
mythos_preview_single_target_pdl1_rank17,Axp,Bxp,False,True,97,109,134,13,16,3.4651588708167482,0,806.1446402814213,404.34078598144225,0.4245009104696716,,,0.41379310344827586,0.3850574712643678,5267.069207621033,2605.243960964607,13.361154817961946,1.3814432989690721,"hbonds/salt bridges NOT COMPUTABLE: binder_side_chains=False, target_side_chains=True",mythos_preview_single_target_pdl1_rank17,1269,
mythos_preview_single_target_pdl1_rank18,Axp,Bxp,False,True,70,109,146,13,19,2.392418650654605,0,808.102303254858,393.76464163132925,0.4555301786169013,,,0.5114942528735632,0.26436781609195403,3708.3320617952218,1613.10216083241,11.963669074053186,2.085714285714286,"hbonds/salt bridges NOT COMPUTABLE: binder_side_chains=False, target_side_chains=True",mythos_preview_single_target_pdl1_rank18,1161,
mythos_preview_single_target_pdl1_rank19,Axp,Bxp,False,True,97,109,125,12,15,3.3970147188377036,0,739.1352065716698,361.98668068985126,0.5259201495945175,,,0.4645161290322581,0.3096774193548387,5249.781036907427,2622.1102294439343,13.462538792953339,1.288659793814433,"hbonds/salt bridges NOT COMPUTABLE: binder_side_chains=False, target_side_chains=True",mythos_preview_single_target_pdl1_rank19,1269,
mythos_preview_single_target_pdl1_rank20,Axp,Bxp,False,True,84,109,140,12,19,2.8695886464787943,0,823.6812563375324,408.7281293949684,0.5210040053126126,,,0.5287356321839081,0.2988505747126437,4512.781034271417,2077.589188917079,11.512964651856269,1.6666666666666667,"hbonds/salt bridges NOT COMPUTABLE: binder_side_chains=False, target_side_chains=True",mythos_preview_single_target_pdl1_rank20,1216,
mythos_preview_single_target_pdl1_rank21,Axp,Bxp,False,True,85,114,120,10,14,2.5903766135448336,0,669.9610789326099,325.8960642854118,0.5548490469069752,,,0.4645669291338583,0.25984251968503935,4422.124313612352,1929.2908130910173,13.749177337521541,1.411764705882353,"hbonds/salt bridges NOT COMPUTABLE: binder_side_chains=False, target_side_chains=True",mythos_preview_single_target_pdl1_rank21,1257,
mythos_preview_single_target_pdl1_rank22,Axp,Bxp,False,True,70,109,153,14,19,2.342006618265627,0,819.731632394341,394.18922104891266,0.46100953616182344,,,0.48633879781420764,0.3005464480874317,3730.8845993184486,1542.4333726815598,12.002392789116454,2.1857142857142855,"hbonds/salt bridges NOT COMPUTABLE: binder_side_chains=False, target_side_chains=True",mythos_preview_single_target_pdl1_rank22,1161,
mythos_preview_single_target_pdl1_rank23,Axp,Bxp,False,True,70,109,145,14,18,2.9576139031320507,0,840.7218422318388,401.2205015215029,0.43446742314868747,,,0.4696132596685083,0.292817679558011,3687.4325073944274,1413.734655829926,11.961876628663875,2.0714285714285716,"hbonds/salt bridges NOT COMPUTABLE: binder_side_chains=False, target_side_chains=True",mythos_preview_single_target_pdl1_rank23,1161,
mythos_preview_single_target_pdl1_rank24,Axp,Bxp,False,True,70,109,146,13,19,2.392418650654605,0,808.102303254858,393.76464163132925,0.4555301786169013,,,0.5114942528735632,0.26436781609195403,3708.3320617952218,1613.10216083241,11.963669074053186,2.085714285714286,"hbonds/salt bridges NOT COMPUTABLE: binder_side_chains=False, target_side_chains=True",mythos_preview_single_target_pdl1_rank24,1161,
mythos_preview_single_target_pdl1_rank25,Axp,Bxp,False,True,70,109,141,14,19,2.481785848940236,0,841.6786620813342,406.623672090018,0.4349139353895071,,,0.4810810810810811,0.3081081081081081,3685.9283538091845,1597.2006481388028,12.030038372742442,2.0142857142857142,"hbonds/salt bridges NOT COMPUTABLE: binder_side_chains=False, target_side_chains=True",mythos_preview_single_target_pdl1_rank25,1161,
mythos_preview_single_target_pdl1_rank26,Axp,Bxp,True,True,104,115,519,25,24,2.7325197163058186,0,2073.3875546066756,1020.576683058202,0.5605157727044638,11.0,3.0,0.5072815533980582,0.3446601941747573,7648.764824928476,1834.4957270657728,17.07197403880679,4.990384615384615,,mythos_preview_single_target_pdl1_rank26,1794,
mythos_preview_single_target_pdl1_rank27,Axp,Bxp,False,True,72,109,67,11,13,3.5480594696256156,0,599.1848892903025,286.28842124617995,0.5371002894147486,,,0.5032679738562091,0.39869281045751637,3688.5268607066578,1389.7761326623317,16.39826785292815,0.9305555555555556,"hbonds/salt bridges NOT COMPUTABLE: binder_side_chains=False, target_side_chains=True",mythos_preview_single_target_pdl1_rank27,1169,
mythos_preview_single_target_pdl1_rank28,Axp,Bxp,False,True,89,109,89,11,17,3.1384532814748103,0,592.9363980932974,287.62224587320475,0.6335421471933269,,,0.6153846153846154,0.3076923076923077,4710.435674663671,2085.755458519919,14.156073304513177,1.0,"hbonds/salt bridges NOT COMPUTABLE: binder_side_chains=False, target_side_chains=True",mythos_preview_single_target_pdl1_rank28,1237,
mythos_preview_single_target_pdl1_rank29,Axp,Bxp,False,True,89,109,89,11,17,3.1384532814748103,0,592.9363980932974,287.62224587320475,0.633542147193327,,,0.6153846153846154,0.3076923076923077,4710.435674663671,2178.647504306604,14.156073304513177,1.0,"hbonds/salt bridges NOT COMPUTABLE: binder_side_chains=False, target_side_chains=True",mythos_preview_single_target_pdl1_rank29,1237,
mythos_preview_single_target_pdl1_rank30,Axp,Bxp,False,True,95,114,104,11,18,2.5476728596897993,0,825.2629116476301,389.23663682151323,0.57781107230324,,,0.4935064935064935,0.2792207792207792,5134.614088433502,2507.8950879303575,15.189230635684273,1.0947368421052632,"hbonds/salt bridges NOT COMPUTABLE: binder_side_chains=False, target_side_chains=True",mythos_preview_single_target_pdl1_rank30,1297,
mythos_preview_single_target_rbx1_rank01,Axp,Bxp,False,True,85,108,169,22,26,3.132506185149521,0,1563.515576547414,758.2482874804507,0.5859936900857131,,,0.484472049689441,0.3695652173913043,5398.809409593395,2260.4222322608484,18.779008329767038,1.988235294117647,"hbonds/salt bridges NOT COMPUTABLE: binder_side_chains=False, target_side_chains=True",mythos_preview_single_target_rbx1_rank01,1284,
mythos_preview_single_target_rbx1_rank02,Axp,Bxp,False,True,85,108,154,24,25,3.2304174652821573,0,1549.7212939557514,784.214261035492,0.6078208325332142,,,0.5045045045045045,0.3663663663663664,5525.520031000147,2220.9912560015364,18.87723376380721,1.811764705882353,"hbonds/salt bridges NOT COMPUTABLE: binder_side_chains=False, target_side_chains=True",mythos_preview_single_target_rbx1_rank02,1284,
mythos_preview_single_target_rbx1_rank03,Axp,Bxp,False,True,81,108,172,14,18,3.092993695434893,0,1082.7410433047994,534.5197529959552,0.48606603675804827,,,0.43902439024390244,0.32195121951219513,4901.405210775563,2186.9126248052435,13.54587690365655,2.123456790123457,"hbonds/salt bridges NOT COMPUTABLE: binder_side_chains=False, target_side_chains=True",mythos_preview_single_target_rbx1_rank03,1264,
mythos_preview_single_target_rbx1_rank04,Axp,Bxp,False,True,81,108,172,14,18,3.092993695434893,0,1082.7410433047994,534.5197529959552,0.5400922273223391,,,0.4634146341463415,0.32195121951219513,4901.405210775563,1804.3067427111846,13.54587690365655,2.123456790123457,"hbonds/salt bridges NOT COMPUTABLE: binder_side_chains=False, target_side_chains=True",mythos_preview_single_target_rbx1_rank04,1264,
mythos_preview_single_target_rbx1_rank05,Axp,Bxp,False,True,85,108,294,24,29,2.6947419171416023,0,1969.605574000178,1000.0882402038764,0.5219300149332674,,,0.4904632152588556,0.34332425068119893,5537.46877815791,2269.8374351935736,16.255329018960225,3.458823529411765,"hbonds/salt bridges NOT COMPUTABLE: binder_side_chains=False, target_side_chains=True",mythos_preview_single_target_rbx1_rank05,1283,
mythos_preview_single_target_rbx1_rank06,Axp,Bxp,False,True,66,108,128,11,17,3.2737631252123283,0,993.0718208304475,467.9802742289836,0.5510930191125695,,,0.5082872928176796,0.26519337016574585,3902.7647257392496,1331.1637390244737,12.002724124679036,1.9393939393939394,"hbonds/salt bridges NOT COMPUTABLE: binder_side_chains=False, target_side_chains=True",mythos_preview_single_target_rbx1_rank06,1189,
mythos_preview_single_target_rbx1_rank07,Axp,Bxp,False,True,85,108,294,24,29,2.6947419171416023,0,1969.605574000178,1000.0882402038764,0.49619937705255945,,,0.4768392370572207,0.3569482288828338,5537.46877815791,2132.2009009015756,16.255329018960225,3.458823529411765,"hbonds/salt bridges NOT COMPUTABLE: binder_side_chains=False, target_side_chains=True",mythos_preview_single_target_rbx1_rank07,1283,
mythos_preview_single_target_rbx1_rank08,Axp,Bxp,False,True,60,108,227,15,19,2.7668301357329486,0,1076.966645757418,540.9394200152855,0.5277945302137744,,,0.35964912280701755,0.34210526315789475,3836.404659230995,1522.0707437834615,13.267025483764428,3.783333333333333,"hbonds/salt bridges NOT COMPUTABLE: binder_side_chains=False, target_side_chains=True",mythos_preview_single_target_rbx1_rank08,1159,
mythos_preview_single_target_rbx1_rank09,Axp,Bxp,False,True,60,108,245,20,20,0.9852659539434009,3,1286.8943822602696,702.515942078222,0.5040360310480887,,,0.4840989399293286,0.2791519434628975,4006.0687744894467,1251.6773744773009,13.310991923865163,4.083333333333333,"hbonds/salt bridges NOT COMPUTABLE: binder_side_chains=False, target_side_chains=True",mythos_preview_single_target_rbx1_rank09,1160,
mythos_preview_single_target_rbx1_rank10,Axp,Bxp,False,True,66,108,144,12,18,3.071653300748637,0,993.9913103637591,468.028381573879,0.5236741015324287,,,0.48704663212435234,0.3005181347150259,3745.1889536251674,1125.553083532496,11.92921761501348,2.1818181818181817,"hbonds/salt bridges NOT COMPUTABLE: binder_side_chains=False, target_side_chains=True",mythos_preview_single_target_rbx1_rank10,1189,
mythos_preview_single_target_rbx1_rank11,Axp,Bxp,False,True,78,108,110,11,15,2.820715866584226,0,861.058792024769,424.08598265032253,0.4600598591691058,,,0.43352601156069365,0.2774566473988439,4650.295934291327,1963.7510112037364,11.240904026491735,1.4102564102564104,"hbonds/salt bridges NOT COMPUTABLE: binder_side_chains=False, target_side_chains=True",mythos_preview_single_target_rbx1_rank11,1246,
mythos_preview_single_target_rbx1_rank12,Axp,Bxp,False,True,75,108,39,8,10,3.4885668977389543,0,593.1850756404768,288.28288183095924,0.45673563602230444,,,0.5166666666666667,0.25833333333333336,3782.778109725369,967.2140273354775,12.372183927943595,0.52,"hbonds/salt bridges NOT COMPUTABLE: binder_side_chains=False, target_side_chains=True",mythos_preview_single_target_rbx1_rank12,1236,
mythos_preview_single_target_rbx1_rank13,Axp,Bxp,False,True,75,108,39,8,10,3.4885668977389543,0,593.1850756404768,288.28288183095924,0.45673563602230444,,,0.5166666666666667,0.25833333333333336,3782.778109725369,967.2140273354775,12.372183927943595,0.52,"hbonds/salt bridges NOT COMPUTABLE: binder_side_chains=False, target_side_chains=True",mythos_preview_single_target_rbx1_rank13,1236,
mythos_preview_single_target_rbx1_rank14,Axp,Bxp,False,True,78,108,98,13,14,3.5674094242180834,0,862.9318095648391,457.08323667795406,0.5206022380227188,,,0.4076086956521739,0.2826086956521739,4572.797501279853,1940.4315016409805,11.199509442521917,1.2564102564102564,"hbonds/salt bridges NOT COMPUTABLE: binder_side_chains=False, target_side_chains=True",mythos_preview_single_target_rbx1_rank14,1243,
mythos_preview_single_target_rbx1_rank15,Axp,Bxp,False,False,71,108,12,3,4,3.7461195923248365,0,220.21876083100352,110.50858122808357,0.3084803189528821,,,0.5714285714285714,0.14285714285714285,3807.8344009798175,1555.4246505318663,12.75308019524211,0.16901408450704225,"hbonds/salt bridges NOT COMPUTABLE: binder_side_chains=False, target_side_chains=False",mythos_preview_single_target_rbx1_rank15,719,
mythos_preview_single_target_rbx1_rank16,Axp,Bxp,False,True,66,108,148,10,16,3.3553773260246014,0,1043.9733938456452,522.5496976445428,0.7361402285084463,,,0.6402439024390244,0.18902439024390244,3691.309861047488,1413.0246695493133,15.589109366827847,2.242424242424242,"hbonds/salt bridges NOT COMPUTABLE: binder_side_chains=False, target_side_chains=True",mythos_preview_single_target_rbx1_rank16,1187,
mythos_preview_single_target_rbx1_rank17,Axp,Bxp,False,True,90,108,166,15,23,2.659834769304288,0,1132.8275642537694,550.7533183739481,0.42607239459629237,,,0.38016528925619836,0.30165289256198347,5363.607549750656,1674.0750925537811,13.897010966776055,1.8444444444444446,"hbonds/salt bridges NOT COMPUTABLE: binder_side_chains=False, target_side_chains=True",mythos_preview_single_target_rbx1_rank17,1307,
mythos_preview_single_target_rbx1_rank18,Axp,Bxp,False,True,90,108,166,15,23,2.659834769304288,0,1132.8275642537694,550.7533183739481,0.3883888863647232,,,0.359504132231405,0.34297520661157027,5363.607549750656,1587.7082576404887,13.897010966776055,1.8444444444444446,"hbonds/salt bridges NOT COMPUTABLE: binder_side_chains=False, target_side_chains=True",mythos_preview_single_target_rbx1_rank18,1307,
mythos_preview_single_target_rbx1_rank19,Axp,Bxp,False,True,66,108,148,10,16,3.3553773260246014,0,1043.9733938456452,522.5496976445428,0.7718745733571386,,,0.6707317073170732,0.18902439024390244,3691.309861047488,1439.144294303312,15.589109366827847,2.242424242424242,"hbonds/salt bridges NOT COMPUTABLE: binder_side_chains=False, target_side_chains=True",mythos_preview_single_target_rbx1_rank19,1187,
mythos_preview_single_target_rbx1_rank20,Axp,Bxp,False,True,71,108,175,15,18,3.27837780007125,0,1002.1381294103437,503.42614020721703,0.34554164697654566,,,0.3925233644859813,0.38317757009345793,4208.935986389832,1493.406415320956,12.789757421136601,2.464788732394366,"hbonds/salt bridges NOT COMPUTABLE: binder_side_chains=False, target_side_chains=True",mythos_preview_single_target_rbx1_rank20,1211,
mythos_preview_single_target_rbx1_rank21,Axp,Bxp,False,True,87,108,147,11,13,3.006883768954164,0,935.2150212030733,462.5114990104024,0.6893605149231024,,,0.5555555555555556,0.3950617283950617,4416.869685739957,1645.4580518902617,13.970880550457876,1.6896551724137931,"hbonds/salt bridges NOT COMPUTABLE: binder_side_chains=False, target_side_chains=True",mythos_preview_single_target_rbx1_rank21,1293,
mythos_preview_single_target_rbx1_rank22,Axp,Bxp,False,True,80,108,208,16,22,2.6052105481131456,0,1202.1412195839443,556.7253903947329,0.3913474158505296,,,0.4262295081967213,0.3360655737704918,4905.159086178239,2006.1357538532486,11.82344087349018,2.6,"hbonds/salt bridges NOT COMPUTABLE: binder_side_chains=False, target_side_chains=True",mythos_preview_single_target_rbx1_rank22,1258,
mythos_preview_single_target_rbx1_rank23,Axp,Bxp,False,True,66,108,194,13,20,2.4439772912201945,0,1134.475097395903,515.2473660214403,0.4124492244773568,,,0.44339622641509435,0.33962264150943394,4066.029662626112,1416.872929322582,12.315679879651459,2.9393939393939394,"hbonds/salt bridges NOT COMPUTABLE: binder_side_chains=False, target_side_chains=True",mythos_preview_single_target_rbx1_rank23,1188,
mythos_preview_single_target_rbx1_rank24,Axp,Bxp,False,True,87,108,130,10,16,2.312163921524597,0,946.4460100531794,470.39193831815953,0.5355973270567771,,,0.5121951219512195,0.3780487804878049,4583.189780505141,1570.0056289012832,14.0822809838458,1.4942528735632183,"hbonds/salt bridges NOT COMPUTABLE: binder_side_chains=False, target_side_chains=True",mythos_preview_single_target_rbx1_rank24,1293,
mythos_preview_single_target_rbx1_rank25,Axp,Bxp,False,False,80,108,12,3,5,3.7891698299231718,0,220.18272812917672,83.55095712238739,0.45868607353562413,,,0.375,0.125,4388.799459766444,2054.334614708563,11.785999610355617,0.15,"hbonds/salt bridges NOT COMPUTABLE: binder_side_chains=False, target_side_chains=False",mythos_preview_single_target_rbx1_rank25,755,
mythos_preview_single_target_rbx1_rank26,Axp,Bxp,False,True,90,100,251,22,38,1.9898851725664972,1,1710.167293413646,785.5850062057457,0.48955781458529196,,,0.4584527220630373,0.35816618911174786,4891.25523029846,1752.9227166780852,16.83318225781652,2.7888888888888888,"hbonds/salt bridges NOT COMPUTABLE: binder_side_chains=False, target_side_chains=True",mythos_preview_single_target_rbx1_rank26,1136,
mythos_preview_single_target_rbx1_rank27,Axp,Bxp,False,True,90,100,251,22,38,1.9898851725664972,1,1710.167293413646,785.5850062057457,0.5094509081917712,,,0.4584527220630373,0.36962750716332377,4891.25523029846,1777.0598598766842,16.83318225781652,2.7888888888888888,"hbonds/salt bridges NOT COMPUTABLE: binder_side_chains=False, target_side_chains=True",mythos_preview_single_target_rbx1_rank27,1136,
mythos_preview_single_target_rbx1_rank28,Axp,Bxp,False,True,66,108,48,8,10,3.582125905101606,0,658.3239914251825,334.7331595334824,0.7627730829873093,,,0.5853658536585366,0.3008130081300813,3855.057387543237,1413.751825316733,13.42693717004131,0.7272727272727273,"hbonds/salt bridges NOT COMPUTABLE: binder_side_chains=False, target_side_chains=True",mythos_preview_single_target_rbx1_rank28,1188,
mythos_preview_single_target_rbx1_rank29,Axp,Bxp,False,False,66,108,5,2,3,4.079532938952694,0,86.68126736062123,34.5495149577703,0.662347089088619,,,0.6,0.0,3385.845772903228,1303.9745112447154,13.43953833829012,0.07575757575757576,"hbonds/salt bridges NOT COMPUTABLE: binder_side_chains=False, target_side_chains=False",mythos_preview_single_target_rbx1_rank29,699,
mythos_preview_single_target_rbx1_rank30,Axp,Bxp,False,True,90,100,168,21,30,3.0071730911272785,0,1529.3044520957305,717.539639148022,0.5801314859739468,,,0.6156462585034014,0.17346938775510204,4660.7710696080785,1587.4044656308865,16.99344843117674,1.8666666666666667,"hbonds/salt bridges NOT COMPUTABLE: binder_side_chains=False, target_side_chains=True",mythos_preview_single_target_rbx1_rank30,1136,
mythos_preview_single_target_tnfa_rank01,Axp,"Bxp,Cxp,Dxp",False,True,95,471,251,27,33,2.8928339046685694,0,1923.6683320370844,982.9211573984185,0.4071520496336136,,,0.39425587467362927,0.3237597911227154,5571.9758269784625,1965.6287957691804,14.945746603896184,2.642105263157895,"hbonds/salt bridges NOT COMPUTABLE: binder_side_chains=False, target_side_chains=True",mythos_preview_single_target_tnfa_rank01,4149,
mythos_preview_single_target_tnfa_rank02,Axp,"Bxp,Cxp,Dxp",False,True,95,471,251,27,33,2.8928339046685694,0,1923.6683320370844,982.9211573984185,0.4245128639979677,,,0.39425587467362927,0.3368146214099217,5571.9758269784625,2249.9025136466134,14.945746603896184,2.642105263157895,"hbonds/salt bridges NOT COMPUTABLE: binder_side_chains=False, target_side_chains=True",mythos_preview_single_target_tnfa_rank02,4149,
mythos_preview_single_target_tnfa_rank03,Axp,"Bxp,Cxp,Dxp",False,True,95,471,242,18,27,2.600994809683402,0,1439.864401975909,710.7695069795362,0.6615957297996798,,,0.5607142857142857,0.20714285714285716,5297.237361850418,2441.4942080358032,15.99889627258781,2.5473684210526315,"hbonds/salt bridges NOT COMPUTABLE: binder_side_chains=False, target_side_chains=True",mythos_preview_single_target_tnfa_rank03,4145,
mythos_preview_single_target_tnfa_rank04,Axp,"Bxp,Cxp,Dxp",False,True,95,471,242,18,27,2.600994809683402,0,1439.864401975909,710.7695069795362,0.5502120911998789,,,0.525,0.24285714285714285,5297.237361850418,1816.3803613473779,15.99889627258781,2.5473684210526315,"hbonds/salt bridges NOT COMPUTABLE: binder_side_chains=False, target_side_chains=True",mythos_preview_single_target_tnfa_rank04,4145,
mythos_preview_single_target_tnfa_rank05,Axp,"Bxp,Cxp,Dxp",False,True,95,471,451,43,40,2.0013722792124393,3,2327.7286420900537,1246.8798619951024,0.5832422775962092,,,0.4246823956442831,0.32667876588021777,6184.920755500503,3672.3358024431777,16.405646088818443,4.747368421052632,"hbonds/salt bridges NOT COMPUTABLE: binder_side_chains=False, target_side_chains=True",mythos_preview_single_target_tnfa_rank05,4147,
mythos_preview_single_target_tnfa_rank06,Axp,"Bxp,Cxp,Dxp",False,True,79,471,278,30,26,1.2963417759217661,2,1767.9880603391935,921.1403173193318,0.5486577598196478,,,0.42780748663101603,0.32085561497326204,4817.947668227776,2484.7712449535265,16.719227247160475,3.518987341772152,"hbonds/salt bridges NOT COMPUTABLE: binder_side_chains=False, target_side_chains=True",mythos_preview_single_target_tnfa_rank06,4071,
mythos_preview_single_target_tnfa_rank07,Axp,"Bxp,Cxp,Dxp",False,True,91,471,308,35,32,2.5521820076162274,0,1984.2929567468623,1031.5747842789876,0.3007904065765267,,,0.4155251141552511,0.3013698630136986,5370.198488206001,1675.1823810322849,17.494938598165653,3.3846153846153846,"hbonds/salt bridges NOT COMPUTABLE: binder_side_chains=False, target_side_chains=True",mythos_preview_single_target_tnfa_rank07,4126,
mythos_preview_single_target_tnfa_rank08,Axp,"Bxp,Cxp,Dxp",False,True,96,471,347,33,32,1.9764283442614352,2,2224.7065307918683,1157.105232257673,0.4671490663999407,,,0.4426605504587156,0.28211009174311924,5730.383137690655,2491.5549542659155,15.289775816784806,3.6145833333333335,"hbonds/salt bridges NOT COMPUTABLE: binder_side_chains=False, target_side_chains=True",mythos_preview_single_target_tnfa_rank08,4152,
mythos_preview_single_target_tnfa_rank09,Axp,"Bxp,Cxp,Dxp",False,True,84,471,321,28,35,2.502820409058549,0,2101.7164292692696,1030.5343297694142,0.3793815268152572,,,0.41379310344827586,0.3078817733990148,4780.629372050708,1738.4721963583831,14.26036944517417,3.8214285714285716,"hbonds/salt bridges NOT COMPUTABLE: binder_side_chains=False, target_side_chains=True",mythos_preview_single_target_tnfa_rank09,4095,
mythos_preview_single_target_tnfa_rank10,Axp,"Bxp,Cxp,Dxp",False,True,110,471,245,34,37,1.0091209045500937,4,1901.2130746133312,980.6660129188834,0.46659185171368234,,,0.48034934497816595,0.3296943231441048,6551.8494482755195,2087.903365417178,21.537576144936903,2.227272727272727,"hbonds/salt bridges NOT COMPUTABLE: binder_side_chains=False, target_side_chains=True",mythos_preview_single_target_tnfa_rank10,4226,
mythos_preview_single_target_tnfa_rank11,Axp,"Bxp,Cxp,Dxp",False,True,95,471,411,38,38,1.3984344818403185,2,2190.3946568296947,1170.2907698067593,0.6057695609392129,,,0.4671968190854871,0.2982107355864811,6149.382362789072,3584.3501867900814,16.469655442247152,4.326315789473684,"hbonds/salt bridges NOT COMPUTABLE: binder_side_chains=False, target_side_chains=True",mythos_preview_single_target_tnfa_rank11,4147,
mythos_preview_single_target_tnfa_rank12,Axp,"Bxp,Cxp,Dxp",False,True,102,471,380,22,37,1.2655982774956667,2,1972.6810019806635,964.8737047177351,0.4483115024111181,,,0.33423180592991913,0.3584905660377358,6126.555974000143,2210.6121714653946,15.8226557741663,3.7254901960784315,"hbonds/salt bridges NOT COMPUTABLE: binder_side_chains=False, target_side_chains=True",mythos_preview_single_target_tnfa_rank12,4184,
mythos_preview_single_target_tnfa_rank13,Axp,"Bxp,Cxp,Dxp",False,True,85,471,190,32,27,2.995874997392248,0,1633.8740982759757,857.2918448648343,0.5984167403985646,,,0.5309278350515464,0.2551546391752577,5010.403423528589,1764.3659132823918,17.874158960916404,2.235294117647059,"hbonds/salt bridges NOT COMPUTABLE: binder_side_chains=False, target_side_chains=True",mythos_preview_single_target_tnfa_rank13,4102,
mythos_preview_single_target_tnfa_rank14,Axp,"Bxp,Cxp,Dxp",False,True,106,471,186,35,29,1.0644688816494356,6,1964.4859389981987,1035.0067557074585,0.46452507829086803,,,0.37209302325581395,0.36511627906976746,6168.782612584589,2708.393907765596,17.909644057473837,1.7547169811320755,"hbonds/salt bridges NOT COMPUTABLE: binder_side_chains=False, target_side_chains=True",mythos_preview_single_target_tnfa_rank14,4204,
mythos_preview_single_target_tnfa_rank15,Axp,"Bxp,Cxp,Dxp",False,True,102,471,380,22,37,1.2655982774956667,2,1972.6810019806635,964.8737047177351,0.41974255443824293,,,0.30727762803234504,0.3719676549865229,6126.555974000143,2382.07390604023,15.8226557741663,3.7254901960784315,"hbonds/salt bridges NOT COMPUTABLE: binder_side_chains=False, target_side_chains=True",mythos_preview_single_target_tnfa_rank15,4184,
mythos_preview_single_target_tnfa_rank16,Axp,"Bxp,Cxp,Dxp",False,True,91,471,288,25,35,1.5116484379643307,1,1749.9272763783797,832.7929541017238,0.39180997920725813,,,0.3617021276595745,0.3617021276595745,5195.734374509425,1976.8450874293073,17.482829327837408,3.1648351648351647,"hbonds/salt bridges NOT COMPUTABLE: binder_side_chains=False, target_side_chains=True",mythos_preview_single_target_tnfa_rank16,4126,
mythos_preview_single_target_tnfa_rank17,Axp,"Bxp,Cxp,Dxp",False,True,110,471,297,34,38,0.9130963804549874,5,2183.2859975641363,1123.8370500114156,0.39516836805844296,,,0.4956521739130435,0.3065217391304348,6545.142844574129,2403.042015456365,21.31833601099166,2.7,"hbonds/salt bridges NOT COMPUTABLE: binder_side_chains=False, target_side_chains=True",mythos_preview_single_target_tnfa_rank17,4227,
mythos_preview_single_target_tnfa_rank18,Axp,"Bxp,Cxp,Dxp",False,True,85,471,221,32,29,1.9407684045243523,2,1681.5065026576508,896.971648921409,0.602489229338594,,,0.49627791563275436,0.25806451612903225,5011.52823663046,2094.9631797465217,17.880567414219286,2.6,"hbonds/salt bridges NOT COMPUTABLE: binder_side_chains=False, target_side_chains=True",mythos_preview_single_target_tnfa_rank18,4101,
mythos_preview_single_target_tnfa_rank19,Axp,"Bxp,Cxp,Dxp",False,True,94,471,441,27,32,2.1735783859801328,1,1801.4245226788953,923.0374978046377,0.3903539991142812,,,0.4236842105263158,0.23157894736842105,5551.60661439489,2216.814412954899,13.108300480602336,4.691489361702128,"hbonds/salt bridges NOT COMPUTABLE: binder_side_chains=False, target_side_chains=True",mythos_preview_single_target_tnfa_rank19,4137,
mythos_preview_single_target_tnfa_rank20,Axp,"Bxp,Cxp,Dxp",False,True,95,471,218,21,28,2.3322928632571007,0,1535.5251743454978,751.7182276270929,0.5312633774651853,,,0.483974358974359,0.1955128205128205,5490.049865485693,2612.201987691974,14.90071580650033,2.294736842105263,"hbonds/salt bridges NOT COMPUTABLE: binder_side_chains=False, target_side_chains=True",mythos_preview_single_target_tnfa_rank20,4148,
mythos_preview_single_target_tnfa_rank21,Axp,"Bxp,Cxp,Dxp",False,True,82,471,223,19,28,2.790182252111859,0,1665.1381083184247,803.4960727879677,0.4498919004991945,,,0.3724137931034483,0.30344827586206896,5333.933158272726,1908.0625661440665,14.671914928449892,2.7195121951219514,"hbonds/salt bridges NOT COMPUTABLE: binder_side_chains=False, target_side_chains=True",mythos_preview_single_target_tnfa_rank21,4085,
mythos_preview_single_target_tnfa_rank22,Axp,"Bxp,Cxp,Dxp",False,True,94,471,441,27,32,2.1735783859801328,1,1801.4245226788953,923.0374978046377,0.49036005001187455,,,0.4631578947368421,0.21842105263157896,5551.60661439489,2548.3930856458137,13.108300480602336,4.691489361702128,"hbonds/salt bridges NOT COMPUTABLE: binder_side_chains=False, target_side_chains=True",mythos_preview_single_target_tnfa_rank22,4137,
mythos_preview_single_target_tnfa_rank23,Axp,"Bxp,Cxp,Dxp",False,True,90,471,299,28,35,2.248623134275731,0,2071.8089999119356,1032.4141631996326,0.5380894692018016,,,0.4296482412060301,0.314070351758794,5323.401774788377,2826.291801755991,17.6202652182313,3.3222222222222224,"hbonds/salt bridges NOT COMPUTABLE: binder_side_chains=False, target_side_chains=True",mythos_preview_single_target_tnfa_rank23,4127,
mythos_preview_single_target_tnfa_rank24,Axp,"Bxp,Cxp,Dxp",False,True,89,471,176,27,23,1.5298640462472475,4,1372.2131955234227,728.3608550433121,0.3971925443418532,,,0.40425531914893614,0.3586626139817629,5227.605012434184,1509.3071357868507,17.635178972672694,1.9775280898876404,"hbonds/salt bridges NOT COMPUTABLE: binder_side_chains=False, target_side_chains=True",mythos_preview_single_target_tnfa_rank24,4122,
mythos_preview_single_target_tnfa_rank25,Axp,"Bxp,Cxp,Dxp",False,True,80,471,243,29,32,1.8430404227797061,1,1909.3055167888115,952.1488749017485,0.42143304232143575,,,0.3968668407310705,0.3289817232375979,5131.977390696638,2043.761953428566,17.57164263098682,3.0375,"hbonds/salt bridges NOT COMPUTABLE: binder_side_chains=False, target_side_chains=True",mythos_preview_single_target_tnfa_rank25,4077,
mythos_preview_single_target_tnfa_rank26,Axp,"Bxp,Cxp,Dxp",False,False,78,456,4,4,3,4.167887834383262,0,265.15315178267724,127.3260184302955,0.47422680412371127,,,0.8571428571428571,0.0,4671.68350096311,1967.646408525907,18.296518444434753,0.05128205128205128,"hbonds/salt bridges NOT COMPUTABLE: binder_side_chains=False, target_side_chains=False",mythos_preview_single_target_tnfa_rank26,534,
mythos_preview_single_target_tnfa_rank27,Axp,"Bxp,Cxp,Dxp",False,True,89,471,217,24,24,1.4368027004428963,3,1489.2581744265653,809.357779292922,0.3169159191208225,,,0.45364238410596025,0.3211920529801324,5208.292809187558,1417.6877901614307,17.620387895382528,2.438202247191011,"hbonds/salt bridges NOT COMPUTABLE: binder_side_chains=False, target_side_chains=True",mythos_preview_single_target_tnfa_rank27,4121,
mythos_preview_single_target_tnfa_rank28,Axp,"Bxp,Cxp,Dxp",False,False,83,456,7,5,6,3.9663731544069316,0,291.4059390878928,144.3903301786856,0.08181818181818176,,,0.2727272727272727,0.45454545454545453,4859.390930195402,1735.3092408747489,19.840243343569796,0.08433734939759036,"hbonds/salt bridges NOT COMPUTABLE: binder_side_chains=False, target_side_chains=False",mythos_preview_single_target_tnfa_rank28,539,
mythos_preview_single_target_tnfa_rank29,Axp,"Bxp,Cxp,Dxp",False,False,83,456,7,5,6,3.9663731544069316,0,291.4059390878928,144.3903301786856,0.22727272727272727,,,0.36363636363636365,0.36363636363636365,4859.390930195402,1442.5906624215957,19.840243343569796,0.08433734939759036,"hbonds/salt bridges NOT COMPUTABLE: binder_side_chains=False, target_side_chains=False",mythos_preview_single_target_tnfa_rank29,539,
mythos_preview_single_target_tnfa_rank30,Axp,"Bxp,Cxp,Dxp",False,False,68,456,8,5,7,4.395315915835857,0,409.54348196136294,206.08438034594224,0.46496815286624193,,,0.8333333333333334,0.0,4033.740769446372,1527.912221163546,21.297920237951733,0.11764705882352941,"hbonds/salt bridges NOT COMPUTABLE: binder_side_chains=False, target_side_chains=False",mythos_preview_single_target_tnfa_rank30,524,
mythos_preview_single_target_trem2_rank01,Axp,Bxp,False,True,67,109,188,13,21,1.3148634910134207,3,1037.7728870616488,490.57826923199775,0.6113431781948141,,,0.6036866359447005,0.2304147465437788,4027.2665753058545,1354.030012381006,12.22565888441197,2.8059701492537314,"hbonds/salt bridges NOT COMPUTABLE: binder_side_chains=False, target_side_chains=True",mythos_preview_single_target_trem2_rank01,1191,
mythos_preview_single_target_trem2_rank02,Axp,Bxp,False,True,76,109,146,10,20,3.0411797053117398,0,1067.4614157065198,506.2818342702317,0.7462456905387426,,,0.806282722513089,0.07853403141361257,4212.751901417868,1206.255025891032,13.177522145551888,1.9210526315789473,"hbonds/salt bridges NOT COMPUTABLE: binder_side_chains=False, target_side_chains=True",mythos_preview_single_target_trem2_rank02,1235,
mythos_preview_single_target_trem2_rank03,Axp,Bxp,False,True,76,109,146,10,20,3.0411797053117398,0,1067.4614157065198,506.2818342702317,0.7462456905387426,,,0.806282722513089,0.10471204188481675,4212.751901417868,1306.1682307583233,13.177522145551888,1.9210526315789473,"hbonds/salt bridges NOT COMPUTABLE: binder_side_chains=False, target_side_chains=True",mythos_preview_single_target_trem2_rank03,1235,
mythos_preview_single_target_trem2_rank04,Axp,Bxp,True,True,93,109,463,18,24,2.068653910155104,2,1708.3454155383367,827.8835462846637,0.5236603501553668,8.0,0.0,0.5527065527065527,0.2962962962962963,5923.206992036779,1264.5399153243025,13.3612724217497,4.978494623655914,,mythos_preview_single_target_trem2_rank04,1580,
mythos_preview_single_target_trem2_rank05,Axp,Bxp,True,True,76,109,347,15,27,2.001395013484345,1,1640.3389769113205,771.6993988815532,0.534148480835192,4.0,0.0,0.6081504702194357,0.26959247648902823,4327.547732185714,1309.7268220298324,11.81710330189814,4.565789473684211,,mythos_preview_single_target_trem2_rank05,1334,
mythos_preview_single_target_trem2_rank06,Axp,Bxp,False,True,70,109,72,7,14,2.929321081752563,0,574.3308619663517,276.979677327116,0.5848416278993501,,,0.768595041322314,0.1652892561983471,3845.4078900940467,1845.74638501771,12.325511579381061,1.0285714285714285,"hbonds/salt bridges NOT COMPUTABLE: binder_side_chains=False, target_side_chains=True",mythos_preview_single_target_trem2_rank06,1138,
mythos_preview_single_target_trem2_rank07,Axp,Bxp,False,True,76,109,123,12,22,3.0400534534774226,0,999.0440977377094,465.39389661097255,0.6778081643386609,,,0.6415094339622641,0.18867924528301888,4416.270816225593,1805.69025913853,11.951471691539286,1.618421052631579,"hbonds/salt bridges NOT COMPUTABLE: binder_side_chains=False, target_side_chains=True",mythos_preview_single_target_trem2_rank07,1234,
mythos_preview_single_target_trem2_rank08,Axp,Bxp,False,True,76,109,185,12,28,2.7486995106777314,0,1405.4046819316372,675.3458643545522,0.6647874293698324,,,0.6735537190082644,0.19834710743801653,4683.364680040476,1734.3481593865235,12.37033166047428,2.4342105263157894,"hbonds/salt bridges NOT COMPUTABLE: binder_side_chains=False, target_side_chains=True",mythos_preview_single_target_trem2_rank08,1236,
mythos_preview_single_target_trem2_rank09,Axp,Bxp,False,True,76,109,185,12,28,2.7486995106777314,0,1405.4046819316372,675.3458643545522,0.6494696279231504,,,0.6942148760330579,0.17768595041322313,4683.364680040476,1885.3959478302193,12.37033166047428,2.4342105263157894,"hbonds/salt bridges NOT COMPUTABLE: binder_side_chains=False, target_side_chains=True",mythos_preview_single_target_trem2_rank09,1236,
mythos_preview_single_target_trem2_rank10,Axp,Bxp,True,True,63,109,309,13,21,2.64219492089437,0,1451.0068388904792,701.4524719876864,0.5524325562360209,1.0,0.0,0.669260700389105,0.10116731517509728,3704.9342107947887,1536.5357837248623,11.600701249170239,4.904761904761905,,mythos_preview_single_target_trem2_rank10,1251,
mythos_preview_single_target_trem2_rank11,Axp,Bxp,False,True,78,109,128,11,19,2.819689699239971,0,948.2010949368537,452.55891982473145,0.6616676448124894,,,0.7563451776649747,0.15736040609137056,4417.756584664263,2546.731073859277,13.420040751780414,1.641025641025641,"hbonds/salt bridges NOT COMPUTABLE: binder_side_chains=False, target_side_chains=True",mythos_preview_single_target_trem2_rank11,1244,
mythos_preview_single_target_trem2_rank12,Axp,Bxp,False,True,70,109,66,8,17,3.725565326229029,0,609.8405978891424,299.21869756261276,0.28618327922227615,,,0.7551020408163265,0.19047619047619047,3889.1967334323353,1343.297198171168,12.711118476673205,0.9428571428571428,"hbonds/salt bridges NOT COMPUTABLE: binder_side_chains=False, target_side_chains=True",mythos_preview_single_target_trem2_rank12,1138,
mythos_preview_single_target_trem2_rank13,Axp,Bxp,True,True,67,109,427,17,23,1.3148634910134207,3,1484.5242040705602,711.0172693671163,0.5048216983437354,5.0,0.0,0.5889967637540453,0.2815533980582524,3999.3890655529904,1723.8861641225237,12.022495446127762,6.373134328358209,,mythos_preview_single_target_trem2_rank13,1260,
mythos_preview_single_target_trem2_rank14,Axp,Bxp,False,True,70,109,66,8,17,3.725565326229029,0,609.8405978891424,299.21869756261276,0.2861832792222762,,,0.7551020408163265,0.19047619047619047,3889.1967334323353,1362.3919758879674,12.711118476673205,0.9428571428571428,"hbonds/salt bridges NOT COMPUTABLE: binder_side_chains=False, target_side_chains=True",mythos_preview_single_target_trem2_rank14,1138,
mythos_preview_single_target_trem2_rank15,Axp,Bxp,False,True,70,109,57,7,17,3.5155939754186623,0,704.564246829264,338.9031047353801,0.5806246999378676,,,0.8273381294964028,0.08633093525179857,3936.2954495176577,1552.388724664225,12.795621269544611,0.8142857142857143,"hbonds/salt bridges NOT COMPUTABLE: binder_side_chains=False, target_side_chains=True",mythos_preview_single_target_trem2_rank15,1138,
mythos_preview_single_target_trem2_rank16,Axp,Bxp,False,True,78,109,128,11,19,2.819689699239971,0,948.2010949368537,452.55891982473145,0.5911178825932247,,,0.7309644670050761,0.18274111675126903,4417.756584664263,1524.9846939015524,13.420040751780414,1.641025641025641,"hbonds/salt bridges NOT COMPUTABLE: binder_side_chains=False, target_side_chains=True",mythos_preview_single_target_trem2_rank16,1244,
mythos_preview_single_target_trem2_rank17,Axp,Bxp,True,True,93,109,463,18,24,2.068653910155104,2,1708.3454155383367,827.8835462846637,0.3959515270718599,8.0,0.0,0.5213675213675214,0.32763532763532766,5923.206992036779,1316.0306598939346,13.3612724217497,4.978494623655914,,mythos_preview_single_target_trem2_rank17,1580,
mythos_preview_single_target_trem2_rank18,Axp,Bxp,True,True,63,109,309,13,21,2.64219492089437,0,1451.0068388904792,701.4524719876864,0.403965562407723,1.0,0.0,0.6498054474708171,0.08171206225680934,3704.9342107947887,1175.7979680694039,11.600701249170239,4.904761904761905,,mythos_preview_single_target_trem2_rank18,1251,
mythos_preview_single_target_trem2_rank19,Axp,Bxp,False,True,70,109,72,7,14,2.929321081752563,0,574.3308619663517,276.979677327116,0.5564069200985203,,,0.7355371900826446,0.19834710743801653,3845.4078900940467,1842.8814847223102,12.325511579381061,1.0285714285714285,"hbonds/salt bridges NOT COMPUTABLE: binder_side_chains=False, target_side_chains=True",mythos_preview_single_target_trem2_rank19,1138,
mythos_preview_single_target_trem2_rank20,Axp,Bxp,False,True,70,109,66,7,15,3.2190970783746176,0,560.6238336958679,268.3832417354088,0.5931514276354152,,,0.8473282442748091,0.12213740458015267,3886.9600014175703,1812.7516579232995,12.543533852118687,0.9428571428571428,"hbonds/salt bridges NOT COMPUTABLE: binder_side_chains=False, target_side_chains=True",mythos_preview_single_target_trem2_rank20,1138,
mythos_preview_single_target_trem2_rank21,Axp,Bxp,False,True,60,109,71,7,14,3.2411659938978743,0,679.082283429353,317.13216814616976,0.5109106218760296,,,0.8110236220472441,0.12598425196850394,3267.568634043151,932.1046669077391,14.175848800758958,1.1833333333333333,"hbonds/salt bridges NOT COMPUTABLE: binder_side_chains=False, target_side_chains=True",mythos_preview_single_target_trem2_rank21,1098,
mythos_preview_single_target_trem2_rank22,Axp,Bxp,False,True,70,109,79,9,16,3.144256668912385,0,775.1722519918163,367.4462496760476,0.708989945730318,,,0.6993464052287581,0.24836601307189543,3972.2481773228014,1780.7572412479894,12.26683334594419,1.1285714285714286,"hbonds/salt bridges NOT COMPUTABLE: binder_side_chains=False, target_side_chains=True",mythos_preview_single_target_trem2_rank22,1138,
mythos_preview_single_target_trem2_rank23,Axp,Bxp,False,True,78,109,222,12,27,2.4268261165563554,0,1201.3723352706256,533.2080287902934,0.8226896650110427,,,0.7933884297520661,0.10330578512396695,3964.887835508396,1903.997796000572,12.437710738759158,2.8461538461538463,"hbonds/salt bridges NOT COMPUTABLE: binder_side_chains=False, target_side_chains=True",mythos_preview_single_target_trem2_rank23,1243,
mythos_preview_single_target_trem2_rank24,Axp,Bxp,False,True,70,109,65,8,16,2.724291651053535,0,596.1137775849411,285.0312651390013,0.42780098930863886,,,0.6690647482014388,0.2733812949640288,3811.2506098086265,1374.9430073347178,12.675336573319306,0.9285714285714286,"hbonds/salt bridges NOT COMPUTABLE: binder_side_chains=False, target_side_chains=True",mythos_preview_single_target_trem2_rank24,1138,
mythos_preview_single_target_trem2_rank25,Axp,Bxp,True,True,62,109,313,13,16,2.8466467993061584,0,1338.774192591401,625.4381273457684,0.6013734004334041,2.0,0.0,0.6877323420074349,0.1821561338289963,5295.3294043364,1887.6953887661698,12.698358527055348,5.048387096774194,,mythos_preview_single_target_trem2_rank25,1398,
mythos_preview_single_target_trem2_rank26,Axp,Bxp,True,True,78,109,351,16,22,2.8109710066096394,0,1833.383248129841,890.1656206420813,0.6179228901374937,6.0,6.0,0.5734870317002881,0.28530259365994237,6294.091933417757,2809.544790865614,17.80262689083069,4.5,,mythos_preview_single_target_trem2_rank26,1514,
mythos_preview_single_target_trem2_rank27,Axp,Bxp,True,True,62,109,321,14,16,2.984467121614845,0,1403.0842469613017,660.5334598793538,0.6013839016002482,3.0,0.0,0.6727272727272727,0.20727272727272728,5150.1502065833,1954.5668792402316,12.60808777844242,5.17741935483871,,mythos_preview_single_target_trem2_rank27,1408,
mythos_preview_single_target_trem2_rank28,Axp,Bxp,True,True,62,109,293,14,17,2.915572499527324,0,1391.3797244846103,654.4318313093547,0.5586842219288498,2.0,0.0,0.6514084507042254,0.2112676056338028,5252.04807846175,1786.3580453126124,12.993746932309177,4.725806451612903,,mythos_preview_single_target_trem2_rank28,1404,
mythos_preview_single_target_trem2_rank29,Axp,Bxp,True,True,80,109,411,18,22,1.5133343979438227,8,1571.4236208932273,755.0094010682892,0.7337864539612701,12.0,5.0,0.6842105263157895,0.2188365650969529,6927.461216303991,2777.1349873460067,16.78932004092009,5.1375,,mythos_preview_single_target_trem2_rank29,1542,
mythos_preview_single_target_trem2_rank30,Axp,Bxp,True,True,78,109,282,16,21,2.7752515201329055,0,1576.960814536164,758.3448436477038,0.5650975968901101,6.0,8.0,0.5959302325581395,0.2819767441860465,6592.25345773424,2180.1765311102045,17.842825094523498,3.6153846153846154,,mythos_preview_single_target_trem2_rank30,1507,
mythos_preview_single_target_trka_rank01,Axp,Bxp,False,True,95,101,84,9,16,2.82453341279582,0,680.6243410129168,324.4049005028361,0.3759549435084389,,,0.2898550724637681,0.5144927536231884,5214.280848694483,2087.003626940288,15.382388611207011,0.8842105263157894,"hbonds/salt bridges NOT COMPUTABLE: binder_side_chains=False, target_side_chains=True",mythos_preview_single_target_trka_rank01,1163,
mythos_preview_single_target_trka_rank02,Axp,Bxp,False,True,102,101,99,12,13,3.147102953511372,0,618.8011987057946,312.83722853395466,0.6615323649800736,,,0.4527027027027027,0.38513513513513514,4842.324965696094,2000.2945223369368,13.505503998676911,0.9705882352941176,"hbonds/salt bridges NOT COMPUTABLE: binder_side_chains=False, target_side_chains=True",mythos_preview_single_target_trka_rank02,1190,
mythos_preview_single_target_trka_rank03,Axp,Bxp,False,True,102,101,99,12,13,3.147102953511372,0,618.8011987057946,312.83722853395466,0.6699242010247297,,,0.4527027027027027,0.38513513513513514,4842.324965696094,2574.739792912273,13.505503998676911,0.9705882352941176,"hbonds/salt bridges NOT COMPUTABLE: binder_side_chains=False, target_side_chains=True",mythos_preview_single_target_trka_rank03,1190,
mythos_preview_single_target_trka_rank04,Axp,Bxp,False,True,100,101,97,9,9,2.9639097489633524,0,597.8342503130318,304.40434698761305,0.5954478249183449,,,0.48717948717948717,0.5128205128205128,5000.658230435351,1867.5218291094232,14.07253086652193,0.97,"hbonds/salt bridges NOT COMPUTABLE: binder_side_chains=False, target_side_chains=True",mythos_preview_single_target_trka_rank04,1182,
mythos_preview_single_target_trka_rank05,Axp,Bxp,False,True,107,101,62,10,11,3.2200958060281373,0,634.550630996771,310.49220718633035,0.44929408623176703,,,0.2835820895522388,0.5597014925373134,5381.823009342815,2490.448881447178,12.593504896461768,0.5794392523364486,"hbonds/salt bridges NOT COMPUTABLE: binder_side_chains=False, target_side_chains=True",mythos_preview_single_target_trka_rank05,1210,
mythos_preview_single_target_trka_rank06,Axp,Bxp,False,True,100,101,97,9,9,2.9639097489633524,0,597.8342503130318,304.40434698761305,0.4968183370329936,,,0.452991452991453,0.5128205128205128,5000.658230435351,2060.746113586994,14.07253086652193,0.97,"hbonds/salt bridges NOT COMPUTABLE: binder_side_chains=False, target_side_chains=True",mythos_preview_single_target_trka_rank06,1182,
mythos_preview_single_target_trka_rank07,Axp,Bxp,False,True,109,101,73,8,12,3.4468505914820278,0,656.1727243896937,321.20324879316877,0.5360453031823549,,,0.3884297520661157,0.4462809917355372,6246.315029433115,3127.6150112599485,13.302305388493007,0.6697247706422018,"hbonds/salt bridges NOT COMPUTABLE: binder_side_chains=False, target_side_chains=True",mythos_preview_single_target_trka_rank07,1219,
mythos_preview_single_target_trka_rank08,Axp,Bxp,False,True,107,101,49,6,10,3.608281724034308,0,566.4046510195416,267.96326543401784,0.38657672990201003,,,0.2916666666666667,0.5833333333333334,5533.527404310209,2217.2433496249023,12.679763407010032,0.45794392523364486,"hbonds/salt bridges NOT COMPUTABLE: binder_side_chains=False, target_side_chains=True",mythos_preview_single_target_trka_rank08,1211,
mythos_preview_single_target_trka_rank09,Axp,Bxp,False,True,109,101,73,8,12,3.4468505914820278,0,656.1727243896937,321.20324879316877,0.4616854468157635,,,0.35537190082644626,0.4793388429752066,6246.315029433115,2990.2079771408444,13.302305388493007,0.6697247706422018,"hbonds/salt bridges NOT COMPUTABLE: binder_side_chains=False, target_side_chains=True",mythos_preview_single_target_trka_rank09,1219,
mythos_preview_single_target_trka_rank10,Axp,Bxp,False,True,107,101,49,6,10,3.608281724034308,0,566.4046510195416,267.96326543401784,0.3989732964718198,,,0.3333333333333333,0.5,5533.527404310209,2507.4520687298073,12.679763407010032,0.45794392523364486,"hbonds/salt bridges NOT COMPUTABLE: binder_side_chains=False, target_side_chains=True",mythos_preview_single_target_trka_rank10,1211,
mythos_preview_single_target_trka_rank11,Axp,Bxp,False,True,107,101,106,8,14,3.358691858447273,0,673.6497594581746,326.6971157756832,0.5275294515675114,,,0.31746031746031744,0.46825396825396826,5185.106544130611,2428.01752680232,13.033310223094473,0.9906542056074766,"hbonds/salt bridges NOT COMPUTABLE: binder_side_chains=False, target_side_chains=True",mythos_preview_single_target_trka_rank11,1211,
mythos_preview_single_target_trka_rank12,Axp,Bxp,False,True,107,101,101,9,14,3.2118145961434332,0,626.5204333331271,311.6854933489517,0.6347284083732023,,,0.41353383458646614,0.41353383458646614,5211.044898988498,2471.1236610796877,13.063449932864282,0.9439252336448598,"hbonds/salt bridges NOT COMPUTABLE: binder_side_chains=False, target_side_chains=True",mythos_preview_single_target_trka_rank12,1210,
mythos_preview_single_target_trka_rank13,Axp,Bxp,False,True,100,101,113,11,14,2.7988642339349012,0,669.0010218767713,346.45045326726574,0.33480998856690214,,,0.4117647058823529,0.4117647058823529,5285.381496562414,2754.2586335747856,13.405387099296826,1.13,"hbonds/salt bridges NOT COMPUTABLE: binder_side_chains=False, target_side_chains=True",mythos_preview_single_target_trka_rank13,1182,
mythos_preview_single_target_trka_rank14,Axp,Bxp,False,True,100,101,113,11,14,2.7988642339349012,0,669.0010218767713,346.45045326726574,0.3676277384248804,,,0.43790849673202614,0.43790849673202614,5285.381496562414,2753.4260568851905,13.405387099296826,1.13,"hbonds/salt bridges NOT COMPUTABLE: binder_side_chains=False, target_side_chains=True",mythos_preview_single_target_trka_rank14,1182,
mythos_preview_single_target_trka_rank15,Axp,Bxp,False,True,95,101,110,6,15,3.103812816520996,0,680.989038942703,325.8044527118134,0.39298533964427046,,,0.39814814814814814,0.4351851851851852,4865.353850620196,1943.1718855945096,12.761848554826596,1.1578947368421053,"hbonds/salt bridges NOT COMPUTABLE: binder_side_chains=False, target_side_chains=True",mythos_preview_single_target_trka_rank15,1163,
mythos_preview_single_target_trka_rank16,Axp,Bxp,False,True,81,101,164,11,16,3.3355204991125444,0,754.0274075002694,391.57601696145963,0.4653311649988651,,,0.29012345679012347,0.5246913580246914,3764.2998490781893,1483.9788372449957,10.679418100647192,2.0246913580246915,"hbonds/salt bridges NOT COMPUTABLE: binder_side_chains=False, target_side_chains=True",mythos_preview_single_target_trka_rank16,1106,
mythos_preview_single_target_trka_rank17,Axp,Bxp,False,True,89,101,49,6,10,3.159955221201718,0,472.76226997529307,221.27623457730036,0.4701471581795337,,,0.4065934065934066,0.46153846153846156,4421.350033955129,1775.1293921683487,11.750406778869566,0.550561797752809,"hbonds/salt bridges NOT COMPUTABLE: binder_side_chains=False, target_side_chains=True",mythos_preview_single_target_trka_rank17,1138,
mythos_preview_single_target_trka_rank18,Axp,Bxp,False,True,76,101,99,8,16,3.2142646126291474,0,703.5517798125045,333.59328044597214,0.43490454755187874,,,0.38636363636363635,0.3712121212121212,4234.949602880421,1579.0068245586594,13.451998885928006,1.3026315789473684,"hbonds/salt bridges NOT COMPUTABLE: binder_side_chains=False, target_side_chains=True",mythos_preview_single_target_trka_rank18,1087,
mythos_preview_single_target_trka_rank19,Axp,Bxp,False,True,66,101,127,11,17,2.8021909285414512,0,854.716025729959,427.7554721425033,0.5506233243071078,,,0.4176470588235294,0.5176470588235295,3846.884944027878,2046.96091429583,14.19145670645505,1.9242424242424243,"hbonds/salt bridges NOT COMPUTABLE: binder_side_chains=False, target_side_chains=True",mythos_preview_single_target_trka_rank19,1047,
mythos_preview_single_target_trka_rank20,Axp,Bxp,False,True,81,101,165,11,17,3.139493271214321,0,790.2411470185326,407.4321951071655,0.43244805410104326,,,0.28313253012048195,0.5120481927710844,3760.0418573274,1426.4577236222067,10.668274410099071,2.037037037037037,"hbonds/salt bridges NOT COMPUTABLE: binder_side_chains=False, target_side_chains=True",mythos_preview_single_target_trka_rank20,1106,
mythos_preview_single_target_trka_rank21,Axp,Bxp,False,True,103,101,74,6,13,3.7064427690172157,0,664.4562983303988,324.9275522476055,0.40449127220203496,,,0.4563106796116505,0.46601941747572817,5057.1055340300445,1882.3902632066438,13.956217269901417,0.7184466019417476,"hbonds/salt bridges NOT COMPUTABLE: binder_side_chains=False, target_side_chains=True",mythos_preview_single_target_trka_rank21,1194,
mythos_preview_single_target_trka_rank22,Axp,Bxp,False,True,96,101,110,12,12,2.601508985185329,0,731.9421887138137,381.77422056406255,0.5179606554906611,,,0.3931034482758621,0.5103448275862069,4379.8070059321035,2126.772051227892,11.855261230889028,1.1458333333333333,"hbonds/salt bridges NOT COMPUTABLE: binder_side_chains=False, target_side_chains=True",mythos_preview_single_target_trka_rank22,1167,
mythos_preview_single_target_trka_rank23,Axp,Bxp,True,True,108,101,410,23,20,2.679302521179719,0,1677.9176974602733,829.9762567649093,0.44452153187255017,6.0,2.0,0.3567567567567568,0.4945945945945946,6699.471152362195,1758.247880135102,14.250253523992258,3.7962962962962963,,mythos_preview_single_target_trka_rank23,1699,
mythos_preview_single_target_trka_rank24,Axp,Bxp,False,True,103,101,74,6,13,3.7064427690172157,0,664.4562983303988,324.9275522476055,0.39908493061312345,,,0.4563106796116505,0.46601941747572817,5057.1055340300445,1848.0414687012403,13.956217269901417,0.7184466019417476,"hbonds/salt bridges NOT COMPUTABLE: binder_side_chains=False, target_side_chains=True",mythos_preview_single_target_trka_rank24,1194,
mythos_preview_single_target_trka_rank25,Axp,Bxp,False,True,96,101,119,13,14,2.8408569129753793,0,705.4649960794422,355.4169274962704,0.38485905319515823,,,0.35403726708074534,0.484472049689441,4304.856267971706,1793.237122450685,11.83161975097325,1.2395833333333333,"hbonds/salt bridges NOT COMPUTABLE: binder_side_chains=False, target_side_chains=True",mythos_preview_single_target_trka_rank25,1166,
mythos_preview_single_target_trka_rank26,Axp,Bxp,True,True,96,101,464,23,18,2.67053122056268,0,1761.9909238726723,900.0428152631646,0.4234893084167413,15.0,7.0,0.4903581267217631,0.39669421487603307,6598.17877466088,1975.4581972046337,14.945467091322005,4.833333333333333,,mythos_preview_single_target_trka_rank26,1594,
mythos_preview_single_target_trka_rank27,Axp,Bxp,True,True,89,101,482,25,20,2.727191045746521,0,1893.1410527900991,942.3696296759648,0.5063641869274822,14.0,12.0,0.4801980198019802,0.41089108910891087,5757.56595935322,1966.7821973641996,12.986632651174345,5.415730337078652,,mythos_preview_single_target_trka_rank27,1514,
mythos_preview_single_target_trka_rank28,Axp,Bxp,False,True,95,101,91,10,15,2.9425106626824653,0,639.4404653256895,311.33490526790956,0.278144887351395,,,0.3049645390070922,0.5035460992907801,5105.908181675181,2295.0072881928995,15.266468906683453,0.9578947368421052,"hbonds/salt bridges NOT COMPUTABLE: binder_side_chains=False, target_side_chains=True",mythos_preview_single_target_trka_rank28,1162,
mythos_preview_single_target_trka_rank29,Axp,Bxp,False,True,107,101,52,6,11,3.6050398056054807,0,526.6073104204269,259.69059145391077,0.41100264728915453,,,0.32323232323232326,0.5151515151515151,5539.2664111333925,2307.1382477245697,12.73431722379778,0.48598130841121495,"hbonds/salt bridges NOT COMPUTABLE: binder_side_chains=False, target_side_chains=True",mythos_preview_single_target_trka_rank29,1211,
mythos_preview_single_target_trka_rank30,Axp,Bxp,True,True,66,101,742,31,26,2.7633729390004524,0,2589.2947233808627,1296.2264832377582,0.5223544251413659,22.0,12.0,0.43079922027290446,0.3937621832358674,5216.956980248698,2511.800620303611,14.036833469124668,11.242424242424242,,mythos_preview_single_target_trka_rank30,1293,
mythos_preview_single_target_vegfa_rank01,Axp,"Bxp,Cxp",False,True,96,188,306,25,31,2.5291101201806128,0,1802.9369400187272,917.4771110124581,0.38345709852250576,,,0.4426229508196721,0.37158469945355194,6038.623519558384,2194.2583104069654,13.871709466828511,3.1875,"hbonds/salt bridges NOT COMPUTABLE: binder_side_chains=False, target_side_chains=True",mythos_preview_single_target_vegfa_rank01,1997,
mythos_preview_single_target_vegfa_rank02,Axp,"Bxp,Cxp",False,True,96,188,306,25,31,2.5291101201806128,0,1802.9369400187272,917.4771110124581,0.38345709852250576,,,0.4426229508196721,0.38524590163934425,6038.623519558384,2233.6374913647887,13.871709466828511,3.1875,"hbonds/salt bridges NOT COMPUTABLE: binder_side_chains=False, target_side_chains=True",mythos_preview_single_target_vegfa_rank02,1997,
mythos_preview_single_target_vegfa_rank03,Axp,"Bxp,Cxp",False,False,100,188,1,1,1,4.853768535890437,0,45.16342671521892,22.73944862701665,0.8845495872137165,,,0.5,0.0,5244.408435401341,2298.773893875372,13.198721447979345,0.01,"hbonds/salt bridges NOT COMPUTABLE: binder_side_chains=False, target_side_chains=False",mythos_preview_single_target_vegfa_rank03,1152,
mythos_preview_single_target_vegfa_rank04,Axp,"Bxp,Cxp",False,True,96,188,182,19,22,2.421088598131014,0,1372.369045837238,666.9870970766383,0.7274920478241526,,,0.5111111111111111,0.26296296296296295,4994.913227267928,2092.8402826586052,13.025882354695966,1.8958333333333333,"hbonds/salt bridges NOT COMPUTABLE: binder_side_chains=False, target_side_chains=True",mythos_preview_single_target_vegfa_rank04,1998,
mythos_preview_single_target_vegfa_rank05,Axp,"Bxp,Cxp",True,True,84,188,666,29,35,1.6522182059280177,1,2522.1970928721357,1228.306615976996,0.4758266729230776,22.0,9.0,0.4092664092664093,0.33204633204633205,5659.616700644672,1322.387768242163,13.129413664565451,7.928571428571429,,mythos_preview_single_target_vegfa_rank05,2204,
mythos_preview_single_target_vegfa_rank06,Axp,"Bxp,Cxp",False,False,92,188,2,1,1,4.523133206086243,0,74.78614582354626,34.4292465955318,0.3776567488253832,,,0.0,0.0,4431.22117759558,1621.4128480836252,14.407267818503195,0.021739130434782608,"hbonds/salt bridges NOT COMPUTABLE: binder_side_chains=False, target_side_chains=False",mythos_preview_single_target_vegfa_rank06,1120,
mythos_preview_single_target_vegfa_rank07,Axp,"Bxp,Cxp",False,True,98,188,506,26,33,1.2404280545225104,15,2024.9218086258895,994.5222122040188,0.5524705605274907,,,0.4645669291338583,0.3228346456692913,5693.8681604142075,2073.8192777327713,12.857694661278703,5.163265306122449,"hbonds/salt bridges NOT COMPUTABLE: binder_side_chains=False, target_side_chains=True",mythos_preview_single_target_vegfa_rank07,2011,
mythos_preview_single_target_vegfa_rank08,Axp,"Bxp,Cxp",False,True,96,188,182,19,22,2.421088598131014,0,1372.369045837238,666.9870970766383,0.5939182250610396,,,0.4740740740740741,0.2814814814814815,4994.913227267928,1981.3048377239493,13.025882354695966,1.8958333333333333,"hbonds/salt bridges NOT COMPUTABLE: binder_side_chains=False, target_side_chains=True",mythos_preview_single_target_vegfa_rank08,1998,
mythos_preview_single_target_vegfa_rank09,Axp,"Bxp,Cxp",False,True,86,188,158,16,23,3.2636845742197576,0,1268.6921446754536,609.7980361382355,0.5101128836960753,,,0.49416342412451364,0.23735408560311283,4594.620601966212,1220.243472567785,12.516018437072123,1.8372093023255813,"hbonds/salt bridges NOT COMPUTABLE: binder_side_chains=False, target_side_chains=True",mythos_preview_single_target_vegfa_rank09,1951,
mythos_preview_single_target_vegfa_rank10,Axp,"Bxp,Cxp",False,False,100,188,1,1,1,4.853768535890437,0,45.16342671521892,22.73944862701665,0.8845495872137165,,,0.5,0.0,5244.408435401341,2365.6167412198924,13.198721447979345,0.01,"hbonds/salt bridges NOT COMPUTABLE: binder_side_chains=False, target_side_chains=False",mythos_preview_single_target_vegfa_rank10,1152,
mythos_preview_single_target_vegfa_rank11,Axp,"Bxp,Cxp",False,True,98,188,183,18,26,2.2195010700605664,0,1404.7572270039293,679.7934170742392,0.32900383137605277,,,0.4756944444444444,0.3159722222222222,5290.107339754815,1587.4752880565775,13.39682901194307,1.8673469387755102,"hbonds/salt bridges NOT COMPUTABLE: binder_side_chains=False, target_side_chains=True",mythos_preview_single_target_vegfa_rank11,2009,
mythos_preview_single_target_vegfa_rank12,Axp,"Bxp,Cxp",False,True,98,188,183,18,26,2.2195010700605664,0,1404.7572270039293,679.7934170742392,0.24352953719238954,,,0.4409722222222222,0.3333333333333333,5290.107339754815,1533.9429726714607,13.39682901194307,1.8673469387755102,"hbonds/salt bridges NOT COMPUTABLE: binder_side_chains=False, target_side_chains=True",mythos_preview_single_target_vegfa_rank12,2009,
mythos_preview_single_target_vegfa_rank13,Axp,"Bxp,Cxp",False,True,70,188,256,21,25,2.36183763201453,0,1553.900199526261,793.713481083053,0.36768190346466606,,,0.44625407166123776,0.42996742671009774,4623.626981573201,1797.95332231955,13.431894188321943,3.657142857142857,"hbonds/salt bridges NOT COMPUTABLE: binder_side_chains=False, target_side_chains=True",mythos_preview_single_target_vegfa_rank13,1871,
mythos_preview_single_target_vegfa_rank14,Axp,"Bxp,Cxp",True,True,90,188,642,33,34,1.9842817340287155,1,2781.610623172197,1366.2664474712458,0.4352472999873923,17.0,9.0,0.4390681003584229,0.34767025089605735,5992.448486349611,1270.5692053086782,13.628008516775095,7.133333333333334,,mythos_preview_single_target_vegfa_rank14,2249,
mythos_preview_single_target_vegfa_rank15,Axp,"Bxp,Cxp",False,True,98,188,496,26,33,1.2404280545225104,15,2012.9405937910078,982.540997369137,0.5286751944633872,,,0.46578947368421053,0.3236842105263158,5683.199584944587,2186.4065552060456,12.847780428341443,5.061224489795919,"hbonds/salt bridges NOT COMPUTABLE: binder_side_chains=False, target_side_chains=True",mythos_preview_single_target_vegfa_rank15,2010,
mythos_preview_single_target_vegfa_rank16,Axp,"Bxp,Cxp",False,True,78,188,284,19,26,2.3470928826955277,0,1474.0529752559787,750.1698731991235,0.5547854357500238,,,0.476027397260274,0.3493150684931507,4169.361575937237,1685.222883834961,12.114120752302776,3.641025641025641,"hbonds/salt bridges NOT COMPUTABLE: binder_side_chains=False, target_side_chains=True",mythos_preview_single_target_vegfa_rank16,1909,
mythos_preview_single_target_vegfa_rank17,Axp,"Bxp,Cxp",False,True,84,188,131,13,20,3.007601203617262,0,1063.7769285241925,504.20509127612536,0.5245771485698035,,,0.6604651162790698,0.1813953488372093,4515.912751396796,1793.0997255789352,11.753875428648676,1.5595238095238095,"hbonds/salt bridges NOT COMPUTABLE: binder_side_chains=False, target_side_chains=True",mythos_preview_single_target_vegfa_rank17,1940,
mythos_preview_single_target_vegfa_rank18,Axp,"Bxp,Cxp",False,True,85,188,202,16,21,2.8061699877234814,0,1237.2801929372174,616.7950186145076,0.4638985095982849,,,0.4309623430962343,0.28870292887029286,4275.272545589579,1565.4979624891246,11.557501068136318,2.376470588235294,"hbonds/salt bridges NOT COMPUTABLE: binder_side_chains=False, target_side_chains=True",mythos_preview_single_target_vegfa_rank18,1944,
mythos_preview_single_target_vegfa_rank19,Axp,"Bxp,Cxp",False,False,89,188,45,7,5,3.2627183451839663,0,281.1016107978078,140.37921297407462,0.5276104976958534,,,0.25,0.25,4259.876883949594,1857.700582155771,12.078779680346786,0.5056179775280899,"hbonds/salt bridges NOT COMPUTABLE: binder_side_chains=False, target_side_chains=False",mythos_preview_single_target_vegfa_rank19,1108,
mythos_preview_single_target_vegfa_rank20,Axp,"Bxp,Cxp",False,True,64,188,213,18,19,1.7670554603633692,1,1303.5750782274592,663.2120090940014,0.6963515873965875,,,0.5428571428571428,0.2612244897959184,3432.129450581422,1242.1974820541086,11.194253653774515,3.328125,"hbonds/salt bridges NOT COMPUTABLE: binder_side_chains=False, target_side_chains=True",mythos_preview_single_target_vegfa_rank20,1837,
mythos_preview_single_target_vegfa_rank21,Axp,"Bxp,Cxp",False,True,78,188,271,18,26,2.3996272627222752,0,1441.1130348056272,723.5211632649646,0.4613250776771248,,,0.4607142857142857,0.30714285714285716,4159.232329971645,2094.2517865787645,12.10792122584633,3.4743589743589745,"hbonds/salt bridges NOT COMPUTABLE: binder_side_chains=False, target_side_chains=True",mythos_preview_single_target_vegfa_rank21,1909,
mythos_preview_single_target_vegfa_rank22,Axp,"Bxp,Cxp",False,True,83,188,142,17,20,2.6801309669491897,0,1295.3789771535087,654.5360638899613,0.5719531157086859,,,0.5306122448979592,0.22857142857142856,4470.897580536629,1653.7176131358146,11.887287430875116,1.7108433734939759,"hbonds/salt bridges NOT COMPUTABLE: binder_side_chains=False, target_side_chains=True",mythos_preview_single_target_vegfa_rank22,1932,
mythos_preview_single_target_vegfa_rank23,Axp,"Bxp,Cxp",False,False,77,188,1,1,1,4.267926897218367,0,66.805803869405,32.6679741402399,0.5981877052963961,,,0.5,0.0,3697.3526735393725,1178.6319168476161,12.59355926291379,0.012987012987012988,"hbonds/salt bridges NOT COMPUTABLE: binder_side_chains=False, target_side_chains=False",mythos_preview_single_target_vegfa_rank23,1060,
mythos_preview_single_target_vegfa_rank24,Axp,"Bxp,Cxp",False,True,64,188,213,18,19,1.7670554603633692,1,1303.5750782274592,663.2120090940014,0.6963515873965875,,,0.5428571428571428,0.2612244897959184,3432.129450581422,1132.647168539961,11.194253653774515,3.328125,"hbonds/salt bridges NOT COMPUTABLE: binder_side_chains=False, target_side_chains=True",mythos_preview_single_target_vegfa_rank24,1837,
mythos_preview_single_target_vegfa_rank25,Axp,"Bxp,Cxp",False,False,92,188,2,1,1,4.523133206086243,0,74.78614582354626,34.4292465955318,0.8942208014015661,,,0.5,0.0,4431.22117759558,1752.2104083507286,14.407267818503195,0.021739130434782608,"hbonds/salt bridges NOT COMPUTABLE: binder_side_chains=False, target_side_chains=False",mythos_preview_single_target_vegfa_rank25,1120,
mythos_preview_single_target_vegfa_rank26,Axp,"Bxp,Cxp",False,True,83,188,135,16,20,2.6801309669491897,0,1264.6683928047357,631.4534030950892,0.6618553024617957,,,0.5957446808510638,0.17872340425531916,4436.469249100697,1601.4721214198053,11.86518640114166,1.6265060240963856,"hbonds/salt bridges NOT COMPUTABLE: binder_side_chains=False, target_side_chains=True",mythos_preview_single_target_vegfa_rank26,1932,
mythos_preview_single_target_vegfa_rank27,Axp,"Bxp,Cxp",False,True,98,188,204,16,22,2.8010888954119255,0,1219.439170212072,610.7619450598494,0.5885852648773355,,,0.562753036437247,0.23076923076923078,5117.044171495263,1977.1911680078467,12.516893769105994,2.0816326530612246,"hbonds/salt bridges NOT COMPUTABLE: binder_side_chains=False, target_side_chains=True",mythos_preview_single_target_vegfa_rank27,2009,
mythos_preview_single_target_vegfa_rank28,Axp,"Bxp,Cxp",False,True,98,188,182,16,27,2.7963023799296103,0,1430.6908831319342,690.0411010828702,0.5201111119292886,,,0.5390334572490706,0.2862453531598513,4935.514356397892,1568.4423041013647,12.926333251697148,1.8571428571428572,"hbonds/salt bridges NOT COMPUTABLE: binder_side_chains=False, target_side_chains=True",mythos_preview_single_target_vegfa_rank28,2007,
mythos_preview_single_target_vegfa_rank29,Axp,"Bxp,Cxp",False,True,66,188,153,18,21,3.3274509763481115,0,1206.3641484288996,580.5388949136179,0.6966963807249316,,,0.5823754789272031,0.19540229885057472,3961.8852924774733,1426.3093175170711,14.916307909896165,2.3181818181818183,"hbonds/salt bridges NOT COMPUTABLE: binder_side_chains=False, target_side_chains=True",mythos_preview_single_target_vegfa_rank29,1850,
mythos_preview_single_target_vegfa_rank30,Axp,"Bxp,Cxp",False,True,70,188,256,21,25,2.36183763201453,0,1553.900199526261,793.713481083053,0.4093752277517467,,,0.46254071661237783,0.41368078175895767,4623.626981573201,1713.3227910295025,13.431894188321943,3.657142857142857,"hbonds/salt bridges NOT COMPUTABLE: binder_side_chains=False, target_side_chains=True",mythos_preview_single_target_vegfa_rank30,1871,
mythos_preview_single_target_cas9_rank01,Axp,Bxp,False,True,90,1364,165,19,23,2.648034365335919,0,1872.0954689673072,952.2233169885401,0.39167707904763666,,,0.35968379446640314,0.3715415019762846,4838.9890587073305,2081.843547347669,13.839331071136911,1.8333333333333333,"hbonds/salt bridges NOT COMPUTABLE: binder_side_chains=False, target_side_chains=True",mythos_preview_single_target_cas9_rank01,13116,
mythos_preview_single_target_cas9_rank02,Axp,Bxp,False,False,88,1368,21,6,4,3.5702001344462446,0,976.0977001094122,597.5602761154418,0.25021056319434226,,,0.3,0.3,4546.482510440097,1686.2574512730837,13.094546146366783,0.23863636363636365,"hbonds/salt bridges NOT COMPUTABLE: binder_side_chains=False, target_side_chains=False",mythos_preview_single_target_cas9_rank02,7929,
mythos_preview_single_target_cas9_rank03,Axp,Bxp,False,False,86,1364,18,6,6,3.067159761081906,0,784.7993758376739,564.9487003928831,0.2533214086231892,,,0.4166666666666667,0.3333333333333333,4746.28380109255,2005.65599167775,14.255549115575745,0.20930232558139536,"hbonds/salt bridges NOT COMPUTABLE: binder_side_chains=False, target_side_chains=False",mythos_preview_single_target_cas9_rank03,7905,
mythos_preview_single_target_cas9_rank04,Axp,Bxp,False,False,86,1368,9,3,3,4.082267752120135,0,863.3115325029685,489.3984509404913,0.427763542450123,,,0.3333333333333333,0.5,4778.566916473626,1938.2535720452315,14.747676037649134,0.10465116279069768,"hbonds/salt bridges NOT COMPUTABLE: binder_side_chains=False, target_side_chains=False",mythos_preview_single_target_cas9_rank04,7921,
mythos_preview_single_target_cas9_rank05,Axp,Bxp,False,False,78,1364,28,7,5,3.784723239551342,0,683.0251188005932,468.6220333126195,0.2516235375017022,,,0.25,0.25,4081.6105689598708,1422.1662807392063,13.782901009401115,0.358974358974359,"hbonds/salt bridges NOT COMPUTABLE: binder_side_chains=False, target_side_chains=False",mythos_preview_single_target_cas9_rank05,7873,
mythos_preview_single_target_cas9_rank06,Axp,Bxp,False,True,88,1364,86,16,14,2.590005019300157,0,1706.211714103511,958.4007125778846,0.4340563828182978,,,0.3484848484848485,0.46464646464646464,4651.601703130046,2065.1584531507638,13.14927510206396,0.9772727272727273,"hbonds/salt bridges NOT COMPUTABLE: binder_side_chains=False, target_side_chains=True",mythos_preview_single_target_cas9_rank06,13108,
mythos_preview_single_target_cas9_rank07,Axp,Bxp,False,True,66,1364,41,7,10,2.7954827847797565,0,1190.0903706649406,624.4993648244819,0.2815218740240952,,,0.3804347826086957,0.391304347826087,3467.102465887995,1193.965224702977,13.362017685466048,0.6212121212121212,"hbonds/salt bridges NOT COMPUTABLE: binder_side_chains=False, target_side_chains=True",mythos_preview_single_target_cas9_rank07,13020,
mythos_preview_single_target_cas9_rank08,Axp,Bxp,False,True,88,1364,54,10,11,2.9130502913612735,0,1344.6848533053574,745.4535777165695,0.33178708084340836,,,0.3252032520325203,0.5040650406504065,4310.9059509901335,1687.322082386991,13.433179174019998,0.6136363636363636,"hbonds/salt bridges NOT COMPUTABLE: binder_side_chains=False, target_side_chains=True",mythos_preview_single_target_cas9_rank08,13108,
mythos_preview_single_target_cas9_rank09,Axp,Bxp,False,True,88,1364,86,16,14,2.590005019300157,0,1706.211714103511,958.4007125778846,0.33926829557851007,,,0.3484848484848485,0.46464646464646464,4651.601703130046,1910.9765982167487,13.14927510206396,0.9772727272727273,"hbonds/salt bridges NOT COMPUTABLE: binder_side_chains=False, target_side_chains=True",mythos_preview_single_target_cas9_rank09,13108,
mythos_preview_single_target_cas9_rank10,Axp,Bxp,False,True,78,1364,125,18,17,2.1015370565374294,1,1678.0236647463892,920.1343930107512,0.38280089111412574,,,0.2744186046511628,0.3813953488372093,4081.6105689598708,1495.5269903621293,13.782901009401115,1.6025641025641026,"hbonds/salt bridges NOT COMPUTABLE: binder_side_chains=False, target_side_chains=True",mythos_preview_single_target_cas9_rank10,13068,
mythos_preview_single_target_cas9_rank11,Axp,Bxp,False,True,74,1364,117,18,14,2.5072413126781403,0,1718.7626362774736,997.6373062065305,0.26143953956867944,,,0.4666666666666667,0.2923076923076923,4047.83527902293,1325.0746904841874,12.926280219931748,1.5810810810810811,"hbonds/salt bridges NOT COMPUTABLE: binder_side_chains=False, target_side_chains=True",mythos_preview_single_target_cas9_rank11,13052,
mythos_preview_single_target_cas9_rank12,Axp,Bxp,False,True,80,1368,43,8,13,3.4261526527579003,0,1312.547139027748,677.4157777994116,0.3934093098117871,,,0.25,0.49137931034482757,4458.939039805248,1787.2955375377387,11.789700566703521,0.5375,"hbonds/salt bridges NOT COMPUTABLE: binder_side_chains=False, target_side_chains=True",mythos_preview_single_target_cas9_rank12,13605,
mythos_preview_single_target_cas9_rank13,Axp,Bxp,False,False,95,1368,1,1,1,4.964306497387123,0,226.70251634046707,23.88462744474259,0.2925637529852044,,,0.0,0.0,4804.210986054462,1895.2213334907153,12.544894299130515,0.010526315789473684,"hbonds/salt bridges NOT COMPUTABLE: binder_side_chains=False, target_side_chains=False",mythos_preview_single_target_cas9_rank13,7957,
mythos_preview_single_target_cas9_rank14,Axp,Bxp,False,False,88,1368,21,6,4,3.5702001344462446,0,976.0977001094122,597.5602761154418,0.363676895221327,,,0.3,0.3,4546.482510440097,1783.5351330859828,13.094546146366783,0.23863636363636365,"hbonds/salt bridges NOT COMPUTABLE: binder_side_chains=False, target_side_chains=False",mythos_preview_single_target_cas9_rank14,7929,
mythos_preview_single_target_cas9_rank15,Axp,Bxp,False,True,66,1364,113,16,17,3.3740546824258777,0,1669.8214580554113,869.5631926108242,0.43888504994099375,,,0.46766169154228854,0.38308457711442784,3777.578883156466,1233.8829156189208,13.77036398891303,1.7121212121212122,"hbonds/salt bridges NOT COMPUTABLE: binder_side_chains=False, target_side_chains=True",mythos_preview_single_target_cas9_rank15,13020,
mythos_preview_single_target_cas9_rank16,Axp,Bxp,False,True,76,1364,147,17,20,2.186449633538352,1,1871.9186109600087,1041.8304861784345,0.4007311061735444,,,0.40969162995594716,0.4185022026431718,4169.912447379495,1554.465344726445,13.325114939481612,1.9342105263157894,"hbonds/salt bridges NOT COMPUTABLE: binder_side_chains=False, target_side_chains=True",mythos_preview_single_target_cas9_rank16,13060,
mythos_preview_single_target_cas9_rank17,Axp,Bxp,False,False,64,1364,11,4,4,3.6641415092760847,0,544.9658354102096,392.8062509855069,0.5308064449611423,,,0.375,0.375,3521.615367953986,1411.3258328332367,12.72473334814356,0.171875,"hbonds/salt bridges NOT COMPUTABLE: binder_side_chains=False, target_side_chains=False",mythos_preview_single_target_cas9_rank17,7817,
mythos_preview_single_target_cas9_rank18,Axp,Bxp,False,False,81,1368,40,9,9,3.509891308858439,0,750.2304786191407,231.22317255529336,0.308538627066182,,,0.5555555555555556,0.1111111111111111,4443.818335817944,1562.3607544061513,13.470346403378208,0.49382716049382713,"hbonds/salt bridges NOT COMPUTABLE: binder_side_chains=False, target_side_chains=False",mythos_preview_single_target_cas9_rank18,7901,
mythos_preview_single_target_cas9_rank19,Axp,Bxp,False,False,81,1368,40,9,9,3.509891308858439,0,750.2304786191407,231.22317255529336,0.2078022379654992,,,0.5,0.16666666666666666,4443.818335817944,1623.1787919506023,13.470346403378208,0.49382716049382713,"hbonds/salt bridges NOT COMPUTABLE: binder_side_chains=False, target_side_chains=False",mythos_preview_single_target_cas9_rank19,7901,
mythos_preview_single_target_cas9_rank20,Axp,Bxp,False,False,80,1368,8,3,3,3.876140477330511,0,508.3175726506594,285.21723376499534,0.20436990990472398,,,0.3333333333333333,0.5,4400.816679984956,1646.1447494079425,11.781705152318654,0.1,"hbonds/salt bridges NOT COMPUTABLE: binder_side_chains=False, target_side_chains=False",mythos_preview_single_target_cas9_rank20,7897,
mythos_preview_single_target_cas9_rank21,Axp,Bxp,False,False,80,1368,4,2,1,4.469789033052902,0,99.07877054030072,53.69886077305249,0.3177779100474595,,,0.0,0.3333333333333333,4466.0461965699715,1574.2252659035016,12.04646417296654,0.05,"hbonds/salt bridges NOT COMPUTABLE: binder_side_chains=False, target_side_chains=False",mythos_preview_single_target_cas9_rank21,7897,
mythos_preview_single_target_cas9_rank22,Axp,Bxp,False,False,95,1368,1,1,1,4.964306497387123,0,226.70251634046707,23.88462744474259,0.7801700079605451,,,0.5,0.0,4804.210986054462,2070.667071959652,12.544894299130515,0.010526315789473684,"hbonds/salt bridges NOT COMPUTABLE: binder_side_chains=False, target_side_chains=False",mythos_preview_single_target_cas9_rank22,7957,
mythos_preview_single_target_cas9_rank23,Axp,Bxp,False,False,80,1368,4,2,1,4.469789033052902,0,99.07877054030072,53.69886077305249,0.3177779100474595,,,0.0,0.3333333333333333,4466.0461965699715,1554.766090757083,12.04646417296654,0.05,"hbonds/salt bridges NOT COMPUTABLE: binder_side_chains=False, target_side_chains=False",mythos_preview_single_target_cas9_rank23,7897,
mythos_preview_single_target_cas9_rank24,Axp,Bxp,False,True,80,258,147,22,24,2.2755827824977053,0,1554.4644432259445,616.3470548203028,0.22854503500644108,,,0.3088803088803089,0.27413127413127414,4231.428218993209,1581.5425405803564,12.84348454768339,1.8375,"hbonds/salt bridges NOT COMPUTABLE: binder_side_chains=False, target_side_chains=True",mythos_preview_single_target_cas9_rank24,4517,
mythos_preview_single_target_cas9_rank25,Axp,Bxp,False,True,80,258,147,22,24,2.2755827824977053,0,1554.4644432259445,616.3470548203028,0.21363707773632096,,,0.3088803088803089,0.27413127413127414,4231.428218993209,1690.4942577621086,12.84348454768339,1.8375,"hbonds/salt bridges NOT COMPUTABLE: binder_side_chains=False, target_side_chains=True",mythos_preview_single_target_cas9_rank25,4517,
mythos_preview_single_target_cas9_rank26,Axp,Bxp,False,True,74,144,52,9,9,2.7932366530603874,0,591.6279930485698,217.2180481192795,0.4751915541970255,,,0.415929203539823,0.415929203539823,3444.2317123471566,1299.8209296428133,11.227584371613478,0.7027027027027027,"hbonds/salt bridges NOT COMPUTABLE: binder_side_chains=False, target_side_chains=True",mythos_preview_single_target_cas9_rank26,3479,
mythos_preview_single_target_cas9_rank27,Axp,Bxp,False,False,63,262,1,1,1,4.888755056248984,0,159.44073078604126,20.70620986161333,0.1124908306990833,,,0.0,0.0,3714.532951033976,1016.4992919076988,11.87796155335775,0.015873015873015872,"hbonds/salt bridges NOT COMPUTABLE: binder_side_chains=False, target_side_chains=False",mythos_preview_single_target_cas9_rank27,3405,
mythos_preview_single_target_cas9_rank28,Axp,Bxp,False,False,63,144,4,2,1,3.9902748025668604,0,136.74006033964872,31.020413679909463,0.7884232978313058,,,1.0,0.0,3357.863880319674,1298.3870521193214,10.061921982953354,0.06349206349206349,"hbonds/salt bridges NOT COMPUTABLE: binder_side_chains=False, target_side_chains=False",mythos_preview_single_target_cas9_rank28,2933,
mythos_preview_single_target_cas9_rank29,Axp,Bxp,True,True,108,262,340,28,20,1.8713444364947898,1,1992.4470151156484,911.662815238376,0.13480809569747668,11.0,8.0,0.2724795640326976,0.4305177111716621,6054.8883369537325,1520.276880719163,12.781558772606555,3.1481481481481484,,mythos_preview_single_target_cas9_rank29,4910,
mythos_preview_single_target_cas9_rank30,Axp,Bxp,False,False,95,1368,0,0,0,,0,100.86869978423277,7.455859890173691,0.33548409553487846,,,,,4455.623730737013,1466.0164670888303,12.219893663295265,0.0,"hbonds/salt bridges NOT COMPUTABLE: binder_side_chains=False, target_side_chains=False",mythos_preview_single_target_cas9_rank30,7957,
opus_4_8_multi_target_bbf14_rank01,Axp,Bxp,False,False,76,110,23,7,7,4.067802969663108,0,360.143918052945,180.54286327659787,0.41159074225287434,,,0.2857142857142857,0.21428571428571427,3867.497138314558,1886.75538326692,12.132915448913787,0.3026315789473684,"hbonds/salt bridges NOT COMPUTABLE: binder_side_chains=False, target_side_chains=False",opus_4_8_multi_target_bbf14_rank01,744,
opus_4_8_multi_target_bbf14_rank02,Axp,Bxp,False,False,76,110,23,7,7,4.067802969663108,0,360.143918052945,180.54286327659787,0.45068961314436257,,,0.2857142857142857,0.2857142857142857,3867.497138314558,1721.290785158605,12.132915448913787,0.3026315789473684,"hbonds/salt bridges NOT COMPUTABLE: binder_side_chains=False, target_side_chains=False",opus_4_8_multi_target_bbf14_rank02,744,
opus_4_8_multi_target_bbf14_rank03,Axp,Bxp,False,False,68,110,2,2,2,4.972261758998615,0,90.59052866776345,44.53904200486717,0.5701376366245907,,,0.75,0.25,3378.5239634056734,1544.3008856049373,11.133211187003063,0.029411764705882353,"hbonds/salt bridges NOT COMPUTABLE: binder_side_chains=False, target_side_chains=False",opus_4_8_multi_target_bbf14_rank03,712,
opus_4_8_multi_target_bbf14_rank04,Axp,Bxp,False,False,68,110,2,2,2,4.972261758998615,0,90.59052866776345,44.53904200486717,0.5701376366245907,,,0.75,0.25,3378.5239634056734,1605.7035189058272,11.133211187003063,0.029411764705882353,"hbonds/salt bridges NOT COMPUTABLE: binder_side_chains=False, target_side_chains=False",opus_4_8_multi_target_bbf14_rank04,712,
opus_4_8_multi_target_bbf14_rank05,Axp,Bxp,False,False,69,110,58,8,9,2.831817261053403,0,292.85975889518625,151.0893121031171,0.8039390166254107,,,0.5294117647058824,0.23529411764705882,3710.6379088483654,2177.5206559990565,12.027837337507451,0.8405797101449275,"hbonds/salt bridges NOT COMPUTABLE: binder_side_chains=False, target_side_chains=False",opus_4_8_multi_target_bbf14_rank05,716,
opus_4_8_multi_target_bbf14_rank06,Axp,Bxp,False,False,78,110,44,6,3,2.7375478078017186,0,227.89211454649512,122.05689825439924,0.3364382105924826,,,0.2222222222222222,0.4444444444444444,3556.0668379027675,1648.1771003319438,11.729629720929006,0.5641025641025641,"hbonds/salt bridges NOT COMPUTABLE: binder_side_chains=False, target_side_chains=False",opus_4_8_multi_target_bbf14_rank06,752,
opus_4_8_multi_target_bbf14_rank07,Axp,Bxp,True,True,78,110,298,21,23,2.2995514780060917,0,1659.9002674780795,822.4058380156675,0.5662768918443751,6.0,6.0,0.38028169014084506,0.39436619718309857,4828.414416858052,1712.5879178714338,12.16089009407255,3.8205128205128207,,opus_4_8_multi_target_bbf14_rank07,1424,
opus_4_8_multi_target_bbf14_rank08,Axp,Bxp,False,False,75,110,12,2,4,4.076126224738386,0,169.401601044498,81.41690055100082,0.695196065519865,,,0.8333333333333334,0.0,3917.97306650249,2239.861587411884,13.136356387878049,0.16,"hbonds/salt bridges NOT COMPUTABLE: binder_side_chains=False, target_side_chains=False",opus_4_8_multi_target_bbf14_rank08,740,
opus_4_8_multi_target_bbf14_rank09,Axp,Bxp,False,False,69,110,58,8,9,2.831817261053403,0,292.85975889518625,151.0893121031171,0.8386903659297192,,,0.5882352941176471,0.17647058823529413,3710.6379088483654,2359.32805129602,12.027837337507451,0.8405797101449275,"hbonds/salt bridges NOT COMPUTABLE: binder_side_chains=False, target_side_chains=False",opus_4_8_multi_target_bbf14_rank09,716,
opus_4_8_multi_target_bbf14_rank10,Axp,Bxp,False,False,66,110,50,7,7,2.6977622208044947,0,367.28418447241785,179.62971156498725,0.35370924619722427,,,0.35714285714285715,0.2857142857142857,3682.5933073436263,2536.1854849124948,13.593955938122688,0.7575757575757576,"hbonds/salt bridges NOT COMPUTABLE: binder_side_chains=False, target_side_chains=False",opus_4_8_multi_target_bbf14_rank10,704,
opus_4_8_multi_target_bbf14_rank11,Axp,Bxp,False,False,66,110,50,7,7,2.6977622208044947,0,367.28418447241785,179.62971156498725,0.35370924619722427,,,0.35714285714285715,0.2857142857142857,3682.5933073436263,2498.958895922714,13.593955938122688,0.7575757575757576,"hbonds/salt bridges NOT COMPUTABLE: binder_side_chains=False, target_side_chains=False",opus_4_8_multi_target_bbf14_rank11,704,
opus_4_8_multi_target_bbf14_rank12,Axp,Bxp,False,False,75,110,20,4,6,3.697278593776779,0,312.9509405289161,150.82392947847967,0.6066546567781307,,,0.7,0.1,3980.657824742606,2257.323679426613,13.113890053130264,0.26666666666666666,"hbonds/salt bridges NOT COMPUTABLE: binder_side_chains=False, target_side_chains=False",opus_4_8_multi_target_bbf14_rank12,740,
opus_4_8_multi_target_bbf14_rank13,Axp,Bxp,False,False,68,110,2,2,2,4.945025581329181,0,94.13252413460252,46.14770135268708,0.7273437102268085,,,0.75,0.25,3330.519690067503,1413.8973903293818,11.101889572139287,0.029411764705882353,"hbonds/salt bridges NOT COMPUTABLE: binder_side_chains=False, target_side_chains=False",opus_4_8_multi_target_bbf14_rank13,712,
opus_4_8_multi_target_bbf14_rank14,Axp,Bxp,False,False,66,110,51,6,6,2.682188658539887,0,282.9802832046545,133.22949445844404,0.20951935025791224,,,0.3333333333333333,0.3333333333333333,3727.461629235885,2471.068792481038,13.656413803321309,0.7727272727272727,"hbonds/salt bridges NOT COMPUTABLE: binder_side_chains=False, target_side_chains=False",opus_4_8_multi_target_bbf14_rank14,704,
opus_4_8_multi_target_bbf14_rank15,Axp,Bxp,False,False,73,110,80,7,9,2.704771154829924,0,390.5490303230012,185.15315049574093,0.5373805872803386,,,0.5,0.25,3970.101868540067,1698.9739626980877,12.027749367770381,1.095890410958904,"hbonds/salt bridges NOT COMPUTABLE: binder_side_chains=False, target_side_chains=False",opus_4_8_multi_target_bbf14_rank15,732,
opus_4_8_multi_target_bbf14_rank16,Axp,Bxp,True,True,73,110,445,15,20,2.6286972058417075,0,1447.8587718242034,704.8987718104775,0.4756765213678259,12.0,8.0,0.532608695652174,0.3333333333333333,4641.519977168116,1318.805136957305,12.293217037305588,6.095890410958904,,opus_4_8_multi_target_bbf14_rank16,1405,
opus_4_8_multi_target_bbf14_rank17,Axp,Bxp,False,False,78,110,45,5,4,3.040012828920299,0,173.72242464835898,88.72197765290073,0.09355534929148088,,,0.2222222222222222,0.3333333333333333,3728.5155242983765,1531.0766381707192,11.196799415507702,0.5769230769230769,"hbonds/salt bridges NOT COMPUTABLE: binder_side_chains=False, target_side_chains=False",opus_4_8_multi_target_bbf14_rank17,752,
opus_4_8_multi_target_bbf14_rank18,Axp,Bxp,False,False,75,110,12,2,4,4.076126224738386,0,169.401601044498,81.41690055100082,0.9193877833485863,,,1.0,0.0,3917.97306650249,2250.0148870499224,13.136356387878049,0.16,"hbonds/salt bridges NOT COMPUTABLE: binder_side_chains=False, target_side_chains=False",opus_4_8_multi_target_bbf14_rank18,740,
opus_4_8_multi_target_bbf14_rank19,Axp,Bxp,False,False,66,110,51,6,6,2.682188658539887,0,282.9802832046545,133.22949445844404,0.2653013394333201,,,0.3333333333333333,0.3333333333333333,3727.461629235885,2484.5762613225265,13.656413803321309,0.7727272727272727,"hbonds/salt bridges NOT COMPUTABLE: binder_side_chains=False, target_side_chains=False",opus_4_8_multi_target_bbf14_rank19,704,
opus_4_8_multi_target_bbf14_rank20,Axp,Bxp,False,False,68,110,2,2,2,4.945025581329181,0,94.13252413460252,46.14770135268708,0.7273437102268087,,,0.75,0.25,3330.519690067503,1577.1409234089042,11.101889572139287,0.029411764705882353,"hbonds/salt bridges NOT COMPUTABLE: binder_side_chains=False, target_side_chains=False",opus_4_8_multi_target_bbf14_rank20,712,
opus_4_8_multi_target_bbf14_rank21,Axp,Bxp,False,False,78,110,45,5,4,3.040012828920299,0,173.72242464835898,88.72197765290073,0.09355534929148088,,,0.2222222222222222,0.3333333333333333,3728.5155242983765,1651.9208270244387,11.196799415507702,0.5769230769230769,"hbonds/salt bridges NOT COMPUTABLE: binder_side_chains=False, target_side_chains=False",opus_4_8_multi_target_bbf14_rank21,752,
opus_4_8_multi_target_bbf14_rank22,Axp,Bxp,False,False,68,110,7,3,4,4.754166488460412,0,175.90644620203608,86.82007111951593,0.6037184434493018,,,0.42857142857142855,0.2857142857142857,3373.577716999975,1708.6073150928582,11.052339419469801,0.10294117647058823,"hbonds/salt bridges NOT COMPUTABLE: binder_side_chains=False, target_side_chains=False",opus_4_8_multi_target_bbf14_rank22,712,
opus_4_8_multi_target_bbf14_rank23,Axp,Bxp,False,False,68,110,7,3,4,4.754166488460412,0,175.90644620203608,86.82007111951593,0.6910233271157898,,,0.5714285714285714,0.2857142857142857,3373.577716999975,1506.540608318804,11.052339419469801,0.10294117647058823,"hbonds/salt bridges NOT COMPUTABLE: binder_side_chains=False, target_side_chains=False",opus_4_8_multi_target_bbf14_rank23,712,
opus_4_8_multi_target_bbf14_rank24,Axp,Bxp,False,False,75,110,14,4,6,4.2555472033570485,0,269.6051846866703,130.11771961686637,0.8499656312079549,,,0.8,0.1,3879.6087702218592,1930.8689580128018,13.056502696132767,0.18666666666666668,"hbonds/salt bridges NOT COMPUTABLE: binder_side_chains=False, target_side_chains=False",opus_4_8_multi_target_bbf14_rank24,740,
opus_4_8_multi_target_bbf14_rank25,Axp,Bxp,False,False,75,110,20,4,6,3.697278593776779,0,312.9509405289161,150.82392947847967,0.5892484087139191,,,0.7,0.1,3980.657824742606,2244.6135741188027,13.113890053130264,0.26666666666666666,"hbonds/salt bridges NOT COMPUTABLE: binder_side_chains=False, target_side_chains=False",opus_4_8_multi_target_bbf14_rank25,740,
opus_4_8_multi_target_bbf14_rank26,Axp,Bxp,False,False,67,110,126,14,14,2.6474449947071603,0,537.2019765080977,269.9677244788946,0.31219168171750405,,,0.4642857142857143,0.2857142857142857,3832.165025308582,1696.178232077461,12.438991423516395,1.8805970149253732,"hbonds/salt bridges NOT COMPUTABLE: binder_side_chains=False, target_side_chains=False",opus_4_8_multi_target_bbf14_rank26,708,
opus_4_8_multi_target_bbf14_rank27,Axp,Bxp,False,False,66,110,48,6,5,2.7073451940969777,0,333.6542546616488,168.375652497525,0.3705494834264569,,,0.36363636363636365,0.36363636363636365,3709.314178295128,2413.265591156154,13.643712055985276,0.7272727272727273,"hbonds/salt bridges NOT COMPUTABLE: binder_side_chains=False, target_side_chains=False",opus_4_8_multi_target_bbf14_rank27,704,
opus_4_8_multi_target_bbf14_rank28,Axp,Bxp,False,False,78,110,22,3,5,3.0782280617264215,0,136.71969462379437,61.82443992147907,0.6293953090486023,,,0.5,0.25,3878.4929857840925,1609.8561853481297,11.308763626972706,0.28205128205128205,"hbonds/salt bridges NOT COMPUTABLE: binder_side_chains=False, target_side_chains=False",opus_4_8_multi_target_bbf14_rank28,752,
opus_4_8_multi_target_bbf14_rank29,Axp,Bxp,True,True,73,110,305,16,19,2.8657667385884706,0,1301.6463315655342,642.039300041527,0.3709881486916735,9.0,9.0,0.43103448275862066,0.4379310344827586,4609.486290584636,1038.6831703625758,12.703617356173273,4.178082191780822,,opus_4_8_multi_target_bbf14_rank29,1410,
opus_4_8_multi_target_bbf14_rank30,Axp,Bxp,False,True,73,110,95,10,14,2.6872534305494904,0,764.4365966894918,369.7033474066669,0.3735374930730673,,,0.3671875,0.2578125,3596.759696317337,1418.6892889220994,12.201856415156099,1.3013698630136987,"hbonds/salt bridges NOT COMPUTABLE: binder_side_chains=False, target_side_chains=True",opus_4_8_multi_target_bbf14_rank30,1141,
opus_4_8_multi_target_bhrf1_rank17,Axp,Bxp,False,True,94,154,32,12,17,3.281311018480265,0,841.5830483918771,422.66987561397065,0.47826086956521746,,,0.3424657534246575,0.4520547945205479,5528.837006478399,2154.0411983929375,16.86070156427962,0.3404255319148936,"hbonds/salt bridges NOT COMPUTABLE: binder_side_chains=False, target_side_chains=True",opus_4_8_multi_target_bhrf1_rank17,400,
opus_4_8_multi_target_bhrf1_rank25,Axp,Bxp,True,True,85,153,457,22,20,1.1275287136033392,5,1777.5329564121175,925.5333975542252,0.5980064427591009,7.0,5.0,0.41388888888888886,0.4083333333333333,5878.461793258344,1894.5168245085986,12.984592700657998,5.376470588235295,,opus_4_8_multi_target_bhrf1_rank25,1922,
opus_4_8_multi_target_bhrf1_rank26,Axp,Bxp,True,True,85,153,467,23,20,1.4279782911515153,2,1769.019841321223,939.0205962935486,0.6831914908039336,4.0,0.0,0.40331491712707185,0.40331491712707185,5819.822641446537,2002.640117366698,12.96963595255114,5.4941176470588236,,opus_4_8_multi_target_bhrf1_rank26,1930,
opus_4_8_multi_target_bhrf1_rank27,Axp,Bxp,True,True,89,153,548,21,21,1.6426180322887018,3,1667.7047348800136,845.2113420430004,0.6891133775451022,7.0,6.0,0.4067796610169492,0.4491525423728814,7319.883619303622,1550.6318504386484,22.163717762542895,6.157303370786517,,opus_4_8_multi_target_bhrf1_rank27,1968,
opus_4_8_multi_target_bhrf1_rank28,Axp,Bxp,True,True,66,153,476,21,19,1.1491636088912665,8,1510.1236903539127,748.9322086254956,0.6435253541742745,6.0,0.0,0.38461538461538464,0.44970414201183434,5490.9779056146635,1388.735008856932,15.147818051595669,7.212121212121212,,opus_4_8_multi_target_bhrf1_rank28,1789,
opus_4_8_multi_target_bhrf1_rank29,Axp,Bxp,True,True,89,153,614,26,31,0.48515667572445076,22,2356.3020282747866,1168.9294630735649,0.6961111695692443,23.0,9.0,0.39539748953974896,0.4372384937238494,6923.373744738799,1839.8443295358047,18.32843621572732,6.898876404494382,,opus_4_8_multi_target_bhrf1_rank29,1967,
opus_4_8_multi_target_bhrf1_rank30,Axp,Bxp,True,True,66,153,471,23,19,1.154576112692445,8,1622.2817579752143,822.7666157841861,0.6058437813849943,8.0,4.0,0.3881019830028329,0.47875354107648727,5775.6801777073415,1320.8209740312268,15.241820234843123,7.136363636363637,,opus_4_8_multi_target_bhrf1_rank30,1786,
opus_4_8_multi_target_cas9_rank02,Axp,Bxp,True,True,83,268,0,0,0,,0,0.0,0.0,,0.0,0.0,,,6140.08675892276,1553.0762280687168,14.045034082413812,0.0,,opus_4_8_multi_target_cas9_rank02,4978,
opus_4_8_multi_target_cas9_rank10,Axp,Bxp,True,True,61,268,232,22,16,2.390630669927917,0,1644.8547704870832,760.489007951976,0.21967599934543142,12.0,4.0,0.3170731707317073,0.3519163763066202,4010.597585186074,647.2029036815582,10.606833694321733,3.80327868852459,,opus_4_8_multi_target_cas9_rank10,4673,
opus_4_8_multi_target_cas9_rank15,Axp,Bxp,True,True,98,268,6,2,1,3.662069496882876,0,116.84709954326183,34.15081953183279,0.11530962213400778,0.0,0.0,0.3076923076923077,0.4230769230769231,6344.561878920549,2269.8557383855555,13.204597302451742,0.061224489795918366,,opus_4_8_multi_target_cas9_rank15,5101,
opus_4_8_multi_target_cas9_rank16,Axp,Bxp,True,True,73,268,1141,25,17,0.48599588475623823,82,2080.3250107317117,1078.2003901697783,0.7352848287122811,35.0,0.0,0.5151515151515151,0.30578512396694213,4687.570794535186,1989.0305740821652,11.471956626795828,15.63013698630137,,opus_4_8_multi_target_cas9_rank16,4916,
opus_4_8_multi_target_cas9_rank21,Axp,Bxp,True,True,63,268,0,0,0,,0,0.0,0.0,,0.0,0.0,,,4749.507211746117,990.6010538220885,11.375115491642369,0.0,,opus_4_8_multi_target_cas9_rank21,4801,
opus_4_8_multi_target_cas9_rank27,Axp,Bxp,True,True,70,268,3270,36,41,0.2530790390372133,295,3014.263561862336,1656.0736300577266,0.4444393445045935,123.0,2.0,0.44904458598726116,0.33121019108280253,4412.145741162248,1246.4577412152478,11.071125862693522,46.714285714285715,,opus_4_8_multi_target_cas9_rank27,4864,
opus_4_8_multi_target_cas9_rank28,Axp,Bxp,True,True,75,268,12,1,1,2.793945239262931,0,190.05693076422165,83.95056770792401,0.4847116753832657,1.0,1.0,0.0,1.0,4933.375874278594,1404.750971136819,11.443770406317052,0.16,,opus_4_8_multi_target_cas9_rank28,4895,
opus_4_8_multi_target_egfr_rank01,Axp,Bxp,False,True,82,621,176,12,19,1.51758525295945,4,816.7747790478807,408.32864174131817,0.23696060715334652,,,0.4521276595744681,0.26063829787234044,4450.266755239603,1382.380236214546,11.495417500895366,2.1463414634146343,"hbonds/salt bridges NOT COMPUTABLE: binder_side_chains=False, target_side_chains=True",opus_4_8_multi_target_egfr_rank01,5100,
opus_4_8_multi_target_egfr_rank02,Axp,Bxp,False,True,82,621,361,13,24,0.6151040562376425,18,989.8263507328118,454.1173956446849,0.38652793452353934,,,0.3842364532019704,0.4433497536945813,4236.2124548316715,1617.1130868096418,13.233310212066709,4.402439024390244,"hbonds/salt bridges NOT COMPUTABLE: binder_side_chains=False, target_side_chains=True",opus_4_8_multi_target_egfr_rank02,5100,
opus_4_8_multi_target_egfr_rank03,Axp,Bxp,False,True,82,621,433,16,28,0.87961241464636,18,1077.7065454637323,502.6378599740374,0.3771545767930537,,,0.42857142857142855,0.3142857142857143,4234.027518118395,1675.6851178114505,13.233131321146699,5.280487804878049,"hbonds/salt bridges NOT COMPUTABLE: binder_side_chains=False, target_side_chains=True",opus_4_8_multi_target_egfr_rank03,5100,
opus_4_8_multi_target_egfr_rank04,Axp,Bxp,False,True,82,621,354,17,27,1.6625940574896814,2,1135.4969482133279,545.9882189324757,0.45383056293236446,,,0.42857142857142855,0.4166666666666667,4243.0966404725805,1710.4686131264207,13.233308267237817,4.317073170731708,"hbonds/salt bridges NOT COMPUTABLE: binder_side_chains=False, target_side_chains=True",opus_4_8_multi_target_egfr_rank04,5100,
opus_4_8_multi_target_egfr_rank05,Axp,Bxp,False,True,82,621,191,13,20,1.4541365135364706,12,867.5958453365555,432.05236500580304,0.3391868649289004,,,0.5369458128078818,0.21182266009852216,4464.75849871856,1486.0694169058763,11.495419962563162,2.3292682926829267,"hbonds/salt bridges NOT COMPUTABLE: binder_side_chains=False, target_side_chains=True",opus_4_8_multi_target_egfr_rank05,5100,
opus_4_8_multi_target_egfr_rank06,Axp,Bxp,False,True,82,621,504,16,20,0.5995348196727199,41,993.296499341573,530.8998050540116,0.2332562456308685,,,0.44954128440366975,0.22018348623853212,4429.583683890839,1612.400916374833,11.476139253669198,6.146341463414634,"hbonds/salt bridges NOT COMPUTABLE: binder_side_chains=False, target_side_chains=True",opus_4_8_multi_target_egfr_rank06,5100,
opus_4_8_multi_target_egfr_rank07,Axp,Bxp,False,True,82,612,151,16,18,1.7021705868525647,1,977.2819985852248,478.90953359336015,0.16799974513411076,,,0.3054187192118227,0.32019704433497537,4463.21559427089,1568.3439859104053,11.826684541468824,1.8414634146341464,"hbonds/salt bridges NOT COMPUTABLE: binder_side_chains=False, target_side_chains=True",opus_4_8_multi_target_egfr_rank07,5032,
opus_4_8_multi_target_egfr_rank08,Axp,Bxp,False,True,82,621,349,16,25,2.013435869353678,1,1002.0231334601239,482.8039474604394,0.42390756113754585,,,0.4449152542372881,0.4067796610169492,4258.760389238705,1858.2509755295812,13.233156565448354,4.2560975609756095,"hbonds/salt bridges NOT COMPUTABLE: binder_side_chains=False, target_side_chains=True",opus_4_8_multi_target_egfr_rank08,5100,
opus_4_8_multi_target_egfr_rank09,Axp,Bxp,False,True,82,621,512,18,27,0.954719854198078,39,1131.3777602214332,546.8078058194031,0.4865380864585612,,,0.4076923076923077,0.38846153846153847,4259.8843827946675,2086.266158553506,13.23318365772658,6.2439024390243905,"hbonds/salt bridges NOT COMPUTABLE: binder_side_chains=False, target_side_chains=True",opus_4_8_multi_target_egfr_rank09,5100,
opus_4_8_multi_target_egfr_rank10,Axp,Bxp,False,True,82,621,119,13,14,2.6529019959282323,0,756.1149685003828,375.48308566155947,0.24336298879630638,,,0.48314606741573035,0.30337078651685395,4418.36196956861,1420.647498259476,11.500353659302395,1.451219512195122,"hbonds/salt bridges NOT COMPUTABLE: binder_side_chains=False, target_side_chains=True",opus_4_8_multi_target_egfr_rank10,5100,
opus_4_8_multi_target_egfr_rank11,Axp,Bxp,True,True,82,612,688,35,31,0.7508035695173546,9,2566.004772107247,1246.9685641807214,0.440110720573729,29.0,12.0,0.4491682070240296,0.3179297597042514,5451.471954563718,1095.2929625929523,13.442461574137711,8.390243902439025,,opus_4_8_multi_target_egfr_rank11,5365,
opus_4_8_multi_target_egfr_rank12,Axp,Bxp,True,True,82,612,451,30,30,2.540656804843978,0,2392.282402095282,1196.9208623896711,0.4677428876382931,14.0,6.0,0.40208333333333335,0.325,6137.422101011281,1106.6204256557203,14.768577875050248,5.5,,opus_4_8_multi_target_egfr_rank12,5385,
opus_4_8_multi_target_egfr_rank13,Axp,Bxp,False,True,82,621,352,26,28,1.6107107126979692,1,1361.5796829596356,706.852500963548,0.34299218938467735,,,0.4148606811145511,0.20123839009287925,4473.859173590267,1798.342251490064,11.917589741276302,4.2926829268292686,"hbonds/salt bridges NOT COMPUTABLE: binder_side_chains=False, target_side_chains=True",opus_4_8_multi_target_egfr_rank13,5100,
opus_4_8_multi_target_egfr_rank14,Axp,Bxp,False,False,97,621,12,4,4,4.072825309290836,0,147.15889285240786,71.58827768416174,0.4072543215897368,,,0.125,0.25,5325.419783658961,2489.8851294750402,12.92005472422084,0.12371134020618557,"hbonds/salt bridges NOT COMPUTABLE: binder_side_chains=False, target_side_chains=False",opus_4_8_multi_target_egfr_rank14,2872,
opus_4_8_multi_target_egfr_rank15,Axp,Bxp,True,True,88,228,747,37,33,2.1829376995232805,1,2828.276755608219,1419.6878236583955,0.44824495579319007,19.0,7.0,0.44,0.34782608695652173,5888.852201187138,1835.8883677709118,13.340245343432457,8.488636363636363,,opus_4_8_multi_target_egfr_rank15,2471,
opus_4_8_multi_target_egfr_rank16,Axp,Bxp,False,True,82,621,261,18,22,0.6551289949315342,11,1123.420406530057,545.4904404060635,0.43135307572982307,,,0.45267489711934156,0.3497942386831276,4454.489656766362,1756.197253337316,11.891297772402556,3.182926829268293,"hbonds/salt bridges NOT COMPUTABLE: binder_side_chains=False, target_side_chains=True",opus_4_8_multi_target_egfr_rank16,5100,
opus_4_8_multi_target_egfr_rank17,Axp,Bxp,False,False,97,621,12,4,4,4.072825309290836,0,147.15889285240786,71.58827768416174,0.4072543215897368,,,0.125,0.375,5325.419783658961,2318.24405093698,12.92005472422084,0.12371134020618557,"hbonds/salt bridges NOT COMPUTABLE: binder_side_chains=False, target_side_chains=False",opus_4_8_multi_target_egfr_rank17,2872,
opus_4_8_multi_target_egfr_rank18,Axp,Bxp,False,True,82,621,117,14,18,3.0378273486161116,0,846.374072802291,419.65845416902744,0.3759089147053434,,,0.430939226519337,0.281767955801105,4313.546172774408,1529.9212423473198,14.348265839331257,1.4268292682926829,"hbonds/salt bridges NOT COMPUTABLE: binder_side_chains=False, target_side_chains=True",opus_4_8_multi_target_egfr_rank18,5100,
opus_4_8_multi_target_egfr_rank19,Axp,Bxp,False,True,82,621,282,16,25,0.6858607730436259,16,942.4976564061478,483.9306864951987,0.234077461906967,,,0.46887966804979253,0.26556016597510373,4422.896530745704,1630.1099785494293,11.496208190414858,3.4390243902439024,"hbonds/salt bridges NOT COMPUTABLE: binder_side_chains=False, target_side_chains=True",opus_4_8_multi_target_egfr_rank19,5100,
opus_4_8_multi_target_egfr_rank20,Axp,Bxp,False,False,93,621,5,2,2,4.213083194051598,0,131.5681246495363,66.29421599441565,0.41521760450843126,,,0.25,0.25,4992.067914119769,2040.7454644580816,11.873523540949176,0.053763440860215055,"hbonds/salt bridges NOT COMPUTABLE: binder_side_chains=False, target_side_chains=False",opus_4_8_multi_target_egfr_rank20,2856,
opus_4_8_multi_target_egfr_rank21,Axp,Bxp,False,False,88,621,92,9,8,2.7563682627689627,0,398.0844271437047,206.39673661030002,0.4415047137870661,,,0.29411764705882354,0.29411764705882354,4466.422422778886,1828.0453953703234,12.82292625666454,1.0454545454545454,"hbonds/salt bridges NOT COMPUTABLE: binder_side_chains=False, target_side_chains=False",opus_4_8_multi_target_egfr_rank21,2836,
opus_4_8_multi_target_egfr_rank22,Axp,Bxp,True,True,93,621,422,31,27,2.450000051086938,0,1943.6253266872109,963.9334533547127,0.4427605577808701,13.0,4.0,0.42953020134228187,0.3333333333333333,5595.429632797611,1258.3413208140955,12.429530875654894,4.537634408602151,,opus_4_8_multi_target_egfr_rank22,5495,
opus_4_8_multi_target_egfr_rank23,Axp,Bxp,False,True,93,621,24,9,10,4.162537807636105,0,473.8356155940397,235.28965008609995,0.5766429010345205,,,0.5135135135135135,0.27927927927927926,4818.871077922356,1813.945886563717,13.33637720221535,0.25806451612903225,"hbonds/salt bridges NOT COMPUTABLE: binder_side_chains=False, target_side_chains=True",opus_4_8_multi_target_egfr_rank23,5144,
opus_4_8_multi_target_egfr_rank24,Axp,Bxp,False,False,96,621,25,5,3,3.3142119727018065,0,150.52687140443504,84.23634336661274,0.3803231691002992,,,0.25,0.375,4948.209750856624,2016.8535840320385,12.374120724628023,0.2604166666666667,"hbonds/salt bridges NOT COMPUTABLE: binder_side_chains=False, target_side_chains=False",opus_4_8_multi_target_egfr_rank24,2868,
opus_4_8_multi_target_egfr_rank25,Axp,Bxp,False,True,85,621,54,10,11,3.1236501084468467,0,631.4206895541965,303.3794365321256,0.3203601221838299,,,0.319672131147541,0.28688524590163933,4305.619333509067,1832.7196754659099,11.45427592448811,0.6352941176470588,"hbonds/salt bridges NOT COMPUTABLE: binder_side_chains=False, target_side_chains=True",opus_4_8_multi_target_egfr_rank25,5112,
opus_4_8_multi_target_egfr_rank26,Axp,Bxp,False,False,96,621,25,5,3,3.3142119727018065,0,150.52687140443504,84.23634336661274,0.35091461882099223,,,0.125,0.625,4948.209750856624,1820.2853473566913,12.374120724628023,0.2604166666666667,"hbonds/salt bridges NOT COMPUTABLE: binder_side_chains=False, target_side_chains=False",opus_4_8_multi_target_egfr_rank26,2868,
opus_4_8_multi_target_egfr_rank27,Axp,Bxp,True,True,96,228,415,33,28,2.230835045448229,0,2056.194259991208,1029.7643800464134,0.3514035388237026,9.0,3.0,0.397979797979798,0.41414141414141414,5697.4802133972225,1581.1035508138618,12.741526742114143,4.322916666666667,,opus_4_8_multi_target_egfr_rank27,2494,
opus_4_8_multi_target_egfr_rank28,Axp,Bxp,True,True,77,228,372,25,25,1.5761081815662283,4,1810.7792021461942,885.750918054272,0.5921183220435968,13.0,6.0,0.4852941176470588,0.33088235294117646,5137.716588747202,1629.1041361954394,12.139849046177453,4.8311688311688314,,opus_4_8_multi_target_egfr_rank28,2365,
opus_4_8_multi_target_egfr_rank29,Axp,Bxp,True,True,77,228,341,22,25,0.9510378541362062,5,1683.180329564385,812.364324439703,0.5998473086501822,9.0,7.0,0.4961038961038961,0.3064935064935065,5040.768282435385,1850.170457747086,12.183218049556787,4.428571428571429,,opus_4_8_multi_target_egfr_rank29,2351,
opus_4_8_multi_target_egfr_rank30,Axp,Bxp,False,False,85,621,0,0,0,,0,61.087162762075515,28.98717491450615,0.7991129909320003,,,,,4305.619333509067,2010.7223152183078,11.45427592448811,0.0,"hbonds/salt bridges NOT COMPUTABLE: binder_side_chains=False, target_side_chains=False",opus_4_8_multi_target_egfr_rank30,2824,
opus_4_8_multi_target_mature_gdf8_rank01,Axp,"Bxp,Cxp",True,True,80,218,816,50,37,1.4063495298111344,2,3306.3640251313464,1685.2421704820342,0.40652605701245453,14.0,3.0,0.5383542538354253,0.2510460251046025,5569.80038333864,1309.2606369982366,13.679539905907612,10.2,,opus_4_8_multi_target_mature_gdf8_rank01,2379,
opus_4_8_multi_target_mature_gdf8_rank02,Axp,"Bxp,Cxp",False,False,88,218,57,8,10,3.369539731179913,0,396.506500767496,193.24836546821558,0.16546598700208281,,,0.3888888888888889,0.1111111111111111,4706.651435085043,1854.6359994994896,14.507756076669788,0.6477272727272727,"hbonds/salt bridges NOT COMPUTABLE: binder_side_chains=False, target_side_chains=False",opus_4_8_multi_target_mature_gdf8_rank02,1224,
opus_4_8_multi_target_mature_gdf8_rank03,Axp,"Bxp,Cxp",True,True,75,218,700,27,30,2.253414520233683,0,2260.937084660378,1094.934657121261,0.5363638440124688,17.0,2.0,0.6193548387096774,0.27956989247311825,5966.6605181661425,1689.5526541483355,13.495045512648998,9.333333333333334,,opus_4_8_multi_target_mature_gdf8_rank03,2328,
opus_4_8_multi_target_mature_gdf8_rank04,Axp,"Bxp,Cxp",False,False,75,218,120,8,11,2.667579052249436,0,486.9136560379793,232.09913054170514,0.5270341407532707,,,0.47368421052631576,0.2631578947368421,4310.853035642568,1620.7068229415759,13.04012693247654,1.6,"hbonds/salt bridges NOT COMPUTABLE: binder_side_chains=False, target_side_chains=False",opus_4_8_multi_target_mature_gdf8_rank04,1172,
opus_4_8_multi_target_mature_gdf8_rank05,Axp,"Bxp,Cxp",True,True,80,218,859,53,39,2.2489964428606823,0,3436.4031912727746,1764.7182770462387,0.385503926232251,19.0,2.0,0.5261780104712042,0.25654450261780104,5692.2583673612135,1175.760828980599,13.64619499776549,10.7375,,opus_4_8_multi_target_mature_gdf8_rank05,2391,
opus_4_8_multi_target_mature_gdf8_rank06,Axp,"Bxp,Cxp",True,True,89,218,776,38,36,2.4338646223650167,0,3092.330746075996,1573.6522257443885,0.6654967241992826,14.0,0.0,0.6396103896103896,0.2353896103896104,7418.7421915171035,2467.2422916516703,14.864705502873562,8.719101123595506,,opus_4_8_multi_target_mature_gdf8_rank06,2434,
opus_4_8_multi_target_mature_gdf8_rank07,Axp,"Bxp,Cxp",True,True,75,218,656,25,31,2.151520625046388,1,2106.848698937356,1017.8636992562513,0.5522404873982775,16.0,1.0,0.6009070294784581,0.2743764172335601,5754.671883223436,1861.4749462061877,13.40847589901652,8.746666666666666,,opus_4_8_multi_target_mature_gdf8_rank07,2311,
opus_4_8_multi_target_mature_gdf8_rank08,Axp,"Bxp,Cxp",True,True,80,218,779,49,38,1.8066228161960092,1,3290.2784560855343,1617.3596198783578,0.38485104311111323,17.0,5.0,0.5178082191780822,0.3150684931506849,5579.431058550106,1176.5314889767214,13.698576341331176,9.7375,,opus_4_8_multi_target_mature_gdf8_rank08,2402,
opus_4_8_multi_target_mature_gdf8_rank09,Axp,"Bxp,Cxp",True,True,85,218,447,23,26,2.7253779554403095,0,1910.4393858729848,957.067830428656,0.4663124639145986,16.0,4.0,0.5063938618925832,0.31202046035805625,6209.640104113305,1161.9740179158125,13.596519042336974,5.258823529411765,,opus_4_8_multi_target_mature_gdf8_rank09,2410,
opus_4_8_multi_target_mature_gdf8_rank10,Axp,"Bxp,Cxp",True,True,85,218,653,28,34,1.9724994296577123,2,2229.2156997048614,1108.169613288698,0.5151597409551565,17.0,0.0,0.5769230769230769,0.3,6462.31080678277,1402.187103713126,13.829217846598656,7.682352941176471,,opus_4_8_multi_target_mature_gdf8_rank10,2427,
opus_4_8_multi_target_mature_gdf8_rank11,Axp,"Bxp,Cxp",True,True,78,218,524,16,20,1.8399896738840682,2,1602.1758381742097,794.1871239824264,0.5414408408609938,12.0,4.0,0.6072607260726073,0.25412541254125415,5798.796084747947,1124.4207989037482,12.466699446403663,6.717948717948718,,opus_4_8_multi_target_mature_gdf8_rank11,2376,
opus_4_8_multi_target_mature_gdf8_rank12,Axp,"Bxp,Cxp",False,False,88,218,21,4,8,3.3440725171562886,0,230.2194473615699,111.4882527493593,0.3967989255833937,,,0.5,0.08333333333333333,4664.1132871003465,1624.6828772403528,14.459656628541241,0.23863636363636365,"hbonds/salt bridges NOT COMPUTABLE: binder_side_chains=False, target_side_chains=False",opus_4_8_multi_target_mature_gdf8_rank12,1224,
opus_4_8_multi_target_mature_gdf8_rank13,Axp,"Bxp,Cxp",True,True,85,218,453,22,28,2.69669890792428,0,1874.7446920974885,934.9722170682464,0.5092648035463052,16.0,5.0,0.5331632653061225,0.30612244897959184,6122.474129983531,1164.1163655599848,13.555345443114103,5.329411764705882,,opus_4_8_multi_target_mature_gdf8_rank13,2410,
opus_4_8_multi_target_mature_gdf8_rank14,Axp,"Bxp,Cxp",True,True,78,218,522,16,21,2.3087585408613,0,1568.6825403256746,773.6518440793654,0.5044003237497884,15.0,4.0,0.5681818181818182,0.29545454545454547,5349.8141276822,890.6925750028761,12.331525451756717,6.6923076923076925,,opus_4_8_multi_target_mature_gdf8_rank14,2359,
opus_4_8_multi_target_mature_gdf8_rank15,Axp,"Bxp,Cxp",True,True,89,218,792,37,37,2.5222260009761235,0,2990.9223753102697,1528.1701459204057,0.6564260427017574,17.0,0.0,0.6429725363489499,0.2245557350565428,7387.961085242807,2319.283508332363,14.83995827358748,8.898876404494382,,opus_4_8_multi_target_mature_gdf8_rank15,2441,
opus_4_8_multi_target_mature_gdf8_rank16,Axp,"Bxp,Cxp",False,False,89,218,82,10,14,2.5647194778376834,0,532.7754861182882,253.69157003179765,0.637514299591511,,,0.5833333333333334,0.2916666666666667,4981.529892313552,2232.5267881116615,14.177820282575665,0.9213483146067416,"hbonds/salt bridges NOT COMPUTABLE: binder_side_chains=False, target_side_chains=False",opus_4_8_multi_target_mature_gdf8_rank16,1228,
opus_4_8_multi_target_mature_gdf8_rank17,Axp,"Bxp,Cxp",True,True,77,218,698,31,27,2.5074820039234584,0,2286.637498022501,1147.680713819775,0.377338752299113,13.0,1.0,0.46680497925311204,0.3630705394190871,5850.0498849360065,1166.8737687502376,13.430077898870312,9.064935064935066,,opus_4_8_multi_target_mature_gdf8_rank17,2363,
opus_4_8_multi_target_mature_gdf8_rank18,Axp,"Bxp,Cxp",True,True,75,218,753,27,26,2.506182156188971,0,2231.50209620175,1101.56437375723,0.5467935041446276,19.0,2.0,0.6041189931350115,0.2929061784897025,5549.104308528109,1754.1354397378634,12.838342875513545,10.04,,opus_4_8_multi_target_mature_gdf8_rank18,2337,
opus_4_8_multi_target_mature_gdf8_rank19,Axp,"Bxp,Cxp",False,False,75,218,187,15,14,2.106756274465559,1,694.1199537569123,345.75286944808533,0.5096945412414045,,,0.5862068965517241,0.1724137931034483,4364.026403578365,1758.4060934729566,12.419228027870512,2.493333333333333,"hbonds/salt bridges NOT COMPUTABLE: binder_side_chains=False, target_side_chains=False",opus_4_8_multi_target_mature_gdf8_rank19,1172,
opus_4_8_multi_target_mature_gdf8_rank20,Axp,"Bxp,Cxp",False,False,77,218,106,9,11,2.686198242870396,0,531.1131738315844,259.39350606166914,0.5613060067994947,,,0.5,0.25,4364.188414145601,1559.175507273775,13.011656118427618,1.3766233766233766,"hbonds/salt bridges NOT COMPUTABLE: binder_side_chains=False, target_side_chains=False",opus_4_8_multi_target_mature_gdf8_rank20,1180,
opus_4_8_multi_target_mature_gdf8_rank21,Axp,"Bxp,Cxp",False,False,75,218,187,15,14,2.106756274465559,1,694.1199537569123,345.75286944808533,0.5096945412414046,,,0.5862068965517241,0.1724137931034483,4364.026403578365,1959.9317360374716,12.419228027870512,2.493333333333333,"hbonds/salt bridges NOT COMPUTABLE: binder_side_chains=False, target_side_chains=False",opus_4_8_multi_target_mature_gdf8_rank21,1172,
opus_4_8_multi_target_mature_gdf8_rank22,Axp,"Bxp,Cxp",True,True,78,218,548,17,25,2.308972498753505,0,1675.3255147254022,825.4831236335481,0.6226257771801224,13.0,2.0,0.5791044776119403,0.2656716417910448,5449.312560364626,1337.8513156016627,12.521980435305567,7.0256410256410255,,opus_4_8_multi_target_mature_gdf8_rank22,2358,
opus_4_8_multi_target_mature_gdf8_rank23,Axp,"Bxp,Cxp",False,False,77,218,119,13,11,2.4903270869506287,0,534.0945589189396,255.58692019790539,0.48416730066796204,,,0.5,0.25,4410.673782072155,1757.8890556176682,12.996324716149301,1.5454545454545454,"hbonds/salt bridges NOT COMPUTABLE: binder_side_chains=False, target_side_chains=False",opus_4_8_multi_target_mature_gdf8_rank23,1180,
opus_4_8_multi_target_mature_gdf8_rank24,Axp,"Bxp,Cxp",False,False,86,218,116,9,12,2.5183085593310435,0,443.3302318819401,212.63166432250074,0.23797871592117575,,,0.47619047619047616,0.23809523809523808,4825.058717835571,1852.932901144683,15.04694256883818,1.3488372093023255,"hbonds/salt bridges NOT COMPUTABLE: binder_side_chains=False, target_side_chains=False",opus_4_8_multi_target_mature_gdf8_rank24,1216,
opus_4_8_multi_target_mature_gdf8_rank25,Axp,"Bxp,Cxp",True,True,88,218,1593,57,48,0.5670793595256309,25,4068.2226855256963,2027.6919147777414,0.42293306776586215,34.0,9.0,0.5769230769230769,0.24825174825174826,5794.065201348202,2092.9016529881383,14.768883580595494,18.102272727272727,,opus_4_8_multi_target_mature_gdf8_rank25,2428,
opus_4_8_multi_target_mature_gdf8_rank26,Axp,"Bxp,Cxp",True,True,77,218,280,15,19,2.808006410249093,0,1353.686786554052,645.6343201287192,0.6318930062003637,3.0,1.0,0.6571428571428571,0.19285714285714287,5279.68547492219,1237.8790214742871,12.913199473647145,3.6363636363636362,,opus_4_8_multi_target_mature_gdf8_rank26,2363,
opus_4_8_multi_target_mature_gdf8_rank27,Axp,"Bxp,Cxp",True,True,86,218,896,34,32,1.8583802086763617,2,2718.3777116504243,1377.9774853379188,0.537525165045098,19.0,1.0,0.5714285714285714,0.24954792043399637,7279.563476709656,1937.9602155868786,15.466368638871252,10.418604651162791,,opus_4_8_multi_target_mature_gdf8_rank27,2438,
opus_4_8_multi_target_mature_gdf8_rank28,Axp,"Bxp,Cxp",False,True,70,201,39,6,11,3.7300309650189227,0,480.79668830037156,225.8015895220085,0.5849329831757143,,,0.5638297872340425,0.1276595744680851,3771.448802684304,1095.882926375099,12.689663825850026,0.5571428571428572,"hbonds/salt bridges NOT COMPUTABLE: binder_side_chains=False, target_side_chains=True",opus_4_8_multi_target_mature_gdf8_rank28,1869,
opus_4_8_multi_target_mature_gdf8_rank29,Axp,"Bxp,Cxp",False,True,70,201,211,14,19,1.7495519426413153,4,1147.945112989321,583.9722049337414,0.5764157329522887,,,0.601010101010101,0.25252525252525254,4322.548324568678,1964.9806988638436,13.082111979352039,3.0142857142857142,"hbonds/salt bridges NOT COMPUTABLE: binder_side_chains=False, target_side_chains=True",opus_4_8_multi_target_mature_gdf8_rank29,1869,
opus_4_8_multi_target_mature_gdf8_rank30,Axp,"Bxp,Cxp",True,True,86,218,751,28,28,1.9769595342343254,1,2574.3195434289123,1288.4721037500008,0.6241624093386198,15.0,1.0,0.6207627118644068,0.2266949152542373,7302.661490331235,2148.6161049713396,15.269620307890966,8.732558139534884,,opus_4_8_multi_target_mature_gdf8_rank30,2453,
opus_4_8_multi_target_il7ra_rank01,Axp,Bxp,False,False,90,193,4,1,1,4.40711458893458,0,83.64256869598577,41.31712019303495,0.3962611397017864,,,0.0,0.0,4853.378222356598,1797.9010899269092,12.025350106435072,0.044444444444444446,"hbonds/salt bridges NOT COMPUTABLE: binder_side_chains=False, target_side_chains=False",opus_4_8_multi_target_il7ra_rank01,1132,
opus_4_8_multi_target_il7ra_rank04,Axp,Bxp,False,False,75,193,14,3,4,4.034179718356634,0,145.77131967280974,67.97043324338622,0.5797791166837681,,,0.5714285714285714,0.14285714285714285,3855.896110827155,1480.7079202468658,12.589941263837042,0.18666666666666668,"hbonds/salt bridges NOT COMPUTABLE: binder_side_chains=False, target_side_chains=False",opus_4_8_multi_target_il7ra_rank04,1072,
opus_4_8_multi_target_il7ra_rank05,Axp,Bxp,False,False,89,193,0,0,0,,0,7.43180621772598,3.937918095782332,1.0,,,,,4405.483638803749,1711.979323078941,12.03986398433517,0.0,"hbonds/salt bridges NOT COMPUTABLE: binder_side_chains=False, target_side_chains=False",opus_4_8_multi_target_il7ra_rank05,1128,
opus_4_8_multi_target_il7ra_rank06,Axp,Bxp,False,False,75,193,14,3,4,4.034179718356634,0,145.77131967280974,67.97043324338622,0.560467199683614,,,0.5714285714285714,0.14285714285714285,3855.896110827155,1270.0244121652502,12.589941263837042,0.18666666666666668,"hbonds/salt bridges NOT COMPUTABLE: binder_side_chains=False, target_side_chains=False",opus_4_8_multi_target_il7ra_rank06,1072,
opus_4_8_multi_target_il7ra_rank07,Axp,Bxp,False,True,75,193,80,6,14,3.530075070023298,0,607.4205197952941,294.2779694327061,0.5716815432641285,,,0.5454545454545454,0.41818181818181815,4013.145348532643,1562.1461016733201,12.70350839320601,1.0666666666666667,"hbonds/salt bridges NOT COMPUTABLE: binder_side_chains=False, target_side_chains=True",opus_4_8_multi_target_il7ra_rank07,1881,
opus_4_8_multi_target_il7ra_rank09,Axp,Bxp,False,True,75,193,48,8,13,3.511436885378974,0,617.311086673803,300.31208107885,0.43062293990374884,,,0.6554621848739496,0.24369747899159663,4040.635841388782,1395.0098894322273,12.73738782721952,0.64,"hbonds/salt bridges NOT COMPUTABLE: binder_side_chains=False, target_side_chains=True",opus_4_8_multi_target_il7ra_rank09,1881,
opus_4_8_multi_target_il7ra_rank10,Axp,Bxp,False,True,75,193,70,6,11,3.4448280073176374,0,565.6861960978625,275.9963178492469,0.5416847594397755,,,0.6060606060606061,0.35353535353535354,4007.2786974340333,1388.1164975589327,12.706756176277072,0.9333333333333333,"hbonds/salt bridges NOT COMPUTABLE: binder_side_chains=False, target_side_chains=True",opus_4_8_multi_target_il7ra_rank10,1881,
opus_4_8_multi_target_il7ra_rank11,Axp,Bxp,False,False,76,193,7,3,3,4.215920540048164,0,144.39941347918406,74.07014953959617,0.06554104267745083,,,0.16666666666666666,0.5,3899.700621151416,1564.9785342915998,12.601664579282684,0.09210526315789473,"hbonds/salt bridges NOT COMPUTABLE: binder_side_chains=False, target_side_chains=False",opus_4_8_multi_target_il7ra_rank11,1076,
opus_4_8_multi_target_il7ra_rank12,Axp,Bxp,False,True,75,193,49,8,12,3.526106918401653,0,578.7663400429701,278.4643803561041,0.367181851411987,,,0.6086956521739131,0.28695652173913044,4069.6870091797323,1219.970222302415,12.72460422104707,0.6533333333333333,"hbonds/salt bridges NOT COMPUTABLE: binder_side_chains=False, target_side_chains=True",opus_4_8_multi_target_il7ra_rank12,1881,
opus_4_8_multi_target_il7ra_rank14,Axp,Bxp,False,True,75,193,58,8,11,3.7979622167683558,0,535.728651508155,264.25472457924303,0.41624708440965197,,,0.40186915887850466,0.5233644859813084,3891.666653576588,1131.9827490119237,13.069860446835945,0.7733333333333333,"hbonds/salt bridges NOT COMPUTABLE: binder_side_chains=False, target_side_chains=True",opus_4_8_multi_target_il7ra_rank14,1881,
opus_4_8_multi_target_il7ra_rank15,Axp,Bxp,False,False,76,193,7,3,3,4.215920540048164,0,144.39941347918406,74.07014953959617,0.049817713087591774,,,0.16666666666666666,0.5,3899.700621151416,1475.8773117690168,12.601664579282684,0.09210526315789473,"hbonds/salt bridges NOT COMPUTABLE: binder_side_chains=False, target_side_chains=False",opus_4_8_multi_target_il7ra_rank15,1076,
opus_4_8_multi_target_il7ra_rank16,Axp,Bxp,False,True,75,193,65,5,11,3.5761398182957,0,440.40274559724173,212.8287241364718,0.3946773415742374,,,0.5333333333333333,0.37777777777777777,4071.314080992321,1457.81964208266,12.725007366878025,0.8666666666666667,"hbonds/salt bridges NOT COMPUTABLE: binder_side_chains=False, target_side_chains=True",opus_4_8_multi_target_il7ra_rank16,1881,
opus_4_8_multi_target_il7ra_rank17,Axp,Bxp,False,True,60,193,48,6,13,3.680895271533816,0,492.83064091453815,243.35895374873178,0.6111762282170371,,,0.8181818181818182,0.14545454545454545,3264.684255873299,1443.7431215388187,10.699105311711524,0.8,"hbonds/salt bridges NOT COMPUTABLE: binder_side_chains=False, target_side_chains=True",opus_4_8_multi_target_il7ra_rank17,1821,
opus_4_8_multi_target_il7ra_rank18,Axp,Bxp,True,True,57,193,336,18,20,2.5790094997886306,0,1527.2574586181443,753.3381284129734,0.45637202317254927,12.0,3.0,0.5736196319018405,0.36503067484662577,4844.877441431643,1096.7190817484998,13.842433536572722,5.894736842105263,,opus_4_8_multi_target_il7ra_rank18,2055,
opus_4_8_multi_target_il7ra_rank20,Axp,Bxp,False,True,60,193,63,7,15,3.6664301438865574,0,563.006376587055,270.0844278164262,0.5795787485349505,,,0.7401574803149606,0.16535433070866143,3210.682941682297,1407.813409314637,10.730169140214963,1.05,"hbonds/salt bridges NOT COMPUTABLE: binder_side_chains=False, target_side_chains=True",opus_4_8_multi_target_il7ra_rank20,1821,
opus_4_8_multi_target_il7ra_rank22,Axp,Bxp,False,True,75,193,66,9,16,3.2264553305446526,0,614.51097148256,295.8625751080783,0.5659024760120691,,,0.7,0.24285714285714285,4061.4086939919466,1752.9153407648987,12.847349072658703,0.88,"hbonds/salt bridges NOT COMPUTABLE: binder_side_chains=False, target_side_chains=True",opus_4_8_multi_target_il7ra_rank22,1881,
opus_4_8_multi_target_il7ra_rank23,Axp,Bxp,False,True,75,193,38,6,11,3.5730000000000004,0,483.4146184359034,229.3722417774877,0.5446810786205428,,,0.5222222222222223,0.3888888888888889,3940.7514162420175,1307.6404630303866,13.13740729061146,0.5066666666666667,"hbonds/salt bridges NOT COMPUTABLE: binder_side_chains=False, target_side_chains=True",opus_4_8_multi_target_il7ra_rank23,1881,
opus_4_8_multi_target_il7ra_rank26,Axp,Bxp,False,False,89,193,2,1,1,4.722089156295126,0,67.21093273073316,32.400610946320924,0.9189744065360084,,,0.5,0.5,4305.79505781119,1770.3015291692966,12.386055681913884,0.02247191011235955,"hbonds/salt bridges NOT COMPUTABLE: binder_side_chains=False, target_side_chains=False",opus_4_8_multi_target_il7ra_rank26,1128,
opus_4_8_multi_target_il7ra_rank28,Axp,Bxp,False,True,59,193,68,5,13,3.402701426807824,0,483.9326397462833,223.54909490758155,0.6356909686567179,,,0.6382978723404256,0.23404255319148937,2881.899903998319,982.5658159511004,10.356463098142568,1.152542372881356,"hbonds/salt bridges NOT COMPUTABLE: binder_side_chains=False, target_side_chains=True",opus_4_8_multi_target_il7ra_rank28,1817,
opus_4_8_multi_target_il7ra_rank30,Axp,Bxp,False,False,89,193,12,4,3,3.8935027931157316,0,136.8186821105794,66.0176465681118,0.7110151459601808,,,0.42857142857142855,0.14285714285714285,4486.980048967083,1547.6562841272512,12.745540066816588,0.1348314606741573,"hbonds/salt bridges NOT COMPUTABLE: binder_side_chains=False, target_side_chains=False",opus_4_8_multi_target_il7ra_rank30,1128,
opus_4_8_multi_target_mbp_rank01,Axp,Bxp,False,True,80,370,212,13,22,0.8263873183925323,7,1068.5154200417992,502.6396902932356,0.534133473366535,,,0.3842364532019704,0.35960591133004927,4285.362002601258,1944.8362194277902,13.178054444922802,2.65,"hbonds/salt bridges NOT COMPUTABLE: binder_side_chains=False, target_side_chains=True",opus_4_8_multi_target_mbp_rank01,3197,
opus_4_8_multi_target_mbp_rank02,Axp,Bxp,False,True,80,370,179,13,19,2.3032127561300104,0,845.0496183168332,408.8873261879144,0.3468559816045091,,,0.385,0.38,4254.405335934019,2032.418317993181,13.324521137559266,2.2375,"hbonds/salt bridges NOT COMPUTABLE: binder_side_chains=False, target_side_chains=True",opus_4_8_multi_target_mbp_rank02,3197,
opus_4_8_multi_target_mbp_rank03,Axp,Bxp,False,True,80,370,149,14,20,3.375115553577388,0,1115.412377583269,542.056734272084,0.5605082104260728,,,0.45145631067961167,0.3737864077669903,4255.667122475587,1875.4809858018004,13.136142813443955,1.8625,"hbonds/salt bridges NOT COMPUTABLE: binder_side_chains=False, target_side_chains=True",opus_4_8_multi_target_mbp_rank03,3197,
opus_4_8_multi_target_mbp_rank04,Axp,Bxp,False,True,80,370,179,15,22,3.003988182400191,0,1090.0467350661315,540.8421672340091,0.5072604520324205,,,0.46255506607929514,0.34801762114537443,4219.822561071416,1989.9394368368485,13.19795857773761,2.2375,"hbonds/salt bridges NOT COMPUTABLE: binder_side_chains=False, target_side_chains=True",opus_4_8_multi_target_mbp_rank04,3197,
opus_4_8_multi_target_mbp_rank05,Axp,Bxp,False,True,97,370,154,11,16,2.8242861044872924,0,625.3457235444574,306.7521138140347,0.43099384162581467,,,0.4117647058823529,0.18382352941176472,5041.188900714404,1983.6296982421968,12.024262519809122,1.5876288659793814,"hbonds/salt bridges NOT COMPUTABLE: binder_side_chains=False, target_side_chains=True",opus_4_8_multi_target_mbp_rank05,3265,
opus_4_8_multi_target_mbp_rank06,Axp,Bxp,False,True,80,370,105,9,15,1.8462207343652053,1,926.9742958543435,456.2385307088963,0.4695998755037303,,,0.30344827586206896,0.45517241379310347,4131.463246142626,1661.063968033363,13.26372033276084,1.3125,"hbonds/salt bridges NOT COMPUTABLE: binder_side_chains=False, target_side_chains=True",opus_4_8_multi_target_mbp_rank06,3198,
opus_4_8_multi_target_mbp_rank07,Axp,Bxp,False,True,66,370,240,18,20,3.0976064953444293,0,1173.643108691011,575.9578108470548,0.46823852667294413,,,0.48659003831417624,0.3371647509578544,3491.15294210665,1167.4489807060118,14.712647778425302,3.6363636363636362,"hbonds/salt bridges NOT COMPUTABLE: binder_side_chains=False, target_side_chains=True",opus_4_8_multi_target_mbp_rank07,3141,
opus_4_8_multi_target_mbp_rank08,Axp,Bxp,False,True,97,370,125,8,16,2.688247198454785,0,643.2462999390361,312.9138697356038,0.6355683135707146,,,0.4491525423728814,0.2457627118644068,5084.140687178792,2089.9608354233096,12.179227439481181,1.288659793814433,"hbonds/salt bridges NOT COMPUTABLE: binder_side_chains=False, target_side_chains=True",opus_4_8_multi_target_mbp_rank08,3265,
opus_4_8_multi_target_mbp_rank09,Axp,Bxp,False,True,66,370,235,17,19,2.925179310743189,0,1169.5441088466905,572.0845822417393,0.45546036162942427,,,0.5,0.3333333333333333,3514.7008181371248,1227.047656868816,14.654454689580467,3.5606060606060606,"hbonds/salt bridges NOT COMPUTABLE: binder_side_chains=False, target_side_chains=True",opus_4_8_multi_target_mbp_rank09,3141,
opus_4_8_multi_target_mbp_rank10,Axp,Bxp,False,True,68,370,194,16,21,1.4251754277982784,2,1050.290112239627,523.433605226278,0.4375651091257717,,,0.4297872340425532,0.37446808510638296,3703.3783438626474,1471.7303548298844,11.76958536336349,2.8529411764705883,"hbonds/salt bridges NOT COMPUTABLE: binder_side_chains=False, target_side_chains=True",opus_4_8_multi_target_mbp_rank10,3149,
opus_4_8_multi_target_mbp_rank11,Axp,Bxp,False,True,80,370,104,12,19,2.3055277053204093,0,1030.3842299360651,486.41901910422075,0.46618615140630987,,,0.30434782608695654,0.4673913043478261,4365.857460367861,1865.5182852241455,13.23989399015701,1.3,"hbonds/salt bridges NOT COMPUTABLE: binder_side_chains=False, target_side_chains=True",opus_4_8_multi_target_mbp_rank11,3198,
opus_4_8_multi_target_mbp_rank12,Axp,Bxp,False,True,80,370,105,9,15,1.8462207343652053,1,926.9742958543435,456.2385307088963,0.45140672641513613,,,0.30344827586206896,0.4827586206896552,4131.463246142626,1582.148389894052,13.26372033276084,1.3125,"hbonds/salt bridges NOT COMPUTABLE: binder_side_chains=False, target_side_chains=True",opus_4_8_multi_target_mbp_rank12,3198,
opus_4_8_multi_target_mbp_rank13,Axp,Bxp,False,True,68,370,156,15,20,1.1948376458749541,1,1044.79246168683,498.736862421484,0.38487870168238797,,,0.3893805309734513,0.42920353982300885,3726.1390733651174,1702.0877864044396,11.709612180586486,2.2941176470588234,"hbonds/salt bridges NOT COMPUTABLE: binder_side_chains=False, target_side_chains=True",opus_4_8_multi_target_mbp_rank13,3149,
opus_4_8_multi_target_mbp_rank14,Axp,Bxp,False,True,80,370,204,13,24,2.344060792727015,0,1259.0959586876847,611.6349117036909,0.4892263310501802,,,0.3380281690140845,0.4272300469483568,4297.731613901813,1609.3983187075169,13.274744295763671,2.55,"hbonds/salt bridges NOT COMPUTABLE: binder_side_chains=False, target_side_chains=True",opus_4_8_multi_target_mbp_rank14,3198,
opus_4_8_multi_target_mbp_rank15,Axp,Bxp,False,False,80,370,4,3,2,4.778753080040858,0,169.92608310846558,82.70548624381391,0.7056046813743543,,,0.6,0.2,4296.500369104477,1854.8468140256437,13.218608458517108,0.05,"hbonds/salt bridges NOT COMPUTABLE: binder_side_chains=False, target_side_chains=False",opus_4_8_multi_target_mbp_rank15,1800,
opus_4_8_multi_target_mbp_rank16,Axp,Bxp,False,False,75,370,52,6,9,3.1210430948642793,0,317.9081278725079,142.876847429171,0.7918019891787879,,,0.4666666666666667,0.13333333333333333,3895.7755699264144,1756.5968366046554,11.127740191304692,0.6933333333333334,"hbonds/salt bridges NOT COMPUTABLE: binder_side_chains=False, target_side_chains=False",opus_4_8_multi_target_mbp_rank16,1780,
opus_4_8_multi_target_mbp_rank17,Axp,Bxp,True,True,80,370,749,38,31,1.552672534696225,5,2783.871449836705,1420.993715429,0.4485779287216834,16.0,5.0,0.4214046822742475,0.3712374581939799,5553.117174097328,1196.852020533262,13.406125415772816,9.3625,,opus_4_8_multi_target_mbp_rank17,3532,
opus_4_8_multi_target_mbp_rank18,Axp,Bxp,True,True,80,370,613,32,29,1.010866460023282,24,2428.251083727467,1170.3586145489785,0.5151051874723291,38.0,10.0,0.36738703339882123,0.36345776031434185,5560.868029537673,1394.3978388878154,13.321530956458123,7.6625,,opus_4_8_multi_target_mbp_rank18,3528,
opus_4_8_multi_target_mbp_rank19,Axp,Bxp,False,False,75,370,52,6,9,3.1210430948642793,0,317.9081278725079,142.876847429171,0.41539871719420934,,,0.3333333333333333,0.2,3895.7755699264144,1511.7273914489792,11.127740191304692,0.6933333333333334,"hbonds/salt bridges NOT COMPUTABLE: binder_side_chains=False, target_side_chains=False",opus_4_8_multi_target_mbp_rank19,1780,
opus_4_8_multi_target_mbp_rank20,Axp,Bxp,False,False,80,370,1,1,1,4.708625914213189,0,112.83323685985357,57.14924466629317,0.08151494430288558,,,0.0,0.5,4032.4408193836125,1444.8124787008055,11.895714710267978,0.0125,"hbonds/salt bridges NOT COMPUTABLE: binder_side_chains=False, target_side_chains=False",opus_4_8_multi_target_mbp_rank20,1800,
opus_4_8_multi_target_mbp_rank21,Axp,Bxp,False,False,80,370,16,3,5,4.008479636969608,0,229.01418216956944,112.84244309223844,0.3312512656846547,,,0.375,0.375,4103.300261231239,1738.569681344334,13.187150746861477,0.2,"hbonds/salt bridges NOT COMPUTABLE: binder_side_chains=False, target_side_chains=False",opus_4_8_multi_target_mbp_rank21,1800,
opus_4_8_multi_target_mbp_rank22,Axp,Bxp,False,True,80,370,88,11,12,2.3593545727592535,0,813.2760965823657,400.48978072937643,0.6953187864258316,,,0.5374149659863946,0.2925170068027211,4000.518468111956,1623.3396278353675,13.154643819611378,1.1,"hbonds/salt bridges NOT COMPUTABLE: binder_side_chains=False, target_side_chains=True",opus_4_8_multi_target_mbp_rank22,3198,
opus_4_8_multi_target_mbp_rank23,Axp,Bxp,False,True,75,370,243,15,20,2.280112497224641,0,1049.1808978282356,531.0707350125639,0.4338245281390748,,,0.4351851851851852,0.4212962962962963,3885.7072981765004,1673.6980741171533,10.855790882872402,3.24,"hbonds/salt bridges NOT COMPUTABLE: binder_side_chains=False, target_side_chains=True",opus_4_8_multi_target_mbp_rank23,3177,
opus_4_8_multi_target_mbp_rank24,Axp,Bxp,False,True,80,370,97,13,21,2.7018593597743013,0,906.0220583106585,454.3467728856924,0.48189398251635,,,0.35678391959798994,0.46733668341708545,4218.261858818408,2016.3022208622351,12.117029012517685,1.2125,"hbonds/salt bridges NOT COMPUTABLE: binder_side_chains=False, target_side_chains=True",opus_4_8_multi_target_mbp_rank24,3198,
opus_4_8_multi_target_mbp_rank25,Axp,Bxp,False,True,68,370,115,9,11,2.357219336421623,0,563.6063661474966,279.5798642937043,0.2977295047712088,,,0.35537190082644626,0.45454545454545453,3518.7274520776245,1350.9906307614456,11.414105312343773,1.6911764705882353,"hbonds/salt bridges NOT COMPUTABLE: binder_side_chains=False, target_side_chains=True",opus_4_8_multi_target_mbp_rank25,3149,
opus_4_8_multi_target_mbp_rank26,Axp,Bxp,False,True,75,370,238,18,20,2.3814821015493672,0,1120.8431668489386,572.2157915418716,0.30303504097031636,,,0.38866396761133604,0.4534412955465587,3916.334562024461,1656.3285361538192,10.965420005397776,3.1733333333333333,"hbonds/salt bridges NOT COMPUTABLE: binder_side_chains=False, target_side_chains=True",opus_4_8_multi_target_mbp_rank26,3177,
opus_4_8_multi_target_mbp_rank27,Axp,Bxp,False,True,68,370,125,13,14,2.369104050057742,0,698.853527999061,347.4689302873626,0.1936112315425001,,,0.3058823529411765,0.5529411764705883,3522.300877130098,1405.2787587026223,11.409633202320737,1.838235294117647,"hbonds/salt bridges NOT COMPUTABLE: binder_side_chains=False, target_side_chains=True",opus_4_8_multi_target_mbp_rank27,3149,
opus_4_8_multi_target_mbp_rank28,Axp,Bxp,False,True,92,370,288,16,25,2.20112471250495,0,1132.9029761365541,563.2585508634488,0.46573234597111574,,,0.3559322033898305,0.326271186440678,4904.334185901998,2202.3692743200036,12.778756396824022,3.130434782608696,"hbonds/salt bridges NOT COMPUTABLE: binder_side_chains=False, target_side_chains=True",opus_4_8_multi_target_mbp_rank28,3245,
opus_4_8_multi_target_mbp_rank29,Axp,Bxp,False,True,92,370,340,16,27,1.68773309501236,3,1112.8286225121687,550.739044616022,0.3400182444047363,,,0.42231075697211157,0.350597609561753,4945.234198204325,2003.261852211942,12.892787029578924,3.6956521739130435,"hbonds/salt bridges NOT COMPUTABLE: binder_side_chains=False, target_side_chains=True",opus_4_8_multi_target_mbp_rank29,3245,
opus_4_8_multi_target_mbp_rank30,Axp,Bxp,False,False,65,370,17,4,2,3.197139971912397,0,177.23484816695878,91.12248225860716,0.8161941949513376,,,0.5,0.0,3605.110049590579,1871.8834797586824,14.813062031162,0.26153846153846155,"hbonds/salt bridges NOT COMPUTABLE: binder_side_chains=False, target_side_chains=False",opus_4_8_multi_target_mbp_rank30,1740,
opus_4_8_multi_target_nipahg_rank10,Axp,Bxp,False,True,80,415,121,10,15,2.8464665815709136,0,763.487371298759,357.37892040392967,0.3743726056469754,,,0.47586206896551725,0.2206896551724138,4205.648022836783,1642.9533420221455,13.25249049805968,1.5125,"hbonds/salt bridges NOT COMPUTABLE: binder_side_chains=False, target_side_chains=True",opus_4_8_multi_target_nipahg_rank10,3600,
opus_4_8_multi_target_nipahg_rank11,Axp,Bxp,False,True,80,415,134,13,19,3.0952138859859106,0,777.4001055925603,378.5180007559122,0.4075867361124518,,,0.46703296703296704,0.1813186813186813,4267.05340161647,1609.2150955603202,14.16455220655895,1.675,"hbonds/salt bridges NOT COMPUTABLE: binder_side_chains=False, target_side_chains=True",opus_4_8_multi_target_nipahg_rank11,3600,
opus_4_8_multi_target_nipahg_rank14,Axp,Bxp,False,True,80,415,113,11,17,3.1454417813718942,0,751.9290694714443,368.7515131281217,0.5242066383650072,,,0.5370370370370371,0.16666666666666666,4216.351715848632,1798.5754123013544,13.059084465010828,1.4125,"hbonds/salt bridges NOT COMPUTABLE: binder_side_chains=False, target_side_chains=True",opus_4_8_multi_target_nipahg_rank14,3600,
opus_4_8_multi_target_nipahg_rank16,Axp,Bxp,False,True,67,415,142,10,17,2.668558037592586,0,754.1150579353045,370.6421645643475,0.5683233779316411,,,0.463768115942029,0.14492753623188406,3416.7114972926947,1460.0256138076168,10.783559926666658,2.1194029850746268,"hbonds/salt bridges NOT COMPUTABLE: binder_side_chains=False, target_side_chains=True",opus_4_8_multi_target_nipahg_rank16,3548,
opus_4_8_multi_target_nipahg_rank24,Axp,Bxp,True,True,79,415,553,35,31,2.4208754614808248,0,2328.3778727005656,1197.2175106907607,0.43161975040701456,9.0,5.0,0.3860640301318267,0.3992467043314501,6847.605058983293,1101.6247469725727,17.994435146762328,7.0,,opus_4_8_multi_target_nipahg_rank24,3948,
opus_4_8_multi_target_nipahg_rank25,Axp,Bxp,True,True,83,415,508,26,21,1.9935490964608826,1,1897.1230624558198,971.4661729921114,0.4057818818959055,19.0,8.0,0.45118733509234826,0.3403693931398417,6924.205078450431,1686.8737088198313,21.43089622582632,6.120481927710843,,opus_4_8_multi_target_nipahg_rank25,3946,
opus_4_8_multi_target_nipahg_rank26,Axp,Bxp,True,True,90,415,702,44,33,2.376147512255921,0,2828.891510654132,1444.3232780882472,0.43443503382853915,20.0,5.0,0.4141914191419142,0.2871287128712871,6484.7118649037,1718.6475173953672,14.230351013259849,7.8,,opus_4_8_multi_target_nipahg_rank26,4008,
opus_4_8_multi_target_pdl1_rank01,Axp,Bxp,True,True,90,114,689,28,26,2.2436107059826575,0,2058.0824937670004,1022.9523554228467,0.2536930254369495,27.0,8.0,0.41517857142857145,0.375,6826.725351252611,1299.521057794479,16.356492846691967,7.655555555555556,,opus_4_8_multi_target_pdl1_rank01,1665,
opus_4_8_multi_target_pdl1_rank02,Axp,Bxp,True,True,71,114,591,21,20,1.7930680410960427,1,1711.4794000740656,842.6713370643762,0.3028811093477932,25.0,15.0,0.3815028901734104,0.4595375722543353,4961.098571809129,1293.1028522986876,12.601016089783068,8.32394366197183,,opus_4_8_multi_target_pdl1_rank02,1477,
opus_4_8_multi_target_pdl1_rank03,Axp,Bxp,True,True,80,114,530,28,24,2.2780267777179435,0,1950.0794556120409,1018.6775629809099,0.5275348657944907,21.0,7.0,0.4669926650366748,0.3202933985330073,5131.7224709414495,1122.5741844010665,12.050688371627931,6.625,,opus_4_8_multi_target_pdl1_rank03,1549,
opus_4_8_multi_target_pdl1_rank04,Axp,Bxp,False,True,77,114,202,13,16,3.0675607573445056,0,827.5681713595387,414.1480050409415,0.44060153356646864,,,0.5491329479768786,0.2774566473988439,4063.081073034241,1974.226761179919,11.275459390078407,2.6233766233766236,"hbonds/salt bridges NOT COMPUTABLE: binder_side_chains=False, target_side_chains=True",opus_4_8_multi_target_pdl1_rank04,1224,
opus_4_8_multi_target_pdl1_rank05,Axp,Bxp,True,True,77,114,397,23,19,2.3936710300289805,0,1526.4108130571,746.1244989754898,0.4248855806596738,8.0,5.0,0.4666666666666667,0.3787878787878788,4683.634693099503,1514.1723564202832,11.667510933760658,5.1558441558441555,,opus_4_8_multi_target_pdl1_rank05,1518,
opus_4_8_multi_target_pdl1_rank06,Axp,Bxp,True,True,90,114,634,28,27,2.371635300799852,0,1999.3588467719096,987.9366554334804,0.3098885314298519,21.0,9.0,0.44956140350877194,0.3684210526315789,6349.236732698272,1495.8430892194745,16.307404635506508,7.044444444444444,,opus_4_8_multi_target_pdl1_rank06,1657,
opus_4_8_multi_target_pdl1_rank08,Axp,Bxp,True,True,72,114,410,22,18,2.268206780697034,0,1497.5820973442214,776.9477845459359,0.32420190826386514,11.0,8.0,0.44200626959247646,0.43260188087774293,5159.282802768186,946.2351545497295,12.706244629264061,5.694444444444445,,opus_4_8_multi_target_pdl1_rank08,1494,
opus_4_8_multi_target_pdl1_rank09,Axp,Bxp,False,True,92,114,95,11,14,2.7858433193559167,0,605.1838287578248,290.04586167356285,0.5645069254100861,,,0.4861111111111111,0.3888888888888889,4512.5843432531055,2063.67198809807,11.902968668110786,1.0326086956521738,"hbonds/salt bridges NOT COMPUTABLE: binder_side_chains=False, target_side_chains=True",opus_4_8_multi_target_pdl1_rank09,1284,
opus_4_8_multi_target_pdl1_rank11,Axp,Bxp,True,True,92,114,418,22,22,2.4464026651391633,0,1640.570894744648,838.5632266013602,0.33560457974179886,16.0,5.0,0.3323943661971831,0.4197183098591549,5678.663917380516,1081.2964297298909,12.584816394064054,4.543478260869565,,opus_4_8_multi_target_pdl1_rank11,1654,
opus_4_8_multi_target_pdl1_rank12,Axp,Bxp,False,True,92,114,73,9,13,2.9059416718165543,0,552.9925909810331,271.61620009882415,0.6774049642933436,,,0.7258064516129032,0.20967741935483872,4570.95635041657,2269.2667580585,11.983565266537802,0.7934782608695652,"hbonds/salt bridges NOT COMPUTABLE: binder_side_chains=False, target_side_chains=True",opus_4_8_multi_target_pdl1_rank12,1284,
opus_4_8_multi_target_pdl1_rank21,Axp,Bxp,True,True,65,114,534,23,23,2.4789477606436154,0,1697.046117536663,813.5760913625866,0.4583291906568348,13.0,12.0,0.4883720930232558,0.3772609819121447,5456.810599550949,825.7258867910796,15.011030118974325,8.215384615384615,,opus_4_8_multi_target_pdl1_rank21,1481,
opus_4_8_multi_target_pdl1_rank23,Axp,Bxp,True,True,90,114,393,22,21,2.1792936929197944,1,1472.8357173755007,761.8090368895221,0.22937713062285853,15.0,4.0,0.3954154727793696,0.3839541547277937,5523.121438668231,1034.9474615608965,12.874268119675525,4.366666666666666,,opus_4_8_multi_target_pdl1_rank23,1636,
opus_4_8_multi_target_pdl1_rank24,Axp,Bxp,False,True,66,114,178,10,18,2.119765553074208,1,772.8945017042744,379.73900122937766,0.6589820516945039,,,0.6442953020134228,0.2483221476510067,3472.276081647222,1449.635438083498,12.84114855343729,2.696969696969697,"hbonds/salt bridges NOT COMPUTABLE: binder_side_chains=False, target_side_chains=True",opus_4_8_multi_target_pdl1_rank24,1180,
opus_4_8_multi_target_pdl1_rank26,Axp,Bxp,True,True,88,114,627,24,18,2.441733195908186,0,1656.4317852793345,824.2471937654288,0.37415587353923585,19.0,5.0,0.46285714285714286,0.35714285714285715,5553.904648443696,1380.9446786219387,12.983001797240787,7.125,,opus_4_8_multi_target_pdl1_rank26,1604,
opus_4_8_multi_target_pdl1_rank27,Axp,Bxp,True,True,90,114,349,23,17,2.508580076457596,0,1359.1417114467604,704.98236549326,0.22710687031671317,12.0,6.0,0.45741324921135645,0.3438485804416404,5825.772175954807,1326.8546622453175,12.931994780104233,3.8777777777777778,,opus_4_8_multi_target_pdl1_rank27,1631,
opus_4_8_multi_target_pdl1_rank28,Axp,Bxp,True,True,66,114,368,17,16,2.3586375304399785,0,1310.7654735384049,672.438101808079,0.44545199527524343,8.0,11.0,0.48134328358208955,0.2873134328358209,4437.343007972251,1376.7576049105298,11.89472629327356,5.575757575757576,,opus_4_8_multi_target_pdl1_rank28,1435,
opus_4_8_multi_target_pdl1_rank29,Axp,Bxp,True,True,73,114,464,21,20,2.5375742353673125,0,1496.807763050604,728.9481143239575,0.49641152377807946,15.0,9.0,0.47706422018348627,0.3119266055045872,5148.203566502347,1380.9309239097556,12.58582078315412,6.3561643835616435,,opus_4_8_multi_target_pdl1_rank29,1487,
opus_4_8_multi_target_pdl1_rank30,Axp,Bxp,True,True,77,114,507,23,20,2.012698685844456,2,1559.5621826930383,789.8201872620502,0.5759216344040826,14.0,8.0,0.4793388429752066,0.371900826446281,5128.9712689819125,1645.6003660374695,12.162910602534824,6.584415584415584,,opus_4_8_multi_target_pdl1_rank30,1558,
opus_4_8_multi_target_rbx1_rank01,Axp,Bxp,True,True,83,72,580,28,29,2.0876479588283074,1,2547.417074762934,1244.0039661254152,0.5150001841886228,15.0,5.0,0.4093816631130064,0.3603411513859275,6179.218559947761,1525.7214383561145,16.43095644809517,6.9879518072289155,,opus_4_8_multi_target_rbx1_rank01,1257,
opus_4_8_multi_target_rbx1_rank02,Axp,Bxp,True,True,69,72,415,22,21,2.446899985753121,0,1829.2013921940566,911.9019723939052,0.5870135641789381,10.0,7.0,0.453781512605042,0.24649859943977592,5533.985858292057,1509.1880284479842,15.898545297793165,6.0144927536231885,,opus_4_8_multi_target_rbx1_rank02,1148,
opus_4_8_multi_target_rbx1_rank03,Axp,Bxp,False,False,83,72,93,12,10,2.2528393196142504,0,544.5735734196627,210.34672934915093,0.4023644666485538,,,0.5454545454545454,0.13636363636363635,4238.163356551353,1821.2566048732947,16.05563923640231,1.1204819277108433,"hbonds/salt bridges NOT COMPUTABLE: binder_side_chains=False, target_side_chains=False",opus_4_8_multi_target_rbx1_rank03,623,
opus_4_8_multi_target_rbx1_rank04,Axp,Bxp,False,False,83,72,72,8,9,2.715664927784723,0,523.1098162964809,191.5405957017242,0.37333942525995456,,,0.4117647058823529,0.17647058823529413,4355.276808515246,1827.051094954561,16.10030535152718,0.8674698795180723,"hbonds/salt bridges NOT COMPUTABLE: binder_side_chains=False, target_side_chains=False",opus_4_8_multi_target_rbx1_rank04,623,
opus_4_8_multi_target_rbx1_rank05,Axp,Bxp,False,False,69,72,8,2,4,4.041743435697025,0,224.12351463564278,71.01568827529876,0.34110986240248165,,,0.6666666666666666,0.0,3607.0915476908876,1169.3638087465715,16.19990276055431,0.11594202898550725,"hbonds/salt bridges NOT COMPUTABLE: binder_side_chains=False, target_side_chains=False",opus_4_8_multi_target_rbx1_rank05,567,
opus_4_8_multi_target_rbx1_rank06,Axp,Bxp,False,False,67,72,12,4,5,4.103538473074184,0,341.48393675940264,110.50397811189113,0.8127962480734255,,,0.6666666666666666,0.2222222222222222,3601.6836237560965,1608.1717043445703,11.912921381755114,0.1791044776119403,"hbonds/salt bridges NOT COMPUTABLE: binder_side_chains=False, target_side_chains=False",opus_4_8_multi_target_rbx1_rank06,559,
opus_4_8_multi_target_rbx1_rank07,Axp,Bxp,False,False,67,72,37,5,7,3.2390583508174107,0,469.8819348985955,163.04281262715483,0.6519397696424066,,,0.75,0.0,3670.6271448352845,1681.1844484333621,11.435322873867747,0.5522388059701493,"hbonds/salt bridges NOT COMPUTABLE: binder_side_chains=False, target_side_chains=False",opus_4_8_multi_target_rbx1_rank07,559,
opus_4_8_multi_target_rbx1_rank08,Axp,Bxp,False,False,65,72,8,1,4,3.9851560822632783,0,202.56077002567594,50.67397145699432,0.3993063436108623,,,0.4,0.4,3489.3027079428675,1693.3441876855593,16.846986695058884,0.12307692307692308,"hbonds/salt bridges NOT COMPUTABLE: binder_side_chains=False, target_side_chains=False",opus_4_8_multi_target_rbx1_rank08,551,
opus_4_8_multi_target_rbx1_rank09,Axp,Bxp,False,False,67,72,40,5,7,3.400458204418928,0,464.68777585523355,161.5821632706145,0.49535978959961235,,,0.5,0.08333333333333333,3573.868426810561,1498.8387617238545,11.38995220861129,0.5970149253731343,"hbonds/salt bridges NOT COMPUTABLE: binder_side_chains=False, target_side_chains=False",opus_4_8_multi_target_rbx1_rank09,559,
opus_4_8_multi_target_rbx1_rank10,Axp,Bxp,False,False,67,72,12,4,5,4.103538473074184,0,341.48393675940264,110.50397811189113,0.7600999834737039,,,0.5555555555555556,0.3333333333333333,3601.6836237560965,1227.7729823170375,11.912921381755114,0.1791044776119403,"hbonds/salt bridges NOT COMPUTABLE: binder_side_chains=False, target_side_chains=False",opus_4_8_multi_target_rbx1_rank10,559,
opus_4_8_multi_target_rbx1_rank11,Axp,Bxp,False,False,75,72,24,5,6,3.4269674641000027,0,283.16719430844455,97.22497135181136,0.545731335533588,,,0.6363636363636364,0.09090909090909091,4366.084829721391,2174.192452741843,11.832777764649252,0.32,"hbonds/salt bridges NOT COMPUTABLE: binder_side_chains=False, target_side_chains=False",opus_4_8_multi_target_rbx1_rank11,591,
opus_4_8_multi_target_rbx1_rank12,Axp,Bxp,False,False,75,72,19,5,6,3.8470963076065567,0,286.78043563302765,98.85768437207896,0.29515853339904663,,,0.5454545454545454,0.09090909090909091,4267.327990473492,1764.1201587822907,11.72538078518751,0.25333333333333335,"hbonds/salt bridges NOT COMPUTABLE: binder_side_chains=False, target_side_chains=False",opus_4_8_multi_target_rbx1_rank12,591,
opus_4_8_multi_target_rbx1_rank13,Axp,Bxp,True,True,83,72,695,30,33,2.258849954622568,0,2698.261834366617,1328.9162436400957,0.40550967728978093,19.0,6.0,0.42658730158730157,0.35912698412698413,6477.782085192017,1250.2184598262693,16.456959930146578,8.373493975903614,,opus_4_8_multi_target_rbx1_rank13,1254,
opus_4_8_multi_target_rbx1_rank14,Axp,Bxp,False,False,65,72,8,1,4,3.6457547915349444,0,208.580034231757,48.07274639892047,0.3601445900757132,,,0.4,0.4,3481.496259971652,936.5670397492919,17.029329153919843,0.12307692307692308,"hbonds/salt bridges NOT COMPUTABLE: binder_side_chains=False, target_side_chains=False",opus_4_8_multi_target_rbx1_rank14,551,
opus_4_8_multi_target_rbx1_rank18,Axp,Bxp,True,True,80,72,506,28,26,2.096593914954286,1,2184.114927274434,1098.2205308322414,0.6571024417215646,14.0,9.0,0.501123595505618,0.3393258426966292,5944.118306921377,1405.5922076948596,14.48876425673889,6.325,,opus_4_8_multi_target_rbx1_rank18,1246,
opus_4_8_multi_target_rbx1_rank19,Axp,Bxp,True,True,71,72,395,19,15,2.2380458482308785,0,1491.105348952285,769.8727130035743,0.5177606332283727,5.0,4.0,0.3442028985507246,0.391304347826087,5494.20930684085,1247.4681866854303,16.345020911509053,5.563380281690141,,opus_4_8_multi_target_rbx1_rank19,1197,
opus_4_8_multi_target_rbx1_rank20,Axp,Bxp,True,True,83,72,628,24,38,2.1440764365932514,1,2351.0956989746664,1127.8378682557623,0.6003069475934893,15.0,1.0,0.4716981132075472,0.27672955974842767,5825.862339663965,1466.1926148230073,14.078505395531266,7.566265060240964,,opus_4_8_multi_target_rbx1_rank20,1252,
opus_4_8_multi_target_rbx1_rank22,Axp,Bxp,False,False,83,72,42,7,9,3.4525284937274594,0,509.70502289837106,189.765513897855,0.43515726473271554,,,0.4375,0.25,4411.295694485678,1772.180133280651,13.445019233365475,0.5060240963855421,"hbonds/salt bridges NOT COMPUTABLE: binder_side_chains=False, target_side_chains=False",opus_4_8_multi_target_rbx1_rank22,623,
opus_4_8_multi_target_rbx1_rank23,Axp,Bxp,False,False,83,72,74,11,12,2.950977126309183,0,630.3141933034052,236.38498685342182,0.37380196493179313,,,0.4782608695652174,0.2608695652173913,4394.697513132491,1999.6450458626518,13.764414687148136,0.891566265060241,"hbonds/salt bridges NOT COMPUTABLE: binder_side_chains=False, target_side_chains=False",opus_4_8_multi_target_rbx1_rank23,623,
opus_4_8_multi_target_rbx1_rank24,Axp,Bxp,False,True,65,72,159,12,21,2.5173750430120125,0,1016.7711489450222,486.35514915966337,0.3939713840212006,,,0.489247311827957,0.3064516129032258,3719.159560875819,1803.6576350325593,11.391653889077743,2.4461538461538463,"hbonds/salt bridges NOT COMPUTABLE: binder_side_chains=False, target_side_chains=True",opus_4_8_multi_target_rbx1_rank24,847,
opus_4_8_multi_target_rbx1_rank25,Axp,Bxp,False,False,71,72,6,1,2,3.850701884072565,0,194.06792503694618,41.83699914081008,0.7489993274435673,,,0.6666666666666666,0.3333333333333333,3803.0253465593914,1172.8892903633314,16.108424385926796,0.08450704225352113,"hbonds/salt bridges NOT COMPUTABLE: binder_side_chains=False, target_side_chains=False",opus_4_8_multi_target_rbx1_rank25,575,
opus_4_8_multi_target_rbx1_rank29,Axp,Bxp,True,True,83,72,407,21,21,0.5251611956134468,4,1642.9546396365026,803.9104078816808,0.6584813552491147,3.0,0.0,0.45535714285714285,0.2648809523809524,6585.312791721059,2008.22242701196,17.684160869926238,4.903614457831325,,opus_4_8_multi_target_rbx1_rank29,1238,
opus_4_8_multi_target_tnfa_rank10,Axp,"Bxp,Cxp,Dxp",True,True,74,456,708,39,30,2.1089324313500426,2,2735.2014593561403,1404.9606519577987,0.37888939747095823,22.0,7.0,0.3811188811188811,0.3583916083916084,5156.607162941518,1750.0475310815198,12.871376707711189,9.567567567567568,,opus_4_8_multi_target_tnfa_rank10,4144,
opus_4_8_multi_target_tnfa_rank11,Axp,"Bxp,Cxp,Dxp",True,True,74,456,630,38,28,1.5549572341386124,7,2629.6206984098867,1374.5508955942546,0.2599265673510921,24.0,14.0,0.35431654676258995,0.3579136690647482,5294.7097593332255,1519.0721482320037,12.837309503589868,8.513513513513514,,opus_4_8_multi_target_tnfa_rank11,4168,
opus_4_8_multi_target_tnfa_rank14,Axp,"Bxp,Cxp,Dxp",True,True,74,456,629,37,29,2.3299997854077157,0,2659.93496401586,1363.483351516726,0.3215485914262109,16.0,6.0,0.3812154696132597,0.3738489871086556,4900.106954441017,1578.3867151461359,12.685814357852356,8.5,,opus_4_8_multi_target_tnfa_rank14,4139,
opus_4_8_multi_target_tnfa_rank16,Axp,"Bxp,Cxp,Dxp",True,True,74,456,632,38,29,1.9227529742533225,1,2601.375171566302,1332.9847836947747,0.24808567035183718,25.0,5.0,0.3595706618962433,0.370304114490161,5293.274119786027,1295.1591476223484,12.969764912079894,8.54054054054054,,opus_4_8_multi_target_tnfa_rank16,4164,
opus_4_8_multi_target_tnfa_rank17,Axp,"Bxp,Cxp,Dxp",True,True,74,456,601,37,29,1.7174635367308384,4,2600.8270319437433,1314.9531755683447,0.35650355221400204,19.0,11.0,0.36279926335174956,0.3756906077348066,4942.399607448485,1699.112793775179,12.664609599656025,8.121621621621621,,opus_4_8_multi_target_tnfa_rank17,4143,
opus_4_8_multi_target_tnfa_rank21,Axp,"Bxp,Cxp,Dxp",True,True,62,456,488,26,27,1.0772636631762906,10,1871.7704780368424,901.5161266040086,0.3500887348255661,23.0,1.0,0.48299319727891155,0.38095238095238093,4826.582841022811,1216.3039426983803,14.387698271731729,7.870967741935484,,opus_4_8_multi_target_tnfa_rank21,4077,
opus_4_8_multi_target_tnfa_rank25,Axp,"Bxp,Cxp,Dxp",True,True,92,456,461,39,26,1.797233871880109,6,2080.022789518436,1153.6481280879734,0.41616681988901044,18.0,4.0,0.45794392523364486,0.3383177570093458,5688.696333996884,1724.9334481813441,13.05830741565638,5.010869565217392,,opus_4_8_multi_target_tnfa_rank25,4290,
opus_4_8_multi_target_tnfa_rank26,Axp,"Bxp,Cxp,Dxp",True,True,62,456,516,28,28,1.0611903693494393,15,1983.328733665983,965.0858714946404,0.36771217832819186,18.0,0.0,0.46496815286624205,0.4118895966029724,5334.286054741415,781.3919634682948,14.576204300801392,8.32258064516129,,opus_4_8_multi_target_tnfa_rank26,4103,
opus_4_8_multi_target_tnfa_rank27,Axp,"Bxp,Cxp,Dxp",True,True,62,456,522,27,28,1.0267351167657603,15,1871.6468222181777,907.4783777329765,0.4062163218059735,22.0,1.0,0.4713656387665198,0.36784140969163,5017.053082448359,1006.5926346111642,14.548394051498024,8.419354838709678,,opus_4_8_multi_target_tnfa_rank27,4078,
opus_4_8_multi_target_tnfa_rank28,Axp,"Bxp,Cxp,Dxp",True,True,75,456,524,30,28,2.2361612195903944,0,2187.294232698965,1125.0875677967263,0.453684157312693,10.0,2.0,0.47956989247311826,0.3010752688172043,6299.309763678809,1435.8754261699564,17.217659851352956,6.986666666666666,,opus_4_8_multi_target_tnfa_rank28,4192,
opus_4_8_multi_target_tnfa_rank29,Axp,"Bxp,Cxp,Dxp",True,True,62,456,449,28,28,0.9328306384333656,10,1981.4669439048744,984.3881309175614,0.37617018320771206,16.0,0.0,0.4946004319654428,0.3779697624190065,5202.741901809734,882.3025420485098,14.445292645185432,7.241935483870968,,opus_4_8_multi_target_tnfa_rank29,4094,
opus_4_8_multi_target_tnfa_rank30,Axp,"Bxp,Cxp,Dxp",True,True,109,456,577,32,29,1.7427108193845586,2,2307.4141478550478,1155.0916216168057,0.39584811005413306,16.0,5.0,0.4245472837022133,0.38832997987927564,7107.0727202906855,2009.743545197533,14.713643388463208,5.293577981651376,,opus_4_8_multi_target_tnfa_rank30,4459,
opus_4_8_multi_target_trem2_rank01,Axp,Bxp,False,True,71,110,74,9,14,3.1377445721409516,0,652.113185680922,328.46759446336,0.5292733794583734,,,0.6291390728476821,0.31788079470198677,3935.1917943593535,2141.3359284059943,12.535897969643083,1.0422535211267605,"hbonds/salt bridges NOT COMPUTABLE: binder_side_chains=False, target_side_chains=True",opus_4_8_multi_target_trem2_rank01,1146,
opus_4_8_multi_target_trem2_rank02,Axp,Bxp,False,True,71,110,51,6,14,3.494770664864863,0,525.4570640771597,246.7806808533323,0.5968955884964118,,,0.8230088495575221,0.035398230088495575,3869.7828928338176,1492.6585933375154,12.625544095734574,0.7183098591549296,"hbonds/salt bridges NOT COMPUTABLE: binder_side_chains=False, target_side_chains=True",opus_4_8_multi_target_trem2_rank02,1146,
opus_4_8_multi_target_trem2_rank03,Axp,Bxp,False,True,71,110,67,9,14,3.151180572420438,0,644.4566053383809,315.31254402211204,0.43910426563216864,,,0.5496688741721855,0.3708609271523179,3966.402807099646,1961.239867900229,12.516067864276128,0.9436619718309859,"hbonds/salt bridges NOT COMPUTABLE: binder_side_chains=False, target_side_chains=True",opus_4_8_multi_target_trem2_rank03,1146,
opus_4_8_multi_target_trem2_rank04,Axp,Bxp,False,False,71,110,4,2,2,4.376270901121183,0,67.88342478598028,35.273802314506185,0.36793265283994975,,,0.5,0.25,3921.7361481375506,1516.9687426776377,12.568956143848933,0.056338028169014086,"hbonds/salt bridges NOT COMPUTABLE: binder_side_chains=False, target_side_chains=False",opus_4_8_multi_target_trem2_rank04,724,
opus_4_8_multi_target_trem2_rank05,Axp,Bxp,False,False,71,110,0,0,0,,0,17.340881174693973,9.188475556825452,0.0,,,,,3672.2785435022915,1275.78195438509,12.186353641154247,0.0,"hbonds/salt bridges NOT COMPUTABLE: binder_side_chains=False, target_side_chains=False",opus_4_8_multi_target_trem2_rank05,724,
opus_4_8_multi_target_trem2_rank06,Axp,Bxp,False,True,85,110,84,8,17,3.602296628541297,0,697.7253684180585,332.76448732665966,0.36035282983675637,,,0.5642857142857143,0.35,4321.364668070495,1686.9068048154822,12.964179057095327,0.9882352941176471,"hbonds/salt bridges NOT COMPUTABLE: binder_side_chains=False, target_side_chains=True",opus_4_8_multi_target_trem2_rank06,1202,
opus_4_8_multi_target_trem2_rank07,Axp,Bxp,False,False,71,110,0,0,0,,0,0.0,0.0,,,,,,3870.226007648057,1346.1667015827602,12.10383213817708,0.0,"hbonds/salt bridges NOT COMPUTABLE: binder_side_chains=False, target_side_chains=False",opus_4_8_multi_target_trem2_rank07,724,
opus_4_8_multi_target_trem2_rank08,Axp,Bxp,False,False,71,110,0,0,0,,0,17.340881174693973,9.188475556825452,0.0,,,,,3672.2785435022915,1433.0016201423389,12.186353641154247,0.0,"hbonds/salt bridges NOT COMPUTABLE: binder_side_chains=False, target_side_chains=False",opus_4_8_multi_target_trem2_rank08,724,
opus_4_8_multi_target_trem2_rank09,Axp,Bxp,False,True,71,110,48,5,13,3.691926597320157,0,420.32108435516204,187.38723264539806,0.7479253739633431,,,0.8367346938775511,0.12244897959183673,3901.436993070153,1636.961819445106,12.188128377246748,0.676056338028169,"hbonds/salt bridges NOT COMPUTABLE: binder_side_chains=False, target_side_chains=True",opus_4_8_multi_target_trem2_rank09,1146,
opus_4_8_multi_target_trem2_rank10,Axp,Bxp,False,False,85,110,0,0,0,,0,95.90955918955635,44.018247897492955,0.42040543257809143,,,,,4311.188229919608,1526.9055592636464,13.142429210552255,0.0,"hbonds/salt bridges NOT COMPUTABLE: binder_side_chains=False, target_side_chains=False",opus_4_8_multi_target_trem2_rank10,780,
opus_4_8_multi_target_trem2_rank11,Axp,Bxp,False,False,71,110,0,0,0,,0,0.0,0.0,,,,,,3870.226007648057,1258.0385942141759,12.10383213817708,0.0,"hbonds/salt bridges NOT COMPUTABLE: binder_side_chains=False, target_side_chains=False",opus_4_8_multi_target_trem2_rank11,724,
opus_4_8_multi_target_trem2_rank12,Axp,Bxp,False,False,87,110,36,4,3,2.7740558754286115,0,205.93703965048888,101.51345021043885,0.6281902047234305,,,0.2857142857142857,0.5714285714285714,4896.65355188701,2614.5850769471012,13.344128225481395,0.41379310344827586,"hbonds/salt bridges NOT COMPUTABLE: binder_side_chains=False, target_side_chains=False",opus_4_8_multi_target_trem2_rank12,788,
opus_4_8_multi_target_trem2_rank13,Axp,Bxp,False,False,71,110,4,2,2,4.376270901121183,0,67.88342478598028,35.273802314506185,0.36793265283994975,,,0.5,0.25,3921.7361481375506,1449.273963700956,12.568956143848933,0.056338028169014086,"hbonds/salt bridges NOT COMPUTABLE: binder_side_chains=False, target_side_chains=False",opus_4_8_multi_target_trem2_rank13,724,
opus_4_8_multi_target_trem2_rank14,Axp,Bxp,False,False,71,110,0,0,0,,0,18.949540522513864,7.8758361915646695,0.6666666666666665,,,,,3861.0235998107682,1383.8474419383633,12.132915185519742,0.0,"hbonds/salt bridges NOT COMPUTABLE: binder_side_chains=False, target_side_chains=False",opus_4_8_multi_target_trem2_rank14,724,
opus_4_8_multi_target_trem2_rank15,Axp,Bxp,False,False,71,110,0,0,0,,0,2.6252787305215577,1.3126393652607788,1.0,,,,,3870.5155668770285,1632.7075839464023,12.679190698432171,0.0,"hbonds/salt bridges NOT COMPUTABLE: binder_side_chains=False, target_side_chains=False",opus_4_8_multi_target_trem2_rank15,724,
opus_4_8_multi_target_trem2_rank16,Axp,Bxp,True,True,56,110,278,12,18,1.8421343599205786,1,1314.8106838528563,594.1218849106788,0.3667316988386631,7.0,5.0,0.5801526717557252,0.2900763358778626,3996.312012139784,1110.2586358123503,11.990998098159475,4.964285714285714,,opus_4_8_multi_target_trem2_rank16,1308,
opus_4_8_multi_target_trem2_rank17,Axp,Bxp,False,False,87,110,36,4,3,2.7740558754286115,0,205.93703965048888,101.51345021043885,0.6281902047234306,,,0.2857142857142857,0.5714285714285714,4896.65355188701,2708.024743310602,13.344128225481395,0.41379310344827586,"hbonds/salt bridges NOT COMPUTABLE: binder_side_chains=False, target_side_chains=False",opus_4_8_multi_target_trem2_rank17,788,
opus_4_8_multi_target_trem2_rank18,Axp,Bxp,False,True,85,110,63,6,16,3.5809098005953737,0,526.6725735930306,232.7653120934481,0.6151112211721758,,,0.768595041322314,0.19834710743801653,4487.2187553723625,2539.517731262861,14.78613008828131,0.7411764705882353,"hbonds/salt bridges NOT COMPUTABLE: binder_side_chains=False, target_side_chains=True",opus_4_8_multi_target_trem2_rank18,1202,
opus_4_8_multi_target_trem2_rank19,Axp,Bxp,False,True,71,110,71,7,13,3.180774905585116,0,619.1928870142049,306.67455745278653,0.6404786024963883,,,0.8373983739837398,0.13008130081300814,3781.118256076394,1955.0726483392625,12.755965232691834,1.0,"hbonds/salt bridges NOT COMPUTABLE: binder_side_chains=False, target_side_chains=True",opus_4_8_multi_target_trem2_rank19,1147,
opus_4_8_multi_target_trem2_rank20,Axp,Bxp,False,True,71,110,37,7,12,3.966034543470342,0,485.83274327866695,231.62473639191458,0.7778732318634387,,,0.8938053097345132,0.07079646017699115,3937.959564805363,1856.3972173183874,12.440355366524207,0.5211267605633803,"hbonds/salt bridges NOT COMPUTABLE: binder_side_chains=False, target_side_chains=True",opus_4_8_multi_target_trem2_rank20,1147,
opus_4_8_multi_target_trem2_rank21,Axp,Bxp,False,False,85,110,0,0,0,,0,0.0,0.0,,,,,,4504.996290607708,1939.4551492806384,14.477792210607577,0.0,"hbonds/salt bridges NOT COMPUTABLE: binder_side_chains=False, target_side_chains=False",opus_4_8_multi_target_trem2_rank21,780,
opus_4_8_multi_target_trem2_rank22,Axp,Bxp,False,False,79,110,63,6,5,2.6836985672761395,0,230.96776107255653,117.8792629800495,0.33373367673643306,,,0.45454545454545453,0.2727272727272727,4381.71714890188,1894.3747972024594,13.487348733187146,0.7974683544303798,"hbonds/salt bridges NOT COMPUTABLE: binder_side_chains=False, target_side_chains=False",opus_4_8_multi_target_trem2_rank22,756,
opus_4_8_multi_target_trem2_rank23,Axp,Bxp,True,True,56,110,265,11,17,2.6771824741694386,0,1246.1644393932888,593.1380746825595,0.55470342314967,5.0,4.0,0.6460905349794238,0.24279835390946503,3937.757860897904,1593.8985201006144,11.874360306018009,4.732142857142857,,opus_4_8_multi_target_trem2_rank23,1299,
opus_4_8_multi_target_trem2_rank24,Axp,Bxp,False,True,71,110,54,7,12,3.7503302521244715,0,577.4325154159453,287.1366649217477,0.552530128356773,,,0.808,0.096,3881.7140470727195,2204.1991427679322,12.046111883022215,0.7605633802816901,"hbonds/salt bridges NOT COMPUTABLE: binder_side_chains=False, target_side_chains=True",opus_4_8_multi_target_trem2_rank24,1147,
opus_4_8_multi_target_trem2_rank25,Axp,Bxp,False,False,82,110,9,3,4,4.094659326488591,0,143.06272044147556,74.04240791055511,0.5630420501706502,,,0.7142857142857143,0.2857142857142857,4559.326392958556,1750.697212442282,11.948702714564872,0.10975609756097561,"hbonds/salt bridges NOT COMPUTABLE: binder_side_chains=False, target_side_chains=False",opus_4_8_multi_target_trem2_rank25,768,
opus_4_8_multi_target_trem2_rank26,Axp,Bxp,False,False,79,110,63,6,5,2.6836985672761395,0,230.96776107255653,117.8792629800495,0.15589638626058522,,,0.36363636363636365,0.36363636363636365,4381.71714890188,1802.131189798574,13.487348733187146,0.7974683544303798,"hbonds/salt bridges NOT COMPUTABLE: binder_side_chains=False, target_side_chains=False",opus_4_8_multi_target_trem2_rank26,756,
opus_4_8_multi_target_trem2_rank27,Axp,Bxp,True,True,86,110,257,12,18,2.5815299727099816,0,1204.2383556121017,574.1744106522028,0.523972381794289,6.0,6.0,0.6344086021505376,0.3118279569892473,5753.555811944601,1721.3260802691134,12.79716327910093,2.988372093023256,,opus_4_8_multi_target_trem2_rank27,1578,
opus_4_8_multi_target_trem2_rank28,Axp,Bxp,False,False,67,110,56,6,8,3.106388578397751,0,306.62620424411824,147.7739483984883,0.25720494265541055,,,0.42857142857142855,0.35714285714285715,4100.210422901843,1685.8351529249487,11.399662800526507,0.835820895522388,"hbonds/salt bridges NOT COMPUTABLE: binder_side_chains=False, target_side_chains=False",opus_4_8_multi_target_trem2_rank28,708,
opus_4_8_multi_target_trem2_rank29,Axp,Bxp,False,False,60,110,33,6,5,2.6317349790584914,0,269.4126323752023,135.07030384426577,0.31320787458858207,,,0.45454545454545453,0.36363636363636365,3543.827507083647,1512.6936360764355,11.676615614192949,0.55,"hbonds/salt bridges NOT COMPUTABLE: binder_side_chains=False, target_side_chains=False",opus_4_8_multi_target_trem2_rank29,680,
opus_4_8_multi_target_trem2_rank30,Axp,Bxp,False,False,59,110,51,5,7,3.2609711743589513,0,222.7589570370068,109.07381586318914,0.7913356733442006,,,0.5833333333333334,0.4166666666666667,3563.9763574312183,1315.2135999402285,10.937294191528606,0.864406779661017,"hbonds/salt bridges NOT COMPUTABLE: binder_side_chains=False, target_side_chains=False",opus_4_8_multi_target_trem2_rank30,676,
opus_4_8_multi_target_trka_rank01,Axp,Bxp,False,False,80,101,24,5,4,2.960861192288487,0,164.67089521303308,80.25041353962447,0.7036186637640877,,,0.4444444444444444,0.1111111111111111,4484.621163634488,1862.045500409375,15.700715490239896,0.3,"hbonds/salt bridges NOT COMPUTABLE: binder_side_chains=False, target_side_chains=False",opus_4_8_multi_target_trka_rank01,724,
opus_4_8_multi_target_trka_rank02,Axp,Bxp,False,False,90,101,24,5,5,3.8018040454500017,0,219.20500985898562,103.94078128558725,0.5159794087418362,,,0.4,0.3,4523.377872155748,1887.2797970353952,15.090829904050542,0.26666666666666666,"hbonds/salt bridges NOT COMPUTABLE: binder_side_chains=False, target_side_chains=False",opus_4_8_multi_target_trka_rank02,764,
opus_4_8_multi_target_trka_rank03,Axp,Bxp,False,False,90,101,24,5,5,3.8018040454500017,0,219.20500985898562,103.94078128558725,0.2566592861131221,,,0.3,0.4,4523.377872155748,1906.431983943164,15.090829904050542,0.26666666666666666,"hbonds/salt bridges NOT COMPUTABLE: binder_side_chains=False, target_side_chains=False",opus_4_8_multi_target_trka_rank03,764,
opus_4_8_multi_target_trka_rank04,Axp,Bxp,False,False,80,101,24,5,4,2.960861192288487,0,164.67089521303308,80.25041353962447,0.7199754563008969,,,0.4444444444444444,0.0,4484.621163634488,2388.6170103326494,15.700715490239896,0.3,"hbonds/salt bridges NOT COMPUTABLE: binder_side_chains=False, target_side_chains=False",opus_4_8_multi_target_trka_rank04,724,
opus_4_8_multi_target_trka_rank05,Axp,Bxp,False,False,75,101,30,2,4,3.1759190795736596,0,131.91593993358418,59.225987660399454,0.532401447413636,,,0.5,0.3333333333333333,4110.513699441344,1788.111436468073,12.92618890925877,0.4,"hbonds/salt bridges NOT COMPUTABLE: binder_side_chains=False, target_side_chains=False",opus_4_8_multi_target_trka_rank05,704,
opus_4_8_multi_target_trka_rank06,Axp,Bxp,False,True,75,101,162,14,22,3.0707245073435034,0,1029.892065299134,504.81173281753354,0.3454452105110923,,,0.4046511627906977,0.4046511627906977,3875.09548992022,1720.8513856191562,14.760652562680509,2.16,"hbonds/salt bridges NOT COMPUTABLE: binder_side_chains=False, target_side_chains=True",opus_4_8_multi_target_trka_rank06,1082,
opus_4_8_multi_target_trka_rank07,Axp,Bxp,False,False,90,101,73,7,8,2.8353110940424155,0,357.7544499988216,174.83803151784565,0.3492868618758504,,,0.4,0.13333333333333333,4797.157700774198,2079.923201031317,14.271470801306851,0.8111111111111111,"hbonds/salt bridges NOT COMPUTABLE: binder_side_chains=False, target_side_chains=False",opus_4_8_multi_target_trka_rank07,764,
opus_4_8_multi_target_trka_rank08,Axp,Bxp,False,False,90,101,76,7,9,2.924139702545007,0,354.4566792130529,176.27462720193833,0.33154714074615915,,,0.4375,0.125,4813.046223665138,2255.2763854488594,14.279349912509634,0.8444444444444444,"hbonds/salt bridges NOT COMPUTABLE: binder_side_chains=False, target_side_chains=False",opus_4_8_multi_target_trka_rank08,764,
opus_4_8_multi_target_trka_rank09,Axp,Bxp,False,False,75,101,30,3,5,3.217047404064789,0,137.4865710496341,61.703256399641454,0.5487759038768983,,,0.625,0.25,4086.416276901166,1772.0110336412968,12.892515687215587,0.4,"hbonds/salt bridges NOT COMPUTABLE: binder_side_chains=False, target_side_chains=False",opus_4_8_multi_target_trka_rank09,704,
opus_4_8_multi_target_trka_rank10,Axp,Bxp,False,False,90,101,46,6,7,3.1359368616093017,0,244.04248235556196,120.31406558207405,0.48488796875145457,,,0.46153846153846156,0.3076923076923077,4715.114503239057,2069.329600353329,12.879732353579323,0.5111111111111111,"hbonds/salt bridges NOT COMPUTABLE: binder_side_chains=False, target_side_chains=False",opus_4_8_multi_target_trka_rank10,764,
opus_4_8_multi_target_trka_rank11,Axp,Bxp,False,False,75,101,29,3,4,3.056306921760313,0,147.73239742086994,73.04892704070207,0.053907952591667384,,,0.2857142857142857,0.42857142857142855,3870.616412001209,1590.2683551529976,14.76518141180723,0.38666666666666666,"hbonds/salt bridges NOT COMPUTABLE: binder_side_chains=False, target_side_chains=False",opus_4_8_multi_target_trka_rank11,704,
opus_4_8_multi_target_trka_rank12,Axp,Bxp,False,True,75,101,108,11,18,3.576838967580173,0,741.7059581810038,352.3587782753796,0.3821349179844581,,,0.3583815028901734,0.42196531791907516,3897.1992714215294,1622.798413375745,12.58644038591134,1.44,"hbonds/salt bridges NOT COMPUTABLE: binder_side_chains=False, target_side_chains=True",opus_4_8_multi_target_trka_rank12,1082,
opus_4_8_multi_target_trka_rank13,Axp,Bxp,False,False,75,101,6,1,2,3.6646709265635296,0,71.42081713662691,33.092553557823315,0.0396657019219498,,,0.0,0.3333333333333333,3819.2143422989993,1510.9207943647195,12.354704591232533,0.08,"hbonds/salt bridges NOT COMPUTABLE: binder_side_chains=False, target_side_chains=False",opus_4_8_multi_target_trka_rank13,704,
opus_4_8_multi_target_trka_rank14,Axp,Bxp,False,False,90,101,46,6,7,3.1359368616093017,0,244.04248235556196,120.31406558207405,0.48488796875145457,,,0.46153846153846156,0.3076923076923077,4715.114503239057,2204.1113557419117,12.879732353579323,0.5111111111111111,"hbonds/salt bridges NOT COMPUTABLE: binder_side_chains=False, target_side_chains=False",opus_4_8_multi_target_trka_rank14,764,
opus_4_8_multi_target_trka_rank15,Axp,Bxp,False,False,92,101,52,6,6,2.979327440883261,0,224.19094960490702,116.04951746400783,0.6060598392233266,,,0.6666666666666666,0.08333333333333333,4694.3314063120215,2576.710937415923,11.952584421421506,0.5652173913043478,"hbonds/salt bridges NOT COMPUTABLE: binder_side_chains=False, target_side_chains=False",opus_4_8_multi_target_trka_rank15,772,
opus_4_8_multi_target_trka_rank16,Axp,Bxp,False,False,90,101,60,11,9,3.164009165599872,0,409.93708254356216,205.83807948190076,0.26479315934498354,,,0.35,0.3,4636.592949113999,1705.6120933387288,12.860933195922625,0.6666666666666666,"hbonds/salt bridges NOT COMPUTABLE: binder_side_chains=False, target_side_chains=False",opus_4_8_multi_target_trka_rank16,764,
opus_4_8_multi_target_trka_rank17,Axp,Bxp,False,False,75,101,4,2,2,4.717264991496663,0,86.34738435703713,43.593668479909546,0.15055390048966838,,,0.0,0.5,3984.541079126215,1910.8832246194447,12.631591415964005,0.05333333333333334,"hbonds/salt bridges NOT COMPUTABLE: binder_side_chains=False, target_side_chains=False",opus_4_8_multi_target_trka_rank17,704,
opus_4_8_multi_target_trka_rank18,Axp,Bxp,False,False,92,101,36,4,6,2.864427691529322,0,190.42407367263837,95.50616503373689,0.801791958041958,,,0.6,0.2,4603.4560171451685,2244.293445827402,11.997034377920004,0.391304347826087,"hbonds/salt bridges NOT COMPUTABLE: binder_side_chains=False, target_side_chains=False",opus_4_8_multi_target_trka_rank18,772,
opus_4_8_multi_target_trka_rank19,Axp,Bxp,False,False,75,101,2,2,2,4.7421804056783845,0,72.4763376318391,37.47450162744433,0.5135641481347565,,,0.25,0.75,3946.1286755006895,1794.009421538627,12.576330985326274,0.02666666666666667,"hbonds/salt bridges NOT COMPUTABLE: binder_side_chains=False, target_side_chains=False",opus_4_8_multi_target_trka_rank19,704,
opus_4_8_multi_target_trka_rank20,Axp,Bxp,False,False,92,101,52,6,6,2.979327440883261,0,224.19094960490702,116.04951746400783,0.6060598392233266,,,0.6666666666666666,0.08333333333333333,4694.3314063120215,2089.7813685281985,11.952584421421506,0.5652173913043478,"hbonds/salt bridges NOT COMPUTABLE: binder_side_chains=False, target_side_chains=False",opus_4_8_multi_target_trka_rank20,772,
opus_4_8_multi_target_trka_rank21,Axp,Bxp,False,False,92,101,38,5,5,2.762808172856016,0,194.85873220334724,99.91676989199806,0.37189984352772665,,,0.6,0.1,4575.454947187329,1907.3552297285619,11.968882631963519,0.41304347826086957,"hbonds/salt bridges NOT COMPUTABLE: binder_side_chains=False, target_side_chains=False",opus_4_8_multi_target_trka_rank21,772,
opus_4_8_multi_target_trka_rank22,Axp,Bxp,True,True,83,101,714,36,34,1.5399240240998908,4,2827.7203658901694,1427.412180447663,0.44026920691706,18.0,13.0,0.4822064056939502,0.3309608540925267,5687.151954366575,1998.766383374738,15.600257975397465,8.602409638554217,,opus_4_8_multi_target_trka_rank22,1417,
opus_4_8_multi_target_trka_rank23,Axp,Bxp,False,False,83,101,32,8,5,3.2335281040992987,0,246.65199848642163,124.21963893262293,0.048069346461588267,,,0.38461538461538464,0.23076923076923078,4428.559811526838,1651.004929834031,14.77256612492285,0.3855421686746988,"hbonds/salt bridges NOT COMPUTABLE: binder_side_chains=False, target_side_chains=False",opus_4_8_multi_target_trka_rank23,736,
opus_4_8_multi_target_trka_rank24,Axp,Bxp,False,False,60,101,7,1,3,4.397913368860284,0,91.11132277513767,43.59366847990954,0.5182275184330614,,,0.5,0.25,3149.1758299370276,1472.3149505863234,13.997193196945029,0.11666666666666667,"hbonds/salt bridges NOT COMPUTABLE: binder_side_chains=False, target_side_chains=False",opus_4_8_multi_target_trka_rank24,644,
opus_4_8_multi_target_trka_rank25,Axp,Bxp,False,False,83,101,41,8,5,2.9046955089991795,0,277.3717890675795,138.14708407550214,0.02529107396891653,,,0.3076923076923077,0.3076923076923077,4402.590150015203,1729.052813741519,14.775528379627342,0.4939759036144578,"hbonds/salt bridges NOT COMPUTABLE: binder_side_chains=False, target_side_chains=False",opus_4_8_multi_target_trka_rank25,736,
opus_4_8_multi_target_trka_rank26,Axp,Bxp,False,True,83,101,98,14,21,3.18384563067998,0,927.1561804098878,440.4452117344591,0.4508647160825733,,,0.30917874396135264,0.41545893719806765,4350.071585602104,1659.6410860841584,15.580131504297146,1.180722891566265,"hbonds/salt bridges NOT COMPUTABLE: binder_side_chains=False, target_side_chains=True",opus_4_8_multi_target_trka_rank26,1114,
opus_4_8_multi_target_trka_rank27,Axp,Bxp,False,False,75,101,3,2,2,4.621200168787325,0,88.25758196320768,42.13762223956164,0.15281451978622665,,,0.0,0.25,3893.997865575635,1529.0711683525537,15.764642778491861,0.04,"hbonds/salt bridges NOT COMPUTABLE: binder_side_chains=False, target_side_chains=False",opus_4_8_multi_target_trka_rank27,704,
opus_4_8_multi_target_trka_rank28,Axp,Bxp,False,False,75,101,3,2,2,4.621200168787325,0,88.25758196320768,42.13762223956164,0.15281451978622665,,,0.0,0.25,3893.997865575635,1784.9625225376906,15.764642778491861,0.04,"hbonds/salt bridges NOT COMPUTABLE: binder_side_chains=False, target_side_chains=False",opus_4_8_multi_target_trka_rank28,704,
opus_4_8_multi_target_trka_rank29,Axp,Bxp,False,False,90,101,25,2,4,3.4146263338760803,0,140.33580435906114,67.09813589537077,0.1277039048600056,,,0.3333333333333333,0.5,4424.159478310644,2204.8208502949788,14.481765804490257,0.2777777777777778,"hbonds/salt bridges NOT COMPUTABLE: binder_side_chains=False, target_side_chains=False",opus_4_8_multi_target_trka_rank29,764,
opus_4_8_multi_target_trka_rank30,Axp,Bxp,True,True,90,101,461,18,26,2.286683624815641,0,1550.6921143812033,722.9336171432509,0.3414958758866075,15.0,3.0,0.44077134986225897,0.36639118457300274,5994.805090612758,1252.06317571426,14.495101409736188,5.122222222222222,,opus_4_8_multi_target_trka_rank30,1492,
opus_4_8_multi_target_vegfa_rank12,Axp,"Bxp,Cxp",False,False,82,188,78,9,13,2.899511338139583,0,466.3223191946994,220.23370388475584,0.2839223770884772,,,0.36363636363636365,0.18181818181818182,4147.892778606711,1343.8041282935712,12.174606946392656,0.9512195121951219,"hbonds/salt bridges NOT COMPUTABLE: binder_side_chains=False, target_side_chains=False",opus_4_8_multi_target_vegfa_rank12,1080,
opus_4_8_multi_target_vegfa_rank13,Axp,"Bxp,Cxp",False,True,85,188,136,12,19,2.961830970265367,0,827.8118496766695,414.3053441964924,0.5356817997942886,,,0.6111111111111112,0.21666666666666667,4417.218771320166,1569.2911897545614,14.664413740762814,1.6,"hbonds/salt bridges NOT COMPUTABLE: binder_side_chains=False, target_side_chains=True",opus_4_8_multi_target_vegfa_rank13,1862,
opus_4_8_multi_target_vegfa_rank14,Axp,"Bxp,Cxp",False,False,82,188,78,9,13,2.899511338139583,0,466.3223191946994,220.23370388475584,0.3521938352438879,,,0.4090909090909091,0.13636363636363635,4147.892778606711,1735.2441142931302,12.174606946392656,0.9512195121951219,"hbonds/salt bridges NOT COMPUTABLE: binder_side_chains=False, target_side_chains=False",opus_4_8_multi_target_vegfa_rank14,1080,
opus_4_8_multi_target_vegfa_rank15,Axp,"Bxp,Cxp",False,False,80,188,7,3,3,4.419700102948162,0,182.86648081688236,92.3231443344152,0.24868758317496653,,,0.3333333333333333,0.0,4234.919115772583,1867.4930493888967,14.35413500523646,0.0875,"hbonds/salt bridges NOT COMPUTABLE: binder_side_chains=False, target_side_chains=False",opus_4_8_multi_target_vegfa_rank15,1072,
opus_4_8_multi_target_vegfa_rank16,Axp,"Bxp,Cxp",False,False,87,188,58,7,8,2.4179665010086464,0,319.26241382907654,161.45256574410467,0.6588936111459858,,,0.4,0.3333333333333333,4498.050038023242,1681.1095419372218,13.663837378207335,0.6666666666666666,"hbonds/salt bridges NOT COMPUTABLE: binder_side_chains=False, target_side_chains=False",opus_4_8_multi_target_vegfa_rank16,1100,
opus_4_8_multi_target_vegfa_rank17,Axp,"Bxp,Cxp",False,False,89,188,5,3,3,4.623245396904646,0,98.79472958712071,48.97278537597694,0.7380101300845662,,,0.3333333333333333,0.0,5037.12078409178,2054.243003134965,14.423627463644626,0.056179775280898875,"hbonds/salt bridges NOT COMPUTABLE: binder_side_chains=False, target_side_chains=False",opus_4_8_multi_target_vegfa_rank17,1108,
opus_4_8_multi_target_vegfa_rank18,Axp,"Bxp,Cxp",False,False,58,188,17,3,2,3.211926057679412,0,96.14722750334965,50.2946309736226,0.7237259697773083,,,0.4,0.2,3240.3278568256774,985.1577391631001,11.477369145983436,0.29310344827586204,"hbonds/salt bridges NOT COMPUTABLE: binder_side_chains=False, target_side_chains=False",opus_4_8_multi_target_vegfa_rank18,984,
opus_4_8_multi_target_vegfa_rank20,Axp,"Bxp,Cxp",False,False,89,188,5,3,3,4.623245396904646,0,98.79472958712071,48.97278537597694,0.7380101300845662,,,0.3333333333333333,0.0,5037.12078409178,2111.408925560519,14.423627463644626,0.056179775280898875,"hbonds/salt bridges NOT COMPUTABLE: binder_side_chains=False, target_side_chains=False",opus_4_8_multi_target_vegfa_rank20,1108,
opus_4_8_multi_target_vegfa_rank21,Axp,"Bxp,Cxp",True,True,58,188,452,22,23,2.3026788747022455,0,1875.192874437269,939.5995235241127,0.656418010376559,13.0,4.0,0.4948453608247423,0.327319587628866,4676.475686396897,1015.4923431667307,11.947624458661732,7.793103448275862,,opus_4_8_multi_target_vegfa_rank21,2022,
opus_4_8_multi_target_vegfa_rank22,Axp,"Bxp,Cxp",False,False,90,188,64,11,10,2.5547471499152317,0,432.4119134554572,225.11873021100456,0.4640778306035308,,,0.42857142857142855,0.23809523809523808,4916.048501952309,2266.641356396092,12.064034030674145,0.7111111111111111,"hbonds/salt bridges NOT COMPUTABLE: binder_side_chains=False, target_side_chains=False",opus_4_8_multi_target_vegfa_rank22,1112,
opus_4_8_multi_target_vegfa_rank23,Axp,"Bxp,Cxp",True,True,90,188,641,30,31,2.3539849192380142,0,2250.808180172249,1111.2877942474693,0.5918546237072463,10.0,9.0,0.4491525423728814,0.3199152542372881,5464.417938843419,2149.7968793997406,12.667665586139487,7.122222222222222,,opus_4_8_multi_target_vegfa_rank23,2183,
opus_4_8_multi_target_vegfa_rank24,Axp,"Bxp,Cxp",True,True,88,188,460,25,21,2.431188598196364,0,1825.0083631157042,879.3632269845158,0.30238063158870526,14.0,8.0,0.36649214659685864,0.43717277486910994,5554.066590715439,1120.5596449415013,12.600962119593301,5.2272727272727275,,opus_4_8_multi_target_vegfa_rank24,2244,
opus_4_8_multi_target_vegfa_rank25,Axp,"Bxp,Cxp",True,True,59,188,520,23,17,2.0022230145515754,2,1834.7076889562004,973.9178718989727,0.543842601490611,14.0,3.0,0.4927536231884058,0.3739130434782609,4533.568242587099,1072.0960844164742,12.569350090203713,8.813559322033898,,opus_4_8_multi_target_vegfa_rank25,1969,
opus_4_8_multi_target_vegfa_rank26,Axp,"Bxp,Cxp",False,False,59,188,68,5,5,2.596047957954552,0,231.55888587807567,105.14050088359923,0.720262371922203,,,0.6,0.2,3018.7165782214206,1124.3251032597002,11.78636661538574,1.152542372881356,"hbonds/salt bridges NOT COMPUTABLE: binder_side_chains=False, target_side_chains=False",opus_4_8_multi_target_vegfa_rank26,988,
opus_4_8_multi_target_vegfa_rank27,Axp,"Bxp,Cxp",True,True,85,188,429,24,23,1.3945221403764085,1,1873.1093155530148,919.3459352092908,0.4232207810816214,12.0,2.0,0.4081081081081081,0.37567567567567567,4973.047797035339,1056.2972744844426,11.773081352041869,5.047058823529412,,opus_4_8_multi_target_vegfa_rank27,2139,
opus_4_8_multi_target_vegfa_rank28,Axp,"Bxp,Cxp",True,True,88,188,377,21,21,2.525418975140561,0,1582.1727713848636,778.6740623908864,0.48382413820443965,9.0,11.0,0.4624277456647399,0.3554913294797688,5644.701265589534,1305.9507096148084,12.627893360615358,4.284090909090909,,opus_4_8_multi_target_vegfa_rank28,2231,
opus_4_8_multi_target_vegfa_rank29,Axp,"Bxp,Cxp",False,True,63,188,110,11,14,2.843981364214611,0,725.5444172293688,346.2831156516173,0.6140160780516498,,,0.6387096774193548,0.15483870967741936,3354.5533929132075,1306.0022317343273,10.869403697131402,1.746031746031746,"hbonds/salt bridges NOT COMPUTABLE: binder_side_chains=False, target_side_chains=True",opus_4_8_multi_target_vegfa_rank29,1774,
opus_4_8_multi_target_vegfa_rank30,Axp,"Bxp,Cxp",True,True,92,188,293,17,17,1.0221990188859702,10,1354.2118696183534,679.7866831386818,0.4100622871513408,12.0,7.0,0.36486486486486486,0.4966216216216216,6256.354343894222,1233.1767402267878,12.681018595577811,3.1847826086956523,,opus_4_8_multi_target_vegfa_rank30,2287,
opus_4_8_single_target_mature_gdf8_rank01,Axp,"Bxp,Cxp",True,True,87,218,1011,55,49,2.2578728927909117,0,4256.515789583208,2081.43524957549,0.5256228181593713,23.0,0.0,0.5502392344497608,0.2822966507177033,6689.913047941028,2421.0888944549115,15.790936286908991,11.620689655172415,,opus_4_8_single_target_mature_gdf8_rank01,2424,
opus_4_8_single_target_mature_gdf8_rank02,Axp,"Bxp,Cxp",True,True,87,218,868,41,40,1.8676951035969436,1,3555.4329874371588,1775.874495991189,0.46547021223878027,18.0,2.0,0.5342261904761905,0.31845238095238093,6798.731930389928,2164.1798418182916,15.556766669730552,9.977011494252874,,opus_4_8_single_target_mature_gdf8_rank02,2428,
opus_4_8_single_target_mature_gdf8_rank03,Axp,"Bxp,Cxp",True,True,76,218,5815,96,69,0.2983002672943515,398,5852.436225056575,3096.0503644596492,0.5342598830892836,235.0,2.0,0.511441647597254,0.2465675057208238,6708.628143696993,2817.5062969229316,15.804632736774474,76.51315789473684,,opus_4_8_single_target_mature_gdf8_rank03,3189,
opus_4_8_single_target_mature_gdf8_rank04,Axp,"Bxp,Cxp",True,True,76,218,5927,101,70,0.3680454072230424,344,5908.049353847149,3266.572530626387,0.515607371937578,218.0,4.0,0.5457126632595116,0.2339579784213515,6859.140782320797,2957.630672096406,15.70432294514163,77.98684210526316,,opus_4_8_single_target_mature_gdf8_rank04,3194,
opus_4_8_single_target_mature_gdf8_rank05,Axp,"Bxp,Cxp",True,True,65,218,986,50,40,2.1569065811944674,1,3713.9112435069287,1965.4885441458455,0.6918645851807333,19.0,2.0,0.5686528497409327,0.25129533678756477,6324.168298505263,2323.509278269805,15.681259186706045,15.169230769230769,,opus_4_8_single_target_mature_gdf8_rank05,2261,
opus_4_8_single_target_mature_gdf8_rank06,Axp,"Bxp,Cxp",True,True,84,218,1027,57,44,1.146940277433834,2,3872.053786253916,2010.2874641586573,0.37158858269720135,23.0,3.0,0.42052565707133915,0.29411764705882354,5980.59214299316,2077.9554166658963,16.472549683488467,12.226190476190476,,opus_4_8_single_target_mature_gdf8_rank06,2380,
opus_4_8_single_target_mature_gdf8_rank07,Axp,"Bxp,Cxp",True,True,77,218,846,38,32,2.0611193560781476,2,2697.5483103794945,1415.5858734488002,0.5650162931918662,13.0,2.0,0.586490939044481,0.26359143327841844,6107.175406965556,1966.8232156369768,14.231991531143342,10.987012987012987,,opus_4_8_single_target_mature_gdf8_rank07,2369,
opus_4_8_single_target_mature_gdf8_rank08,Axp,"Bxp,Cxp",True,True,65,218,835,43,37,2.7532602492318086,0,3317.4121869481123,1749.7542156004627,0.7158436300648074,12.0,2.0,0.5958702064896755,0.25663716814159293,6278.15595881865,2385.3468992213307,14.060989565946416,12.846153846153847,,opus_4_8_single_target_mature_gdf8_rank08,2257,
opus_4_8_single_target_mature_gdf8_rank09,Axp,"Bxp,Cxp",True,True,81,218,977,47,38,2.252250874125705,0,3581.0466791829454,1836.6960439239529,0.4565428341944513,17.0,3.0,0.4260614934114202,0.2913616398243045,6931.3932063510265,1607.7581478194716,17.61040335551161,12.061728395061728,,opus_4_8_single_target_mature_gdf8_rank09,2403,
opus_4_8_single_target_mature_gdf8_rank10,Axp,"Bxp,Cxp",True,True,79,218,689,31,34,1.9336980115829874,1,2600.211471011018,1295.3738959688692,0.5000973628435277,13.0,7.0,0.5353356890459364,0.30918727915194344,6480.694218650008,1372.0004414052823,14.89162625077615,8.721518987341772,,opus_4_8_single_target_mature_gdf8_rank10,2394,
opus_4_8_single_target_mature_gdf8_rank11,Axp,"Bxp,Cxp",True,True,69,218,598,25,27,1.45342423263134,3,2115.5597207063283,1048.906322630312,0.35997954884955885,15.0,6.0,0.46238938053097345,0.37168141592920356,5887.194232493755,1140.1447296578365,13.321784059928635,8.666666666666666,,opus_4_8_single_target_mature_gdf8_rank11,2300,
opus_4_8_single_target_mature_gdf8_rank12,Axp,"Bxp,Cxp",True,True,84,218,887,45,44,1.8646954174877997,2,3393.0268253908043,1673.9921271895296,0.4314009920893048,22.0,1.0,0.47763347763347763,0.2453102453102453,6193.6547108958475,1931.231060713874,16.688056307287027,10.55952380952381,,opus_4_8_single_target_mature_gdf8_rank12,2370,
opus_4_8_single_target_mature_gdf8_rank13,Axp,"Bxp,Cxp",True,True,81,218,774,44,36,1.7966557822799558,1,3351.556914522017,1686.4428462169412,0.42152667017417306,22.0,6.0,0.4385432473444613,0.3110773899848255,6595.510838565762,1297.5321428036882,17.56335267486067,9.555555555555555,,opus_4_8_single_target_mature_gdf8_rank13,2414,
opus_4_8_single_target_mature_gdf8_rank14,Axp,"Bxp,Cxp",True,True,77,218,697,38,32,2.459012403384741,0,2636.324529314283,1354.5119873304604,0.6140648564761625,10.0,3.0,0.5788590604026845,0.2634228187919463,6007.787763231014,1898.014851337386,14.482922731323525,9.051948051948052,,opus_4_8_single_target_mature_gdf8_rank14,2368,
opus_4_8_single_target_mature_gdf8_rank15,Axp,"Bxp,Cxp",True,True,73,218,489,29,23,1.9930306068899204,1,2192.9528967048086,1130.0347430211223,0.3764777345469186,13.0,2.0,0.448512585812357,0.38443935926773454,6402.615861293782,1082.1880000658812,16.913624065179995,6.698630136986301,,opus_4_8_single_target_mature_gdf8_rank15,2341,
opus_4_8_single_target_mature_gdf8_rank16,Axp,"Bxp,Cxp",True,True,86,218,1210,51,48,1.9930052684325748,3,4270.726141974092,2149.8300710090807,0.5305192269294745,24.0,5.0,0.5388535031847134,0.2445859872611465,6751.300260119719,2090.4196991781128,15.28750998381158,14.069767441860465,,opus_4_8_single_target_mature_gdf8_rank16,2396,
opus_4_8_single_target_mature_gdf8_rank17,Axp,"Bxp,Cxp",True,True,83,218,946,41,41,1.4994979159705402,4,3391.1045668006636,1739.6154629023201,0.5404604089728267,19.0,3.0,0.57991513437058,0.27157001414427157,6767.412600998578,2452.680545292933,16.51589672111853,11.397590361445783,,opus_4_8_single_target_mature_gdf8_rank17,2390,
opus_4_8_single_target_mature_gdf8_rank18,Axp,"Bxp,Cxp",True,True,62,218,464,23,23,2.8089287993824263,0,1838.6016384139307,935.9713937821712,0.7126401804176887,3.0,0.0,0.6818181818181818,0.1111111111111111,5616.5086404344165,2186.307458446473,14.058919921452157,7.483870967741935,,opus_4_8_single_target_mature_gdf8_rank18,2247,
opus_4_8_single_target_mature_gdf8_rank19,Axp,"Bxp,Cxp",True,True,73,218,331,20,19,2.7528715916293662,0,1611.0876623501401,804.1358922796176,0.44866659703515493,9.0,3.0,0.4494047619047619,0.40773809523809523,6176.341229872732,1079.560768084275,16.962386156652112,4.534246575342466,,opus_4_8_single_target_mature_gdf8_rank19,2343,
opus_4_8_single_target_mature_gdf8_rank20,Axp,"Bxp,Cxp",True,True,85,218,1070,46,48,2.152916626346688,1,4181.2236970923495,2094.2976128542114,0.4532740576176559,24.0,1.0,0.4869451697127937,0.34073107049608353,7473.312830592429,1969.2030130493667,16.069937254809457,12.588235294117647,,opus_4_8_single_target_mature_gdf8_rank20,2432,
opus_4_8_single_target_mature_gdf8_rank21,Axp,"Bxp,Cxp",True,True,85,218,404,26,26,2.428167415974442,0,1947.2132577022849,970.1724514782647,0.40463819389771805,7.0,3.0,0.45537757437070936,0.37986270022883295,6878.087222227954,971.1529835227454,19.00532281838395,4.752941176470588,,opus_4_8_single_target_mature_gdf8_rank21,2451,
opus_4_8_single_target_mature_gdf8_rank22,Axp,"Bxp,Cxp",True,True,77,218,704,31,36,2.2056819807034747,0,2731.8450910378324,1398.9741012926104,0.53057927483314,19.0,7.0,0.5176252319109462,0.2987012987012987,6320.502852106236,2096.1630632537162,16.666572917362085,9.142857142857142,,opus_4_8_single_target_mature_gdf8_rank22,2314,
opus_4_8_single_target_mature_gdf8_rank23,Axp,"Bxp,Cxp",True,True,85,218,490,32,31,2.3150209502291768,0,2391.340825799706,1177.1787253588536,0.3914831962784572,12.0,4.0,0.4207547169811321,0.35660377358490564,6812.999323176122,927.3218106382244,19.263312414199582,5.764705882352941,,opus_4_8_single_target_mature_gdf8_rank23,2442,
opus_4_8_single_target_mature_gdf8_rank24,Axp,"Bxp,Cxp",True,True,77,218,662,31,36,2.6358704444642194,0,2626.1510142104735,1341.1925906161343,0.5101239410142852,12.0,0.0,0.5394990366088632,0.2928709055876686,5873.537169205561,1701.549467673697,14.989731811629179,8.597402597402597,,opus_4_8_single_target_mature_gdf8_rank24,2298,
opus_4_8_single_target_mature_gdf8_rank25,Axp,"Bxp,Cxp",True,True,66,209,346,14,18,2.2345547654958007,0,1258.8721816770596,598.6899791745743,0.4443489764379686,7.0,3.0,0.5153846153846153,0.38076923076923075,4896.6105393858525,793.8413439040542,11.976154713507098,5.242424242424242,,opus_4_8_single_target_mature_gdf8_rank25,2162,
opus_4_8_single_target_mature_gdf8_rank26,Axp,"Bxp,Cxp",True,True,73,218,269,15,17,1.9094933883101037,1,1248.736570571571,622.36272668348,0.47146095792183845,9.0,2.0,0.463768115942029,0.38768115942028986,6259.567892678679,928.3409159768521,17.036234836634453,3.684931506849315,,opus_4_8_single_target_mature_gdf8_rank26,2344,
opus_4_8_single_target_mature_gdf8_rank27,Axp,"Bxp,Cxp",True,True,81,218,509,30,22,1.7569089333258001,2,2090.393145890641,1080.141511974939,0.3745968438262437,11.0,1.0,0.5305676855895196,0.37117903930131,7269.604095292935,937.5310579436937,18.154501871079393,6.283950617283951,,opus_4_8_single_target_mature_gdf8_rank27,2443,
opus_4_8_single_target_mature_gdf8_rank28,Axp,"Bxp,Cxp",True,True,73,218,311,19,18,1.931129203341921,1,1514.8802528588267,777.429773154489,0.40406291490514257,8.0,4.0,0.45045045045045046,0.44744744744744747,6384.1454956055295,1165.7120351051371,17.151088070186816,4.260273972602739,,opus_4_8_single_target_mature_gdf8_rank28,2352,
opus_4_8_single_target_mature_gdf8_rank29,Axp,"Bxp,Cxp",True,True,80,218,472,22,26,2.4817227887094906,0,2064.7388866223278,1021.910070594075,0.5417630005227002,8.0,4.0,0.5308056872037915,0.3293838862559242,6675.068776789044,1251.7127378833013,14.681024988943841,5.9,,opus_4_8_single_target_mature_gdf8_rank29,2416,
opus_4_8_single_target_mature_gdf8_rank30,Axp,"Bxp,Cxp",True,True,76,218,716,32,34,2.260150437470922,0,2724.8048365375316,1408.6917030068912,0.4319317647265526,18.0,5.0,0.5610687022900763,0.24618320610687022,5794.611496992464,2247.23924896318,13.575722754030524,9.421052631578947,,opus_4_8_single_target_mature_gdf8_rank30,2267,
opus_4_8_single_target_tnfa_rank01,Axp,"Bxp,Cxp,Dxp",True,True,80,471,453,31,23,1.9988081448703372,3,1983.651880618151,996.5163722886313,0.479153385016466,23.0,7.0,0.33636363636363636,0.4318181818181818,5041.505409344705,1602.720890840509,13.603902745521573,5.6625,,opus_4_8_single_target_tnfa_rank01,4266,
opus_4_8_single_target_tnfa_rank02,Axp,"Bxp,Cxp,Dxp",True,True,80,471,453,31,23,1.9988081448703372,3,1983.651880618151,996.5163722886313,0.6239936894768128,23.0,5.0,0.39090909090909093,0.37727272727272726,5041.505409344705,2264.6969427481945,13.603902745521573,5.6625,,opus_4_8_single_target_tnfa_rank02,4266,
opus_4_8_single_target_tnfa_rank03,Axp,"Bxp,Cxp,Dxp",True,True,80,471,561,42,27,1.7075321373256784,3,2416.474577801713,1299.1455008813903,0.4270622694818725,21.0,7.0,0.4608695652173913,0.3130434782608696,5752.182389591043,1588.6700630609344,13.614396919097747,7.0125,,opus_4_8_single_target_tnfa_rank03,4331,
opus_4_8_single_target_tnfa_rank04,Axp,"Bxp,Cxp,Dxp",False,True,80,456,114,12,19,2.190815829776662,1,929.73556456947,462.417811253833,0.3508832302240103,,,0.3068181818181818,0.3806818181818182,4275.936678276548,2179.422863032608,13.39771716935462,1.425,"hbonds/salt bridges NOT COMPUTABLE: binder_side_chains=False, target_side_chains=True",opus_4_8_single_target_tnfa_rank04,3881,
opus_4_8_single_target_tnfa_rank05,Axp,"Bxp,Cxp,Dxp",False,True,80,456,74,15,16,3.641302102270559,0,796.0879241288332,398.0938792398624,0.4556721985550846,,,0.3197969543147208,0.38071065989847713,4301.029534937664,1638.5149955348436,13.387538586334886,0.925,"hbonds/salt bridges NOT COMPUTABLE: binder_side_chains=False, target_side_chains=True",opus_4_8_single_target_tnfa_rank05,3881,
opus_4_8_single_target_tnfa_rank06,Axp,"Bxp,Cxp,Dxp",True,True,80,471,583,37,30,1.76844818979805,4,2558.4245871025823,1321.9017501995545,0.315958574558249,25.0,6.0,0.33639705882352944,0.4319852941176471,5383.442923787793,1502.3784761212448,13.230463579507903,7.2875,,opus_4_8_single_target_tnfa_rank06,4315,
opus_4_8_single_target_tnfa_rank07,Axp,"Bxp,Cxp,Dxp",True,True,80,471,480,39,31,0.8619176294751135,4,2483.3173158734453,1286.6342720476507,0.5096245775861672,14.0,0.0,0.4826989619377163,0.31314878892733566,5176.355979271499,1576.10066012671,13.537273847222409,6.0,,opus_4_8_single_target_tnfa_rank07,4306,
opus_4_8_single_target_tnfa_rank08,Axp,"Bxp,Cxp,Dxp",True,True,80,471,600,37,31,1.8063247216378353,2,2545.10596895687,1318.9814759188607,0.414759234969556,17.0,7.0,0.35834896810506567,0.39587242026266417,5273.0972136501505,1727.0183319981527,13.447958813697445,7.5,,opus_4_8_single_target_tnfa_rank08,4307,
opus_4_8_single_target_tnfa_rank09,Axp,"Bxp,Cxp,Dxp",True,True,80,471,558,40,30,1.8319899017188936,3,2458.6530407457712,1319.3523067838707,0.44681988096608494,18.0,10.0,0.4638447971781305,0.30864197530864196,5401.714016888116,1514.9742957519568,13.431487639986674,6.975,,opus_4_8_single_target_tnfa_rank09,4328,
opus_4_8_single_target_tnfa_rank10,Axp,"Bxp,Cxp,Dxp",True,True,80,471,557,37,32,1.161972030644455,6,2674.8276976493007,1352.2395914095282,0.5831121555821324,15.0,4.0,0.45796064400715564,0.33810375670840787,5626.187149808808,2119.4085268435365,13.661062549633755,6.9625,,opus_4_8_single_target_tnfa_rank10,4310,
opus_4_8_single_target_tnfa_rank11,Axp,"Bxp,Cxp,Dxp",True,True,80,471,648,37,30,1.5814284681894404,2,2708.67129673781,1363.0847926817737,0.29562409749588675,24.0,6.0,0.35514018691588783,0.3719626168224299,5460.691586524208,1108.042665627296,13.42943611601161,8.1,,opus_4_8_single_target_tnfa_rank11,4315,
opus_4_8_single_target_tnfa_rank12,Axp,"Bxp,Cxp,Dxp",True,True,80,471,506,40,29,0.8139699011634275,8,2397.9439891482025,1233.9075429735053,0.4125642658094575,24.0,7.0,0.41681574239713776,0.3291592128801431,5599.144538792283,1322.6169405966932,13.500075999972617,6.325,,opus_4_8_single_target_tnfa_rank12,4328,
opus_4_8_single_target_tnfa_rank13,Axp,"Bxp,Cxp,Dxp",True,True,80,471,628,43,32,1.6796193021039019,5,2862.25727350003,1457.5140470720567,0.48555467026082577,14.0,6.0,0.46794871794871795,0.35096153846153844,5717.038389689525,1766.0558442662505,13.924901125120458,7.85,,opus_4_8_single_target_tnfa_rank13,4329,
opus_4_8_single_target_tnfa_rank14,Axp,"Bxp,Cxp,Dxp",True,True,80,471,603,43,36,1.373178429775243,5,2755.927679797047,1389.4091536630967,0.4160088849028869,27.0,5.0,0.4785932721712538,0.3119266055045872,5953.158390032165,1808.2080407639053,13.670600107390111,7.5375,,opus_4_8_single_target_tnfa_rank14,4327,
opus_4_8_single_target_tnfa_rank15,Axp,"Bxp,Cxp,Dxp",True,True,80,471,678,33,31,2.0212473871349834,3,2567.418707346939,1319.2385128343185,0.33125908569624757,19.0,6.0,0.32245681381957775,0.43378119001919385,5636.483938276525,985.9109291722488,13.357339445647181,8.475,,opus_4_8_single_target_tnfa_rank15,4315,
opus_4_8_single_target_tnfa_rank16,Axp,"Bxp,Cxp,Dxp",True,True,70,461,144,20,12,1.477905950999589,3,872.6509001208559,443.23140830433704,0.16880672808387764,9.0,0.0,0.36363636363636365,0.46524064171123,5926.8605413610185,1008.5203022043085,15.984626248508693,2.057142857142857,,opus_4_8_single_target_tnfa_rank16,3031,
opus_4_8_single_target_tnfa_rank17,Axp,"Bxp,Cxp,Dxp",True,True,89,461,144,18,11,1.4156411974790786,4,857.2064891583461,432.23095771861034,0.38363087252160977,12.0,0.0,0.40476190476190477,0.3333333333333333,7015.096981467363,1241.2570394637073,14.96431113081408,1.6179775280898876,,opus_4_8_single_target_tnfa_rank17,3197,
opus_4_8_single_target_tnfa_rank18,Axp,"Bxp,Cxp,Dxp",True,True,71,461,140,23,12,1.7314774038375433,1,931.8778302590514,483.24521829638246,0.2193770722392986,6.0,0.0,0.40404040404040403,0.41919191919191917,5515.674156691911,841.8344577587552,13.007175547783984,1.971830985915493,,opus_4_8_single_target_tnfa_rank18,3029,
opus_4_8_single_target_tnfa_rank19,Axp,"Bxp,Cxp,Dxp",True,True,89,461,150,19,10,1.6780899856682305,4,885.2816187482197,446.3425138500885,0.21762505254411435,10.0,0.0,0.3614457831325301,0.3614457831325301,6939.715626767848,951.373707403123,15.036460565654393,1.6853932584269662,,opus_4_8_single_target_tnfa_rank19,3201,
opus_4_8_single_target_tnfa_rank20,Axp,"Bxp,Cxp,Dxp",True,True,70,461,113,19,12,1.4837203240503245,2,780.5488009773669,398.0188907891311,0.22755733031520473,7.0,0.0,0.38764044943820225,0.47752808988764045,5690.635092778005,1250.9764714971864,16.02599615554694,1.6142857142857143,,opus_4_8_single_target_tnfa_rank20,3014,
opus_4_8_single_target_tnfa_rank21,Axp,"Bxp,Cxp,Dxp",True,True,71,461,105,16,12,1.572792739047329,2,756.3033684459087,376.38123968302386,0.28205691453746734,5.0,0.0,0.3950617283950617,0.3888888888888889,5274.955411068355,891.6527140133057,13.016031179530499,1.4788732394366197,,opus_4_8_single_target_tnfa_rank21,3022,
opus_4_8_single_target_tnfa_rank22,Axp,"Bxp,Cxp,Dxp",True,True,74,461,171,19,11,2.0977621409492544,3,882.9456533828968,424.88967034660334,0.07414476501761003,11.0,0.0,0.21311475409836064,0.6338797814207651,6280.118702976727,1136.0091644068477,17.074070143227637,2.310810810810811,,opus_4_8_single_target_tnfa_rank22,3069,
opus_4_8_single_target_tnfa_rank23,Axp,"Bxp,Cxp,Dxp",True,True,79,461,75,11,8,2.660722082443035,0,538.613671655636,266.960523695386,0.30803355620910616,4.0,0.0,0.22950819672131148,0.5983606557377049,6184.428017181435,1293.826880132552,13.49139316601442,0.9493670886075949,,opus_4_8_single_target_tnfa_rank23,3094,
opus_4_8_single_target_tnfa_rank24,Axp,"Bxp,Cxp,Dxp",True,True,77,461,78,14,11,2.6155341710633406,0,668.2402920452538,338.73675057482336,0.47276241001326286,1.0,0.0,0.4375,0.3611111111111111,6424.163580895404,877.5163802771599,17.547583971561956,1.0129870129870129,,opus_4_8_single_target_tnfa_rank24,3101,
opus_4_8_single_target_tnfa_rank25,Axp,"Bxp,Cxp,Dxp",False,True,80,456,133,7,16,2.635782047135157,0,729.1989909859944,330.37895309290246,0.48076296878416025,,,0.4892086330935252,0.3381294964028777,4250.54464638112,1588.8610309169771,13.029119398196286,1.6625,"hbonds/salt bridges NOT COMPUTABLE: binder_side_chains=False, target_side_chains=True",opus_4_8_single_target_tnfa_rank25,3941,
opus_4_8_single_target_tnfa_rank26,Axp,"Bxp,Cxp,Dxp",False,True,80,456,118,8,13,1.6027086447636079,1,740.8536031167895,362.2152657031462,0.6828368819787104,,,0.5925925925925926,0.3111111111111111,3948.154784216679,1471.165564766261,12.894916668439402,1.475,"hbonds/salt bridges NOT COMPUTABLE: binder_side_chains=False, target_side_chains=True",opus_4_8_single_target_tnfa_rank26,3940,
opus_4_8_single_target_tnfa_rank27,Axp,"Bxp,Cxp,Dxp",False,True,80,456,319,23,23,1.7139486573407032,2,1675.5648904265074,845.120946129168,0.44972415074829597,,,0.45098039215686275,0.3104575163398693,4229.990899376896,1717.6104776604172,12.90375613462991,3.9875,"hbonds/salt bridges NOT COMPUTABLE: binder_side_chains=False, target_side_chains=True",opus_4_8_single_target_tnfa_rank27,3937,
opus_4_8_single_target_tnfa_rank28,Axp,"Bxp,Cxp,Dxp",True,True,80,456,317,15,21,0.4766938220703087,7,1313.4959000091321,633.9488657535251,0.7265338228712431,10.0,0.0,0.5305343511450382,0.2748091603053435,4391.012821063686,2385.751864173477,13.03588804023536,3.9625,,opus_4_8_single_target_tnfa_rank28,4047,
opus_4_8_single_target_tnfa_rank29,Axp,"Bxp,Cxp,Dxp",False,True,80,456,138,10,15,2.816673392496901,0,761.6827312057491,349.0591771704128,0.4788402628723298,,,0.46496815286624205,0.3248407643312102,4326.291559533627,2142.670367692451,10.979199019463923,1.725,"hbonds/salt bridges NOT COMPUTABLE: binder_side_chains=False, target_side_chains=True",opus_4_8_single_target_tnfa_rank29,3940,
opus_4_8_single_target_tnfa_rank30,Axp,"Bxp,Cxp,Dxp",False,True,80,456,173,13,19,1.9487029019324626,1,969.2027647579879,450.2629209816016,0.47394850104910385,,,0.5360824742268041,0.2422680412371134,4298.239759683982,2100.2246781454587,12.127962697944303,2.1625,"hbonds/salt bridges NOT COMPUTABLE: binder_side_chains=False, target_side_chains=True",opus_4_8_single_target_tnfa_rank30,3941,
opus_4_8_single_target_supp_tnfa_rank01,Axp,"Bxp,Cxp,Dxp",True,True,80,471,655,44,30,0.9675804876081395,11,2643.541532549095,1373.1794674690761,0.4530261532676022,26.0,5.0,0.4408783783783784,0.32432432432432434,5197.991103444385,2172.551967694533,13.967939283786755,8.1875,,opus_4_8_single_target_supp_tnfa_rank01,4311,
opus_4_8_single_target_supp_tnfa_rank02,Axp,"Bxp,Cxp,Dxp",True,True,80,471,596,42,27,1.2144504930214324,6,2479.8047147865645,1367.5939752538648,0.40008501717637207,22.0,5.0,0.3500897666068223,0.38420107719928187,5979.104626189883,1599.2553726661372,14.397669559606687,7.45,,opus_4_8_single_target_supp_tnfa_rank02,4322,
opus_4_8_single_target_supp_tnfa_rank03,Axp,"Bxp,Cxp,Dxp",False,True,80,456,82,13,17,3.12949980028758,0,851.3381989679177,413.9732915121064,0.5546449012376866,,,0.4134078212290503,0.29608938547486036,4097.24761418844,1801.140672953094,13.039263806758276,1.025,"hbonds/salt bridges NOT COMPUTABLE: binder_side_chains=False, target_side_chains=True",opus_4_8_single_target_supp_tnfa_rank03,3881,
opus_4_8_single_target_supp_tnfa_rank04,Axp,"Bxp,Cxp,Dxp",True,True,80,471,891,47,36,2.077163691190466,2,3346.22594594814,1709.3576093731267,0.25324316943436337,38.0,6.0,0.35311572700296734,0.36053412462908013,5865.72868602867,1144.7624337674615,14.924322144387226,11.1375,,opus_4_8_single_target_supp_tnfa_rank04,4344,
opus_4_8_single_target_supp_tnfa_rank05,Axp,"Bxp,Cxp,Dxp",True,True,80,471,891,47,36,2.077163691190466,2,3346.22594594814,1709.3576093731267,0.27071093191594386,38.0,8.0,0.35311572700296734,0.36053412462908013,5865.72868602867,1371.9682469101322,14.924322144387226,11.1375,,opus_4_8_single_target_supp_tnfa_rank05,4344,
opus_4_8_single_target_supp_tnfa_rank06,Axp,"Bxp,Cxp,Dxp",True,True,80,471,522,41,33,1.1186246019107569,5,2640.3220010794985,1361.833509986947,0.39790252642571333,20.0,3.0,0.41626794258373206,0.3157894736842105,5739.185661760438,1646.741856898602,13.517216489589496,6.525,,opus_4_8_single_target_supp_tnfa_rank06,4327,
opus_4_8_single_target_supp_tnfa_rank07,Axp,"Bxp,Cxp,Dxp",False,True,80,456,165,16,23,2.9651822878197565,0,1218.017476604436,603.1734963005956,0.5910009941325798,,,0.4194915254237288,0.3898305084745763,4161.127639160458,2152.133213560723,13.221940373768897,2.0625,"hbonds/salt bridges NOT COMPUTABLE: binder_side_chains=False, target_side_chains=True",opus_4_8_single_target_supp_tnfa_rank07,3881,
opus_4_8_single_target_supp_tnfa_rank08,Axp,"Bxp,Cxp,Dxp",True,True,80,471,524,34,33,1.0010724249523615,3,2627.5986054688547,1337.347240230845,0.4291336757502982,20.0,3.0,0.3517857142857143,0.37857142857142856,5461.94163990017,1643.121403570014,13.355849581667165,6.55,,opus_4_8_single_target_supp_tnfa_rank08,4317,
opus_4_8_single_target_supp_tnfa_rank09,Axp,"Bxp,Cxp,Dxp",True,True,80,471,603,43,36,1.373178429775243,5,2755.927679797047,1389.4091536630967,0.37136304812915927,27.0,5.0,0.45871559633027525,0.32262996941896027,5953.158390032165,1497.5967398978069,13.670600107390111,7.5375,,opus_4_8_single_target_supp_tnfa_rank09,4327,
opus_4_8_single_target_supp_tnfa_rank10,Axp,"Bxp,Cxp,Dxp",False,True,80,456,101,16,19,3.3462298187661887,0,1056.0578031696482,515.48941890585,0.42450281119556077,,,0.34615384615384615,0.40865384615384615,4171.014395150487,1748.9737347125229,13.32795006794015,1.2625,"hbonds/salt bridges NOT COMPUTABLE: binder_side_chains=False, target_side_chains=True",opus_4_8_single_target_supp_tnfa_rank10,3881,
opus_4_8_single_target_supp_tnfa_rank11,Axp,"Bxp,Cxp,Dxp",True,True,80,471,453,31,23,1.9988081448703372,3,1983.651880618151,996.5163722886313,0.6470473605730165,23.0,4.0,0.41818181818181815,0.3840909090909091,5041.505409344705,2133.2311384054756,13.603902745521573,5.6625,,opus_4_8_single_target_supp_tnfa_rank11,4266,
opus_4_8_single_target_supp_tnfa_rank12,Axp,"Bxp,Cxp,Dxp",True,True,80,471,453,31,23,1.9988081448703372,3,1983.651880618151,996.5163722886313,0.5547319034413413,23.0,4.0,0.36818181818181817,0.42045454545454547,5041.505409344705,1974.5379291027077,13.603902745521573,5.6625,,opus_4_8_single_target_supp_tnfa_rank12,4266,
opus_4_8_single_target_supp_tnfa_rank13,Axp,"Bxp,Cxp,Dxp",True,True,80,471,481,33,32,1.6483243006156283,2,2401.713026150207,1212.718907412187,0.39176238211143954,16.0,1.0,0.35946462715105165,0.4340344168260038,5331.656282167489,1315.2806114774394,13.486541877287925,6.0125,,opus_4_8_single_target_supp_tnfa_rank13,4307,
opus_4_8_single_target_supp_tnfa_rank14,Axp,"Bxp,Cxp,Dxp",True,True,80,471,502,41,33,1.4915508707382397,4,2522.215614609693,1321.4095992217217,0.43083785256632895,20.0,2.0,0.38305084745762713,0.4016949152542373,5263.459244480089,1408.315026047726,13.492073794916413,6.275,,opus_4_8_single_target_supp_tnfa_rank14,4307,
opus_4_8_single_target_supp_tnfa_rank15,Axp,"Bxp,Cxp,Dxp",True,True,80,471,544,42,35,1.0898614590855134,4,2580.4656187054106,1328.114276990225,0.3035649195337489,14.0,3.0,0.34824281150159747,0.38977635782747605,5633.014568236378,1484.9827400069994,13.755549491704818,6.8,,opus_4_8_single_target_supp_tnfa_rank15,4319,
opus_4_8_single_target_supp_tnfa_rank16,Axp,"Bxp,Cxp,Dxp",True,True,80,471,691,44,28,1.0905691174794896,10,2591.813939211579,1327.393554658196,0.450335450627362,26.0,3.0,0.4594594594594595,0.28885135135135137,5194.860492705984,1394.125039372696,13.613686574026628,8.6375,,opus_4_8_single_target_supp_tnfa_rank16,4274,
opus_4_8_single_target_supp_tnfa_rank17,Axp,"Bxp,Cxp,Dxp",True,True,80,471,506,40,29,0.8139699011634275,8,2397.9439891482025,1233.9075429735053,0.41648137773909105,24.0,7.0,0.40966010733452596,0.3542039355992844,5599.144538792283,1129.34098374952,13.500075999972617,6.325,,opus_4_8_single_target_supp_tnfa_rank17,4328,
opus_4_8_single_target_supp_tnfa_rank18,Axp,"Bxp,Cxp,Dxp",True,True,80,471,541,41,28,0.3558721680603859,6,2376.4842341408794,1271.1280126871607,0.4128212771118561,23.0,0.0,0.46345811051693403,0.26916221033868093,5435.661110965913,2106.347847113783,13.716088299394425,6.7625,,opus_4_8_single_target_supp_tnfa_rank18,4303,
opus_4_8_single_target_supp_tnfa_rank19,Axp,"Bxp,Cxp,Dxp",True,True,80,471,558,40,30,1.8319899017188936,3,2458.6530407457712,1319.3523067838707,0.44681988096608494,18.0,10.0,0.4638447971781305,0.30864197530864196,5401.714016888116,1576.8209590266854,13.431487639986674,6.975,,opus_4_8_single_target_supp_tnfa_rank19,4328,
opus_4_8_single_target_supp_tnfa_rank20,Axp,"Bxp,Cxp,Dxp",False,True,80,456,99,17,16,2.943057933510654,0,899.2766491104464,446.27942247414524,0.2704454194688927,,,0.3170731707317073,0.424390243902439,4190.591065862151,1512.98643251175,13.120225500135442,1.2375,"hbonds/salt bridges NOT COMPUTABLE: binder_side_chains=False, target_side_chains=True",opus_4_8_single_target_supp_tnfa_rank20,3881,
opus_4_8_single_target_supp_tnfa_rank21,Axp,"Bxp,Cxp,Dxp",False,True,80,456,150,17,21,2.3221330711223245,0,1092.460106542619,563.0348148301192,0.2939784130690713,,,0.27848101265822783,0.5021097046413502,4357.888182283501,1904.6874165653303,13.112301966534778,1.875,"hbonds/salt bridges NOT COMPUTABLE: binder_side_chains=False, target_side_chains=True",opus_4_8_single_target_supp_tnfa_rank21,3881,
opus_4_8_single_target_supp_tnfa_rank22,Axp,"Bxp,Cxp,Dxp",True,True,80,471,558,40,30,1.8319899017188936,3,2458.6530407457712,1319.3523067838707,0.46988865879379,18.0,10.0,0.4708994708994709,0.31040564373897706,5401.714016888116,1451.2357107448424,13.431487639986674,6.975,,opus_4_8_single_target_supp_tnfa_rank22,4328,
opus_4_8_single_target_supp_tnfa_rank23,Axp,"Bxp,Cxp,Dxp",True,True,80,471,599,48,28,1.630938380197119,4,2516.2116485939255,1391.7866017105457,0.3574217913886788,25.0,5.0,0.3790322580645161,0.38870967741935486,5872.211048310088,1346.5415209045304,14.361362388433456,7.4875,,opus_4_8_single_target_supp_tnfa_rank23,4322,
opus_4_8_single_target_supp_tnfa_rank24,Axp,"Bxp,Cxp,Dxp",True,True,80,471,648,37,30,1.5814284681894404,2,2708.67129673781,1363.0847926817737,0.29562409749588675,24.0,6.0,0.35514018691588783,0.3719626168224299,5460.691586524208,1191.6657564488296,13.42943611601161,8.1,,opus_4_8_single_target_supp_tnfa_rank24,4315,
opus_4_8_single_target_supp_tnfa_rank25,Axp,"Bxp,Cxp,Dxp",True,True,80,471,706,37,31,1.1035823485358949,6,2673.2739205592293,1383.9060394709022,0.47612319266704534,36.0,8.0,0.4114391143911439,0.35239852398523985,5490.093478987185,2061.1035585354803,13.886804281194811,8.825,,opus_4_8_single_target_supp_tnfa_rank25,4309,
opus_4_8_single_target_supp_tnfa_rank26,Axp,"Bxp,Cxp,Dxp",True,True,80,471,583,37,30,1.76844818979805,4,2558.4245871025823,1321.9017501995545,0.30923155753680703,25.0,6.0,0.33639705882352944,0.41544117647058826,5383.442923787793,1385.2260820675465,13.230463579507903,7.2875,,opus_4_8_single_target_supp_tnfa_rank26,4315,
opus_4_8_single_target_supp_tnfa_rank27,Axp,"Bxp,Cxp,Dxp",False,True,80,456,121,21,22,3.3144400733758945,0,1136.3294292892335,565.0847313547836,0.3804701955663027,,,0.34074074074074073,0.44074074074074077,4255.482069009192,2052.9146011700423,13.134458326904888,1.5125,"hbonds/salt bridges NOT COMPUTABLE: binder_side_chains=False, target_side_chains=True",opus_4_8_single_target_supp_tnfa_rank27,3881,
opus_4_8_single_target_supp_tnfa_rank28,Axp,"Bxp,Cxp,Dxp",True,True,80,471,599,48,28,1.630938380197119,4,2516.2116485939255,1391.7866017105457,0.33148138461292354,25.0,4.0,0.36451612903225805,0.38064516129032255,5872.211048310088,1690.127388035662,14.361362388433456,7.4875,,opus_4_8_single_target_supp_tnfa_rank28,4322,
opus_4_8_single_target_supp_tnfa_rank29,Axp,"Bxp,Cxp,Dxp",True,True,80,471,506,40,29,0.8139699011634275,8,2397.9439891482025,1233.9075429735053,0.39070412980578506,24.0,7.0,0.40966010733452596,0.3470483005366726,5599.144538792283,949.735202925094,13.500075999972617,6.325,,opus_4_8_single_target_supp_tnfa_rank29,4328,
opus_4_8_single_target_supp_tnfa_rank30,Axp,"Bxp,Cxp,Dxp",True,True,80,471,617,37,32,1.750347679748227,3,2491.8583228434645,1231.3721684292705,0.49693998330011563,22.0,1.0,0.43439716312056736,0.2695035460992908,5103.0645759143345,1702.7438192460013,13.29328638879836,7.7125,,opus_4_8_single_target_supp_tnfa_rank30,4315,
mythos_preview_single_target_latent_gdf8_rank01,Axp,"Bxp,Cxp",False,True,82,477,40,6,8,3.6914735540160666,0,399.85042564707544,187.6869405845505,0.38786082324173266,,,0.35714285714285715,0.14285714285714285,3878.460627379761,1227.7766429554338,14.256612649499527,0.4878048780487805,"hbonds/salt bridges NOT COMPUTABLE: binder_side_chains=False, target_side_chains=True",mythos_preview_single_target_latent_gdf8_rank01,3641,
mythos_preview_single_target_latent_gdf8_rank02,Axp,"Bxp,Cxp",False,True,82,477,40,6,8,3.6914735540160666,0,399.85042564707544,187.6869405845505,0.3226547217047042,,,0.2857142857142857,0.21428571428571427,3878.460627379761,1360.1051832772223,14.256612649499527,0.4878048780487805,"hbonds/salt bridges NOT COMPUTABLE: binder_side_chains=False, target_side_chains=True",mythos_preview_single_target_latent_gdf8_rank02,3641,
mythos_preview_single_target_latent_gdf8_rank03,Axp,"Bxp,Cxp",False,True,85,477,127,15,17,2.695187748562241,0,849.801536728259,420.24321383464843,0.3906227547646647,,,0.28654970760233917,0.27485380116959063,4626.572907640866,1635.2468240155108,12.06360855344326,1.4941176470588236,"hbonds/salt bridges NOT COMPUTABLE: binder_side_chains=False, target_side_chains=True",mythos_preview_single_target_latent_gdf8_rank03,4089,
mythos_preview_single_target_latent_gdf8_rank04,Axp,"Bxp,Cxp",False,True,100,477,96,11,14,2.683715521436652,0,666.8193906653306,320.93966916953264,0.5344306332518486,,,0.34146341463414637,0.2845528455284553,5205.670412526821,1956.741585288736,13.56634326669981,0.96,"hbonds/salt bridges NOT COMPUTABLE: binder_side_chains=False, target_side_chains=True",mythos_preview_single_target_latent_gdf8_rank04,4149,
mythos_preview_single_target_latent_gdf8_rank05,Axp,"Bxp,Cxp",False,False,78,581,17,4,7,3.1973223171898058,0,307.1732511387976,154.89144510077185,0.28813559322033905,,,0.2,0.45,4354.024774570003,1649.9876821327985,13.070612970818884,0.21794871794871795,"hbonds/salt bridges NOT COMPUTABLE: binder_side_chains=False, target_side_chains=False",mythos_preview_single_target_latent_gdf8_rank05,694,
mythos_preview_single_target_latent_gdf8_rank06,Axp,"Bxp,Cxp",False,True,69,581,2027,38,38,0.4472639041997459,198,1795.313687876511,1146.7584378303704,0.5350966509149367,,,0.528604118993135,0.2494279176201373,3599.605965602391,1459.7659680043469,11.739270235606323,29.3768115942029,"hbonds/salt bridges NOT COMPUTABLE: binder_side_chains=False, target_side_chains=True",mythos_preview_single_target_latent_gdf8_rank06,4675,
mythos_preview_single_target_latent_gdf8_rank07,Axp,"Bxp,Cxp",False,True,83,477,52,9,10,3.58933712543138,0,441.8446410115499,206.1443437883303,0.3552871736121372,,,0.3157894736842105,0.2631578947368421,3856.081095998057,1621.7402703336218,18.161150479288118,0.6265060240963856,"hbonds/salt bridges NOT COMPUTABLE: binder_side_chains=False, target_side_chains=True",mythos_preview_single_target_latent_gdf8_rank07,3645,
mythos_preview_single_target_latent_gdf8_rank08,Axp,"Bxp,Cxp",False,True,68,477,142,16,19,1.6651828728400973,2,984.328823111901,494.48072830808997,0.4950443853751733,,,0.3829787234042553,0.39361702127659576,3723.3593238897283,1296.1402260307693,12.167631071906287,2.088235294117647,"hbonds/salt bridges NOT COMPUTABLE: binder_side_chains=False, target_side_chains=True",mythos_preview_single_target_latent_gdf8_rank08,4021,
mythos_preview_single_target_latent_gdf8_rank09,Axp,"Bxp,Cxp",False,False,108,581,15,5,9,4.081621001513983,0,432.28290327018254,213.96021653750688,0.6993865030674846,,,0.3870967741935484,0.25806451612903225,6144.4648687857025,2415.2564320798324,16.3491998523025,0.1388888888888889,"hbonds/salt bridges NOT COMPUTABLE: binder_side_chains=False, target_side_chains=False",mythos_preview_single_target_latent_gdf8_rank09,724,
mythos_preview_single_target_latent_gdf8_rank10,Axp,"Bxp,Cxp",False,True,90,704,117,15,16,2.575526936376321,0,810.4286935921368,435.3471717671986,0.5837049959430315,,,0.4076086956521739,0.30978260869565216,4590.019684888636,2339.5961039526783,12.755152181311605,1.3,"hbonds/salt bridges NOT COMPUTABLE: binder_side_chains=False, target_side_chains=True",mythos_preview_single_target_latent_gdf8_rank10,5986,
mythos_preview_single_target_latent_gdf8_rank11,Axp,"Bxp,Cxp",False,True,68,477,142,16,19,1.6651828728400973,2,984.328823111901,494.48072830808997,0.6903140427855547,,,0.425531914893617,0.32978723404255317,3723.3593238897283,1546.2158775546786,12.167631071906287,2.088235294117647,"hbonds/salt bridges NOT COMPUTABLE: binder_side_chains=False, target_side_chains=True",mythos_preview_single_target_latent_gdf8_rank11,4021,
mythos_preview_single_target_latent_gdf8_rank12,Axp,"Bxp,Cxp",False,False,108,581,15,5,9,4.081621001513983,0,432.28290327018254,213.96021653750688,0.5705521472392638,,,0.3548387096774194,0.2903225806451613,6144.4648687857025,2348.3118244515326,16.3491998523025,0.1388888888888889,"hbonds/salt bridges NOT COMPUTABLE: binder_side_chains=False, target_side_chains=False",mythos_preview_single_target_latent_gdf8_rank12,724,
mythos_preview_single_target_latent_gdf8_rank13,Axp,"Bxp,Cxp",False,True,90,704,117,15,16,2.575526936376321,0,810.4286935921368,435.3471717671986,0.31059272401278837,,,0.3423913043478261,0.33152173913043476,4590.019684888636,1404.6757777996104,12.755152181311605,1.3,"hbonds/salt bridges NOT COMPUTABLE: binder_side_chains=False, target_side_chains=True",mythos_preview_single_target_latent_gdf8_rank13,5986,
mythos_preview_single_target_latent_gdf8_rank14,Axp,"Bxp,Cxp",False,True,69,581,2027,38,38,0.4472639041997459,198,1795.313687876511,1146.7584378303704,0.46628043336120606,,,0.5194508009153318,0.2494279176201373,3599.605965602391,1419.8141976376605,11.739270235606323,29.3768115942029,"hbonds/salt bridges NOT COMPUTABLE: binder_side_chains=False, target_side_chains=True",mythos_preview_single_target_latent_gdf8_rank14,4675,
mythos_preview_single_target_latent_gdf8_rank15,Axp,"Bxp,Cxp",False,True,119,545,93,7,10,2.8894386998169757,0,497.76012760638446,249.13768123033583,0.2897205966308522,,,0.4105263157894737,0.21052631578947367,6679.695577858265,2928.618432736164,15.33591378509007,0.7815126050420168,"hbonds/salt bridges NOT COMPUTABLE: binder_side_chains=False, target_side_chains=True",mythos_preview_single_target_latent_gdf8_rank15,4827,
mythos_preview_single_target_latent_gdf8_rank16,Axp,"Bxp,Cxp",False,True,83,704,165,22,25,1.2027772029765118,4,1100.907876506319,585.0582671731858,0.47703850555301447,,,0.5661764705882353,0.18382352941176472,3928.680474789129,1795.1556384478386,18.54616789925044,1.9879518072289157,"hbonds/salt bridges NOT COMPUTABLE: binder_side_chains=False, target_side_chains=True",mythos_preview_single_target_latent_gdf8_rank16,5958,
mythos_preview_single_target_latent_gdf8_rank18,Axp,"Bxp,Cxp",False,True,85,477,127,15,17,2.695187748562241,0,849.801536728259,420.24321383464843,0.3906227547646647,,,0.28654970760233917,0.27485380116959063,4626.572907640866,1471.2586378633985,12.06360855344326,1.4941176470588236,"hbonds/salt bridges NOT COMPUTABLE: binder_side_chains=False, target_side_chains=True",mythos_preview_single_target_latent_gdf8_rank18,4089,
mythos_preview_single_target_latent_gdf8_rank19,Axp,"Bxp,Cxp",False,False,68,581,13,5,7,4.179010768112473,0,409.72106390088163,207.39701971120294,0.6139240506329116,,,0.6363636363636364,0.13636363636363635,3923.4790627644666,1355.956464314384,13.583613491823234,0.19117647058823528,"hbonds/salt bridges NOT COMPUTABLE: binder_side_chains=False, target_side_chains=False",mythos_preview_single_target_latent_gdf8_rank19,684,
mythos_preview_single_target_latent_gdf8_rank20,Axp,"Bxp,Cxp",False,True,83,704,142,12,16,2.25550216138225,0,782.764375048565,413.1692486792648,0.24069972451990995,,,0.23636363636363636,0.2727272727272727,4273.494404147647,1832.987229887208,13.869879767000919,1.7108433734939759,"hbonds/salt bridges NOT COMPUTABLE: binder_side_chains=False, target_side_chains=True",mythos_preview_single_target_latent_gdf8_rank20,5958,
mythos_preview_single_target_latent_gdf8_rank21,Axp,"Bxp,Cxp",False,True,68,704,167,14,22,2.5868471156989554,0,974.4114297639503,488.94335709687266,0.6089730391796707,,,0.40487804878048783,0.3024390243902439,3711.463068647479,1662.6585721688327,12.485742984698469,2.4558823529411766,"hbonds/salt bridges NOT COMPUTABLE: binder_side_chains=False, target_side_chains=True",mythos_preview_single_target_latent_gdf8_rank21,5898,
mythos_preview_single_target_latent_gdf8_rank22,Axp,"Bxp,Cxp",False,False,100,581,7,5,6,3.560181736934226,0,285.3209472998593,144.39033017868564,0.5727272727272729,,,0.25,0.53125,5751.985698572732,2059.531164094161,14.442382008432682,0.07,"hbonds/salt bridges NOT COMPUTABLE: binder_side_chains=False, target_side_chains=False",mythos_preview_single_target_latent_gdf8_rank22,716,
mythos_preview_single_target_latent_gdf8_rank23,Axp,"Bxp,Cxp",True,True,100,704,2605,67,47,0.4749442072496522,139,3852.1637348455083,2022.3437767170583,0.26248979085031626,136.0,29.0,0.33718487394957986,0.4684873949579832,6079.421334485782,1261.6938782439229,13.260045678771007,26.05,,mythos_preview_single_target_latent_gdf8_rank23,6459,
mythos_preview_single_target_latent_gdf8_rank24,Axp,"Bxp,Cxp",True,True,90,704,591,44,29,1.3333975401207245,4,2557.356500236756,1359.2624988547416,0.36046592708541314,15.0,7.0,0.3545751633986928,0.48366013071895425,7495.1014966914845,1079.0216571258204,15.844519666148871,6.566666666666666,,mythos_preview_single_target_latent_gdf8_rank24,6395,
mythos_preview_single_target_latent_gdf8_rank25,Axp,"Bxp,Cxp",False,True,99,545,66,8,13,3.0664378356653463,0,531.2965199106675,264.68113431602467,0.5162896746523815,,,0.1834862385321101,0.3944954128440367,5589.373994412241,2344.1703448108965,15.181238080865988,0.6666666666666666,"hbonds/salt bridges NOT COMPUTABLE: binder_side_chains=False, target_side_chains=True",mythos_preview_single_target_latent_gdf8_rank25,4747,
mythos_preview_single_target_latent_gdf8_rank26,Axp,"Bxp,Cxp",False,True,68,545,8,5,6,4.059411410537246,0,299.53889414950606,147.0156089092072,0.5446428571428572,,,0.09523809523809523,0.47619047619047616,4031.1154907158507,1752.3735526231394,11.171503959867984,0.11764705882352941,"hbonds/salt bridges NOT COMPUTABLE: binder_side_chains=False, target_side_chains=True",mythos_preview_single_target_latent_gdf8_rank26,3109,
mythos_preview_single_target_latent_gdf8_rank27,Axp,"Bxp,Cxp",False,False,106,581,5,3,3,3.4883643731697522,0,192.55181974052076,95.82267366403684,0.6712328767123286,,,0.375,0.0,6122.14999957627,2051.655327902596,17.26355211730037,0.04716981132075472,"hbonds/salt bridges NOT COMPUTABLE: binder_side_chains=False, target_side_chains=False",mythos_preview_single_target_latent_gdf8_rank27,722,
mythos_preview_single_target_latent_gdf8_rank28,Axp,"Bxp,Cxp",False,True,95,545,206,19,25,1.432249914001214,2,1223.2696185209047,593.3346017916892,0.35536912614170435,,,0.35877862595419846,0.36259541984732824,5387.130484267282,1848.4381835578965,14.550432583292086,2.168421052631579,"hbonds/salt bridges NOT COMPUTABLE: binder_side_chains=False, target_side_chains=True",mythos_preview_single_target_latent_gdf8_rank28,4731,
mythos_preview_single_target_latent_gdf8_rank29,Axp,"Bxp,Cxp",False,True,95,545,206,19,25,1.432249914001214,2,1223.2696185209047,593.3346017916892,0.3748620760130889,,,0.37404580152671757,0.3473282442748092,5387.130484267282,1964.0835829338648,14.550432583292086,2.168421052631579,"hbonds/salt bridges NOT COMPUTABLE: binder_side_chains=False, target_side_chains=True",mythos_preview_single_target_latent_gdf8_rank29,4731,
mythos_preview_single_target_latent_gdf8_rank30,Axp,"Bxp,Cxp",True,True,116,545,504,28,26,2.762964169148782,0,2148.0091765888633,1058.437682536629,0.4471848734328391,11.0,0.0,0.39166666666666666,0.41875,7604.605232679768,1969.1168514560675,14.614005389193421,4.344827586206897,,mythos_preview_single_target_latent_gdf8_rank30,5356,
opus_4_8_single_target_latent_gdf8_rank01,Axp,"Bxp,Cxp",False,True,70,704,142,18,19,2.14470720612395,1,845.9790653329469,476.3497365810182,0.6773089459244781,,,0.3672566371681416,0.27876106194690264,3884.5206230175504,1538.8135749896996,14.631077218274278,2.0285714285714285,"hbonds/salt bridges NOT COMPUTABLE: binder_side_chains=False, target_side_chains=True",opus_4_8_single_target_latent_gdf8_rank01,5906,
opus_4_8_single_target_latent_gdf8_rank02,Axp,"Bxp,Cxp",False,True,100,483,14,3,2,3.8030356295990697,0,132.388626696063,65.02508085785786,0.3455202518858565,,,0.2,0.2,5300.709532005756,1962.3824241710445,14.059194633381832,0.14,"hbonds/salt bridges NOT COMPUTABLE: binder_side_chains=False, target_side_chains=True",opus_4_8_single_target_latent_gdf8_rank02,3737,
opus_4_8_single_target_latent_gdf8_rank03,Axp,"Bxp,Cxp",True,True,69,704,350,22,17,1.25377111148726,3,1434.4547433356092,783.7181898963917,0.49066742013922054,8.0,1.0,0.38961038961038963,0.35714285714285715,4677.207322348622,988.3135099609262,11.449058702641523,5.072463768115942,,opus_4_8_single_target_latent_gdf8_rank03,6164,
opus_4_8_single_target_latent_gdf8_rank04,Axp,"Bxp,Cxp",False,True,85,581,100,8,13,2.6938177369673695,0,556.58829402315,276.0111652893098,0.30061742071325415,,,0.41379310344827586,0.28448275862068967,4640.629035150656,1475.770033209446,15.165671481792659,1.1764705882352942,"hbonds/salt bridges NOT COMPUTABLE: binder_side_chains=False, target_side_chains=True",opus_4_8_single_target_latent_gdf8_rank04,4968,
opus_4_8_single_target_latent_gdf8_rank05,Axp,"Bxp,Cxp",False,True,60,581,246,23,27,1.8069546203488345,2,1246.486671185858,613.8225938957645,0.36027027374647447,,,0.3651877133105802,0.28668941979522183,3330.4167414421545,1143.1163621488672,14.310497121416969,4.1,"hbonds/salt bridges NOT COMPUTABLE: binder_side_chains=False, target_side_chains=True",opus_4_8_single_target_latent_gdf8_rank05,4868,
opus_4_8_single_target_latent_gdf8_rank07,Axp,"Bxp,Cxp",False,True,85,581,142,12,14,1.0014873938297937,2,714.8716484165103,370.17786448834397,0.6640476306707236,,,0.42857142857142855,0.1836734693877551,4841.595624472915,1651.028833256395,14.173595145379961,1.6705882352941177,"hbonds/salt bridges NOT COMPUTABLE: binder_side_chains=False, target_side_chains=True",opus_4_8_single_target_latent_gdf8_rank07,4968,
opus_4_8_single_target_latent_gdf8_rank08,Axp,"Bxp,Cxp",False,True,77,704,217,20,18,0.7610637292631942,2,965.5105328668149,553.449351234668,0.610010056583212,,,0.48945147679324896,0.2489451476793249,4081.5632811608843,1745.9311295457182,13.271760458662598,2.8181818181818183,"hbonds/salt bridges NOT COMPUTABLE: binder_side_chains=False, target_side_chains=True",opus_4_8_single_target_latent_gdf8_rank08,5934,
opus_4_8_single_target_latent_gdf8_rank09,Axp,"Bxp,Cxp",False,True,83,483,31,6,5,2.695620707740613,0,185.62861005521395,100.82796835252402,0.6992970766799825,,,0.2727272727272727,0.36363636363636365,4435.6669956097585,1468.7785007134728,18.964224837672308,0.37349397590361444,"hbonds/salt bridges NOT COMPUTABLE: binder_side_chains=False, target_side_chains=True",opus_4_8_single_target_latent_gdf8_rank09,3669,
opus_4_8_single_target_latent_gdf8_rank10,Axp,"Bxp,Cxp",False,True,71,463,73,6,6,2.288752498633262,0,386.10989160798636,192.53880261965614,0.1439847060278259,,,0.17647058823529413,0.25,3695.1397629923813,1702.6464435328385,13.629974434949483,1.028169014084507,"hbonds/salt bridges NOT COMPUTABLE: binder_side_chains=False, target_side_chains=True",opus_4_8_single_target_latent_gdf8_rank10,3920,
opus_4_8_single_target_latent_gdf8_rank11,Axp,"Bxp,Cxp",False,True,70,483,4,2,2,4.020034203834589,0,83.65454772536489,43.00162851479131,0.0,,,0.0,0.5,3751.6768341823763,1260.1800266987493,16.716504684173508,0.05714285714285714,"hbonds/salt bridges NOT COMPUTABLE: binder_side_chains=False, target_side_chains=True",opus_4_8_single_target_latent_gdf8_rank11,3617,
opus_4_8_single_target_latent_gdf8_rank12,Axp,"Bxp,Cxp",False,True,71,463,96,8,11,2.3883889967926075,0,519.2672250490873,268.1306030496662,0.2636473638579936,,,0.2087912087912088,0.3956043956043956,4073.403117175072,1440.516569292597,13.89665809709054,1.352112676056338,"hbonds/salt bridges NOT COMPUTABLE: binder_side_chains=False, target_side_chains=True",opus_4_8_single_target_latent_gdf8_rank12,3920,
opus_4_8_single_target_latent_gdf8_rank13,Axp,"Bxp,Cxp",False,True,83,483,4,2,1,4.61447039214686,0,77.09595401525343,37.3310947523572,0.2614727757233018,,,0.0,0.6666666666666666,4280.414868354157,1373.0364020714514,18.776909599481005,0.04819277108433735,"hbonds/salt bridges NOT COMPUTABLE: binder_side_chains=False, target_side_chains=True",opus_4_8_single_target_latent_gdf8_rank13,3669,
opus_4_8_single_target_latent_gdf8_rank14,Axp,"Bxp,Cxp",False,True,79,483,0,0,0,,0,58.90591400539263,30.767897926053315,0.918703500066813,,,,,4247.448101434364,1440.609997526295,18.287841047002267,0.0,"hbonds/salt bridges NOT COMPUTABLE: binder_side_chains=False, target_side_chains=True",opus_4_8_single_target_latent_gdf8_rank14,3653,
opus_4_8_single_target_latent_gdf8_rank15,Axp,"Bxp,Cxp",False,True,89,483,8,1,1,3.8774314952040094,0,116.37614748629173,61.83181583466575,0.1201938859049224,,,0.0,0.0,4382.04952940463,1023.5388361348779,21.077751931132216,0.0898876404494382,"hbonds/salt bridges NOT COMPUTABLE: binder_side_chains=False, target_side_chains=True",opus_4_8_single_target_latent_gdf8_rank15,3693,
opus_4_8_single_target_latent_gdf8_rank16,Axp,"Bxp,Cxp",False,True,75,483,7,3,4,4.416877290575322,0,113.89887874704974,55.828314228246626,0.9294637828453375,,,0.5714285714285714,0.0,3742.535550810847,887.3297869082767,17.380026891848203,0.09333333333333334,"hbonds/salt bridges NOT COMPUTABLE: binder_side_chains=False, target_side_chains=True",opus_4_8_single_target_latent_gdf8_rank16,3637,
opus_4_8_single_target_latent_gdf8_rank17,Axp,"Bxp,Cxp",False,True,72,463,152,17,21,2.500589930396425,0,997.6948383293868,496.99226772545313,0.42121450953028267,,,0.36180904522613067,0.2663316582914573,3784.997617616934,1733.746394143278,13.661536298441591,2.111111111111111,"hbonds/salt bridges NOT COMPUTABLE: binder_side_chains=False, target_side_chains=True",opus_4_8_single_target_latent_gdf8_rank17,3924,
opus_4_8_single_target_latent_gdf8_rank18,Axp,"Bxp,Cxp",False,True,71,463,96,8,11,2.3883889967926075,0,519.2672250490873,268.1306030496662,0.24897796418912654,,,0.2087912087912088,0.3956043956043956,4073.403117175072,1529.8638468154486,13.89665809709054,1.352112676056338,"hbonds/salt bridges NOT COMPUTABLE: binder_side_chains=False, target_side_chains=True",opus_4_8_single_target_latent_gdf8_rank18,3920,
opus_4_8_single_target_latent_gdf8_rank19,Axp,"Bxp,Cxp",False,True,80,483,9,2,4,4.377304764349861,0,136.91489680037023,67.59396117069822,0.5269395227779754,,,0.3333333333333333,0.16666666666666666,3910.2480404173957,1274.4192544238495,17.922269867774286,0.1125,"hbonds/salt bridges NOT COMPUTABLE: binder_side_chains=False, target_side_chains=True",opus_4_8_single_target_latent_gdf8_rank19,3657,
opus_4_8_single_target_latent_gdf8_rank20,Axp,"Bxp,Cxp",False,True,96,483,1426,30,39,0.30592542789913896,105,2020.7830744640503,1019.4399865406407,0.37798035760941656,,,0.3592233009708738,0.5194174757281553,4555.092113402752,1445.428599656568,21.489431635057645,14.854166666666666,"hbonds/salt bridges NOT COMPUTABLE: binder_side_chains=False, target_side_chains=True",opus_4_8_single_target_latent_gdf8_rank20,3721,
opus_4_8_single_target_latent_gdf8_rank21,Axp,"Bxp,Cxp",False,True,83,483,22,2,3,3.094983844868981,0,116.11616020555942,52.910703471759284,0.0,,,0.0,0.6,4396.7670850998875,1148.7677185370158,18.543602479565656,0.26506024096385544,"hbonds/salt bridges NOT COMPUTABLE: binder_side_chains=False, target_side_chains=True",opus_4_8_single_target_latent_gdf8_rank21,3669,
opus_4_8_single_target_latent_gdf8_rank22,Axp,"Bxp,Cxp",False,False,94,581,11,1,2,2.699872034004575,0,91.08635394309087,46.32805608920012,0.10055499602563404,,,0.0,0.7272727272727273,5421.597511929248,1650.245962026219,21.534250388645,0.11702127659574468,"hbonds/salt bridges NOT COMPUTABLE: binder_side_chains=False, target_side_chains=False",opus_4_8_single_target_latent_gdf8_rank22,979,
opus_4_8_single_target_latent_gdf8_rank23,Axp,"Bxp,Cxp",False,True,79,483,19,2,3,3.5012914760128147,0,109.41150975525304,55.56003587472854,1.0,,,0.6,0.2,4216.176087160197,984.590790961915,17.706136513701352,0.24050632911392406,"hbonds/salt bridges NOT COMPUTABLE: binder_side_chains=False, target_side_chains=True",opus_4_8_single_target_latent_gdf8_rank23,3653,
opus_4_8_single_target_latent_gdf8_rank24,Axp,"Bxp,Cxp",False,True,97,660,972,31,37,0.7032794608119869,25,1851.9549779880144,944.2586829976668,0.17449070619182613,,,0.39466666666666667,0.17866666666666667,4710.859871626497,1654.3675813376453,12.007481500580154,10.02061855670103,"hbonds/salt bridges NOT COMPUTABLE: binder_side_chains=False, target_side_chains=True",opus_4_8_single_target_latent_gdf8_rank24,5502,
opus_4_8_single_target_latent_gdf8_rank25,Axp,"Bxp,Cxp",True,True,77,704,478,25,26,2.5415817909325704,0,1759.781455418501,869.4444130903217,0.5262240273389214,11.0,2.0,0.4621212121212121,0.2297979797979798,5341.489631082406,1832.6225865938159,13.318771928623619,6.207792207792208,,opus_4_8_single_target_latent_gdf8_rank25,6218,
opus_4_8_single_target_latent_gdf8_rank26,Axp,"Bxp,Cxp",True,True,70,704,472,29,23,1.9992020908352435,1,1811.0505401377745,934.9379873674206,0.47249078902976294,16.0,6.0,0.3491271820448878,0.341645885286783,4829.642683971916,1977.1872888238743,15.033741659456952,6.742857142857143,,opus_4_8_single_target_latent_gdf8_rank26,6159,
opus_4_8_single_target_latent_gdf8_rank27,Axp,"Bxp,Cxp",True,True,70,704,469,31,23,1.7074765005703563,6,1734.7175560461917,944.9450117196882,0.5093915308198705,21.0,6.0,0.43478260869565216,0.3357487922705314,5038.393784753211,1464.34550859278,15.295445977482668,6.7,,opus_4_8_single_target_latent_gdf8_rank27,6185,
opus_4_8_single_target_latent_gdf8_rank28,Axp,"Bxp,Cxp",True,True,77,704,588,25,25,2.662406993680716,0,2198.5085711080073,1107.7068840090212,0.4548545739852673,18.0,8.0,0.40601503759398494,0.3558897243107769,6009.193967420957,1132.911130618355,13.523580165936881,7.636363636363637,,opus_4_8_single_target_latent_gdf8_rank28,6253,
opus_4_8_single_target_latent_gdf8_rank29,Axp,"Bxp,Cxp",False,True,70,704,142,18,19,2.14470720612395,1,845.9790653329469,476.3497365810182,0.6853564203719711,,,0.3495575221238938,0.3141592920353982,3884.5206230175504,1750.9540717894592,14.631077218274278,2.0285714285714285,"hbonds/salt bridges NOT COMPUTABLE: binder_side_chains=False, target_side_chains=True",opus_4_8_single_target_latent_gdf8_rank29,5906,
opus_4_8_single_target_latent_gdf8_rank30,Axp,"Bxp,Cxp",True,True,69,704,322,22,16,1.7686927375889803,1,1433.0411632324785,763.1339831025256,0.37203923228151864,8.0,4.0,0.34494773519163763,0.34494773519163763,4507.326724038141,842.3339709906761,11.332292632354699,4.666666666666667,,opus_4_8_single_target_latent_gdf8_rank30,6160,
